,date,month,leadtime,CRPS,CRPS_ref,CRPSS,count
0,2011_1,1,1,0.1824745806451609,0.2330433293508556,0.21699290362249124,1.0
1,2011_2,2,1,1.3216914285714263,1.4996522045855376,0.11866803214102217,1.0
2,2011_3,3,1,5.144364387096776,10.542166786140989,0.5120202050057021,1.0
3,2011_4,4,1,4.4947282666666695,5.36734032921809,0.1625781129996915,1.0
4,2011_5,5,1,54.3447649032258,24.853495977698078,-1.186604450013442,0.0
5,2011_6,6,1,131.83230933333337,117.649612345679,-0.12055030785807141,0.0
6,2011_7,7,1,465.3992449032259,349.4687982477103,-0.3317333256554189,0.0
7,2011_8,8,1,61.10788903225814,51.39237817602544,-0.1890457534958947,0.0
8,2011_9,9,1,34.452387466666686,30.39197654320987,-0.1336014101512586,0.0
9,2011_10,10,1,9.811304774193552,14.867980884109924,0.3401050989593798,1.0
10,2011_11,11,1,20.73568933333332,3.6782899588477385,-4.637317765951487,0.0
11,2011_12,12,1,9.620072516129031,7.354511429709266,-0.3080505221961871,0.0
12,2012_1,1,1,0.6923811612903215,1.1796711270410205,0.41307272389803484,1.0
13,2012_2,2,1,0.5950689655172421,0.97036177096637,0.38675555517338545,1.0
14,2012_3,3,1,2.9131927741935515,2.6136393468737573,-0.11461161528582653,0.0
15,2012_4,4,1,21.6295989333333,43.510827983539045,0.5028915804241607,1.0
16,2012_5,5,1,3.2288859354838726,17.828380485862205,0.8188906761304338,1.0
17,2012_6,6,1,22.93198720000001,26.37147275720164,0.13042447757349318,1.0
18,2012_7,7,1,20.79993987096772,32.75501354042214,0.3649845436546978,1.0
19,2012_8,8,1,23.848703999999977,26.419171485463927,0.09729553732895246,1.0
20,2012_9,9,1,30.66929999999997,26.3606790946502,-0.16344878255523354,0.0
21,2012_10,10,1,4.143112000000001,4.175230187176421,0.007692554838069965,1.0
22,2012_11,11,1,2.839037600000004,4.340750041152271,0.34595690305024585,1.0
23,2012_12,12,1,4.5976655483870985,3.1698078853046647,-0.4504555842964584,0.0
24,2013_1,1,1,3.048524903225809,4.414647550776585,0.30945225679691235,1.0
25,2013_2,2,1,9.781590571428575,12.697060582010586,0.22961771283604793,1.0
26,2013_3,3,1,2.784099354838709,8.57989812823578,0.6755090429714481,1.0
27,2013_4,4,1,4.593696000000001,5.6559871604938365,0.18781710961329057,1.0
28,2013_5,5,1,4.273340129032274,8.943494623655916,0.5221845253052301,1.0
29,2013_6,6,1,41.15308080000001,26.967303127572013,-0.5260362004061179,0.0
30,2013_7,7,1,221.1522291612904,237.7904925527679,0.0699702633728525,1.0
31,2013_8,8,1,27.65699999999999,80.0262168857029,0.6544007566982583,1.0
32,2013_9,9,1,13.50515786666668,22.38869942386834,0.3967868516619154,1.0
33,2013_10,10,1,20.326928516129005,11.85480047789724,-0.7146580032306475,0.0
34,2013_11,11,1,1.9448250666666635,3.0348864197530885,0.35917698467776926,1.0
35,2013_12,12,1,2.2831295483871026,1.3078044603743484,-0.7457728716826484,0.0
36,2014_1,1,1,1.8721238709677424,3.172554042214256,0.40990008489780994,1.0
37,2014_2,2,1,1.9755862857142892,2.5342860670194014,0.2204564782862909,1.0
38,2014_3,3,1,5.138680258064522,3.1006252489048194,-0.657304525878956,0.0
39,2014_4,4,1,3.9303794666666736,5.564362880658431,0.29365148338391756,1.0
40,2014_5,5,1,7.292643870967762,14.211707128634025,0.4868565890810963,1.0
41,2014_6,6,1,21.85891493333333,24.480959588477365,0.10710546887133343,1.0
42,2014_7,7,1,131.15860748387098,129.7693978494624,-0.010705217543045986,0.0
43,2014_8,8,1,55.16278064516131,39.20689374751092,-0.40696636158949384,0.0
44,2014_9,9,1,21.79020453333333,17.622289794238668,-0.23651380086016394,0.0
45,2014_10,10,1,3.6740598709677466,4.358325448028685,0.1570019460961638,1.0
46,2014_11,11,1,2.811565066666664,6.499129629629623,0.5673936008525358,1.0
47,2014_12,12,1,5.858335741935484,5.034850896057348,-0.16355694793722386,0.0
48,2015_1,1,1,2.3999078709677413,0.5154626045400228,-3.6558331289799737,0.0
49,2015_2,2,1,2.69163142857143,0.9182763668430328,-1.93117793919173,0.0
50,2015_3,3,1,8.60557858064516,11.076326164874548,0.22306562189046664,1.0
51,2015_4,4,1,5.600501066666672,16.057326172839517,0.6512183282332678,1.0
52,2015_5,5,1,12.22707896774193,21.100147909199517,0.4205216465610173,1.0
53,2015_6,6,1,24.71592533333333,21.773807901234598,-0.1351218604225819,0.0
54,2015_7,7,1,16.790316129032277,51.01688259657512,0.670887061802568,1.0
55,2015_8,8,1,28.058284903225832,52.29918534448428,0.46350436018436003,1.0
56,2015_9,9,1,30.95166666666668,38.89049942386831,0.20413295984389768,1.0
57,2015_10,10,1,4.213060645161291,4.055117323775388,-0.038949137293728286,0.0
58,2015_11,11,1,7.749484800000005,31.32079028806585,0.752576971119634,1.0
59,2015_12,12,1,1.6261548387096765,11.87846833930705,0.8631006294533305,1.0
60,2016_1,1,1,2.853942967741933,2.85630481879729,0.000826890407429226,1.0
61,2016_2,2,1,4.477978482758622,8.609439421030226,0.47987571968735954,1.0
62,2016_3,3,1,4.684137290322587,5.607728395061732,0.16469968580369831,1.0
63,2016_4,4,1,18.219399733333333,20.434815555555552,0.10841379097350945,1.0
64,2016_5,5,1,14.637772903225802,8.765911748307467,-0.6698517306031608,0.0
65,2016_6,6,1,27.050226399999985,29.869256378600813,0.09437898094511854,1.0
66,2016_7,7,1,39.43542606451608,85.26196288331334,0.5374792611977972,1.0
67,2016_8,8,1,33.43441058064512,99.67893118279572,0.6645789618336537,1.0
68,2016_9,9,1,26.786948000000017,42.944214567901206,0.37623849290232425,1.0
69,2016_10,10,1,19.34836851612902,7.891153962564722,-1.4519060973739464,0.0
70,2016_11,11,1,4.055768533333333,5.144741234567901,0.21166714740047166,1.0
71,2016_12,12,1,14.952380903225803,20.47740215053763,0.2698106530650308,1.0
72,2017_1,1,1,6.770150674058355,2.771856869772998,-1.4424604126881913,0.0
73,2017_2,2,1,2.131247446037237,1.840661111111112,-0.1578706330959061,0.0
74,2017_3,3,1,13.296670548548342,12.283767821585013,-0.0824586349787122,0.0
75,2017_4,4,1,6.347035371011151,5.208584855967068,-0.21857194353661136,0.0
76,2017_5,5,1,11.81639792387544,19.86124022301871,0.40505236374007936,1.0
77,2017_6,6,1,24.35039942329875,24.255228724279824,-0.003923718885555427,0.0
78,2017_7,7,1,39.07389231188994,88.59075547590608,0.5589393938229049,1.0
79,2017_8,8,1,86.77133268842015,62.224210115491935,-0.39449472363517746,0.0
80,2017_9,9,1,11.69363945918235,41.80258411522632,0.7202651532989077,1.0
81,2017_10,10,1,6.40686026466248,4.050838391079251,-0.5816133960741696,0.0
82,2017_11,11,1,7.991636268102008,5.09065975308642,-0.569862582793272,0.0
83,2017_12,12,1,0.709129739182201,0.8028618080446026,0.11674745008819043,1.0
84,2018_1,1,1,1.0810520891468525,1.51678972520908,0.2872762313854439,1.0
85,2018_2,2,1,1.1774980227385066,1.288819047619048,0.08637444107161107,1.0
86,2018_3,3,1,10.96255503466408,2.281303942652336,-3.8053899481357885,0.0
87,2018_4,4,1,12.987457682942496,43.60733539094651,0.7021726375503587,1.0
88,2018_5,5,1,95.37686662697968,87.36044133811234,-0.09176264641156351,0.0
89,2018_6,6,1,12.902531090606177,24.490188559670777,0.47315509396063116,1.0
90,2018_7,7,1,21.950108209001503,25.564014416567147,0.1413669288663676,1.0
91,2018_8,8,1,52.05956164502488,27.336875109518168,-0.9043713459004228,0.0
92,2018_9,9,1,22.96654822504163,26.627088395061776,0.13747429368578745,1.0
93,2018_10,10,1,12.477425493916725,18.881290402230174,0.3391645788974812,1.0
94,2018_11,11,1,15.185467089580944,11.58706197530864,-0.31055371257531017,0.0
95,2018_12,12,1,2.2616175540424885,5.340666905615292,0.5765290002144534,1.0
96,2019_1,1,1,1.1361369076409829,3.4292239745121456,0.6686897921846549,1.0
97,2019_2,2,1,1.5420443373427817,4.0427512345679,0.6185656133977783,1.0
98,2019_3,3,1,10.85105888554029,5.464517483074473,-0.9857304728459237,0.0
99,2019_4,4,1,10.397485749070873,10.465556131687244,0.006504229852656418,1.0
100,2019_5,5,1,9.044869442274068,24.928065949820784,0.6371612037419576,1.0
101,2019_6,6,1,16.089688337818803,15.8313637037037,-0.016317269879578822,0.0
102,2019_7,7,1,41.03818712405897,75.82933906810035,0.45880858743601016,1.0
103,2019_8,8,1,17.366323237960593,45.47176113102349,0.6180855369133202,1.0
104,2019_9,9,1,17.065118415993858,20.09695539094649,0.1508605117528623,1.0
105,2019_10,10,1,36.50876729793754,12.651993628036646,-1.8856137910972866,0.0
106,2019_11,11,1,7.630537549660387,4.679222139917703,-0.6307277836983798,0.0
107,2019_12,12,1,5.824373739628688,2.6775726802070965,-1.1752439374225325,0.0
108,2020_1,1,1,14.72340222743112,42.308563679808834,0.6519994784304707,1.0
109,2020_2,2,1,12.759685704437292,2.711603320561941,-3.7055871364669333,0.0
110,2020_3,3,1,12.552292182907353,4.477502110712874,-1.803414018024633,0.0
111,2020_4,4,1,4.010458169934648,5.307826748971186,0.2444255700862893,1.0
112,2020_5,5,1,39.86982687799978,22.4441332536838,-0.7764030549700942,0.0
113,2020_6,6,1,14.315166038703062,17.735763127572024,0.19286438729841293,1.0
114,2020_7,7,1,51.37631135667429,32.90982070888096,-0.5611240125294885,0.0
115,2020_8,8,1,112.20260830201768,285.02018972520904,0.6063345252482171,1.0
116,2020_9,9,1,84.89293528130207,131.95167967078194,0.3566361906638168,1.0
117,2020_10,10,1,5.364859408912203,8.410997610513752,0.36216134430877434,1.0
118,2020_11,11,1,4.542407727797002,3.6251890534979374,-0.2530126458960926,0.0
119,2020_12,12,1,0.3061486401012022,0.7143991238550387,0.5714599446186837,1.0
120,2011_1,1,2,0.9579020645161314,1.3004309210900624,0.2633964257684772,1.0
121,2011_2,2,2,9.453420866359446,4.376284951925803,-1.1601474698761165,0.0
122,2011_3,3,2,16.14442806881721,8.716468140183174,-0.8521754234826973,0.0
123,2011_4,4,2,70.4055877419355,49.34667053497941,-0.42675457084847235,0.0
124,2011_5,5,2,166.85135162150533,143.1739645453338,-0.16537494893964788,0.0
125,2011_6,6,2,624.2590202494624,513.259605761317,-0.21626368652857497,0.0
126,2011_7,7,2,470.90970064516137,252.6411816806053,-0.8639467149124407,0.0
127,2011_8,8,2,127.71284995268825,117.91959020576115,-0.08305032039068805,0.0
128,2011_9,9,2,57.136455303225794,47.42276133014734,-0.20483189296915372,0.0
129,2011_10,10,2,16.5484535483871,20.45560964024958,0.19100658257451997,1.0
130,2011_11,11,2,25.10505003870967,3.933442657639711,-5.382462444177113,0.0
131,2011_12,12,2,14.262409806451608,6.217068578255671,-1.294073103252341,0.0
132,2012_1,1,2,2.975051265850944,1.6833578873645605,-0.7673314083606066,0.0
133,2012_2,2,2,8.258184800889879,9.65343969843035,0.1445344810894028,1.0
134,2012_3,3,2,29.418531578494616,38.60148699853975,0.23789123513279464,1.0
135,2012_4,4,2,12.826929634408591,16.949040069029547,0.24320612954082044,1.0
136,2012_5,5,2,30.54166806021505,57.03688947829554,0.46452781104346197,1.0
137,2012_6,6,2,24.10904204731181,55.11540002654979,0.5625715855151523,1.0
138,2012_7,7,2,31.5966005161291,57.21089788928704,0.4477171014292771,1.0
139,2012_8,8,2,33.6947624,38.806314071419024,0.13171958723035992,1.0
140,2012_9,9,2,23.60773748817201,22.86063916898982,-0.032680552527840856,0.0
141,2012_10,10,2,7.704852378494623,7.996816909597769,0.03651009325382082,1.0
142,2012_11,11,2,3.92006927311828,7.209074379397327,0.4562312625985149,1.0
143,2012_12,12,2,4.252451612903231,7.649524492234166,0.44408941794743706,1.0
144,2013_1,1,2,10.929393004608302,16.818330519997726,0.35014994552445144,1.0
145,2013_2,2,2,13.02291352073732,24.773591133299192,0.4743227394581203,1.0
146,2013_3,3,2,6.656302898924748,10.714895616620222,0.37878042520545496,1.0
147,2013_4,4,2,8.084749092473182,14.533814390017266,0.4437283375501002,1.0
148,2013_5,5,2,23.30094304516128,32.25600714456393,0.27762469357314234,1.0
149,2013_6,6,2,202.13170289032269,177.99625099429193,-0.13559528226695483,0.0
150,2013_7,7,2,153.4419816774194,112.4704180804462,-0.3642874659509816,0.0
151,2013_8,8,2,60.90911683440858,120.23769771936816,0.49342745254014286,1.0
152,2013_9,9,2,13.622360103225802,29.11083192884641,0.5320518446012813,1.0
153,2013_10,10,2,27.625279621505367,18.349255637860068,-0.5055259007077133,0.0
154,2013_11,11,2,3.724443630107525,4.140911987256079,0.10057406639654776,1.0
155,2013_12,12,2,2.841983225806445,1.93139968140183,-0.47146302920776306,0.0
156,2014_1,1,2,3.975648073732722,4.649250304375036,0.1448840536738667,1.0
157,2014_2,2,2,12.60252943778802,4.30806856687718,-1.9253316752391672,0.0
158,2014_3,3,2,22.31012315698925,10.895889316341451,-1.0475724843798608,0.0
159,2014_4,4,2,10.545826021505404,17.831585607327764,0.40858730941057364,1.0
160,2014_5,5,2,37.55083696344087,52.98372711801406,0.29127603877693464,1.0
161,2014_6,6,2,186.01946997849464,164.02631215982996,-0.13408310855171934,0.0
162,2014_7,7,2,138.0942670967741,202.9047000398249,0.319413167513272,1.0
163,2014_8,8,2,56.72742115268813,59.27750493827155,0.043019418382047925,1.0
164,2014_9,9,2,16.225614391397823,20.669389149077357,0.21499303756046884,1.0
165,2014_10,10,2,3.843269324731189,9.099559779636277,0.5776422796483007,1.0
166,2014_11,11,2,5.442362589247308,7.288216962697476,0.2532655631545565,1.0
167,2014_12,12,2,10.054846967741938,4.984777220230983,-1.017110599633983,0.0
168,2015_1,1,2,7.920570396313366,1.3456751436536392,-4.885945381147671,0.0
169,2015_2,2,2,17.808334875576044,9.54401905330831,-0.8659156877314718,0.0
170,2015_3,3,2,10.993936283870958,7.121888355236965,-0.5436827615792019,0.0
171,2015_4,4,2,24.582852619354817,14.870550566839242,-0.653123232314857,0.0
172,2015_5,5,2,41.31820519569894,61.13852944643565,0.3241871276622965,1.0
173,2015_6,6,2,150.99079299784944,84.91870097968945,-0.7780629149515945,0.0
174,2015_7,7,2,32.21628464516125,133.19508857029075,0.7581270826802309,1.0
175,2015_8,8,2,69.58052703655926,118.74500813487327,0.4140340875843125,1.0
176,2015_9,9,2,52.09701668817206,59.714678752157226,0.1275676638168295,1.0
177,2015_10,10,2,16.039733109677417,19.725396798088397,0.18684864624716502,1.0
178,2015_11,11,2,11.899049565591431,50.33256065312625,0.7635914125729593,1.0
179,2015_12,12,2,2.4465602580645145,14.41266770211073,0.8302493120197161,1.0
180,2016_1,1,2,2.914487145717453,8.462588030596411,0.6556033290076095,1.0
181,2016_2,2,2,13.846884164627363,15.897746077260065,0.12900331296435963,1.0
182,2016_3,3,2,9.955483569892492,15.138485243594854,0.3423725419222712,1.0
183,2016_4,4,2,11.844656713978472,12.390200045134744,0.04403022785499666,1.0
184,2016_5,5,2,45.21558899784944,42.0875319129165,-0.0743226543054416,0.0
185,2016_6,6,2,43.68878514408597,48.57278141245183,0.10055006376706754,1.0
186,2016_7,7,2,49.05928645161296,32.341114058144115,-0.5169324830125599,0.0
187,2016_8,8,2,76.13616921290324,159.8397816567105,0.5236719643647809,1.0
188,2016_9,9,2,12.178516292473102,41.7746927731316,0.7084714336832656,1.0
189,2016_10,10,2,23.40479538924732,6.449306151599615,-2.6290408361901463,0.0
190,2016_11,11,2,5.137420387096766,6.396339461038094,0.19681867755921323,1.0
191,2016_12,12,2,17.06747483870968,29.386213859020305,0.4192012989291338,1.0
192,2017_1,1,2,7.469495295588198,3.3025229419127298,-1.2617542487871631,0.0
193,2017_2,2,2,14.58366922372996,11.002639594356276,-0.32547004731578655,0.0
194,2017_3,3,2,14.96050008061414,11.186926425063032,-0.33731996726972735,0.0
195,2017_4,4,2,32.88225416196419,27.46422752157172,-0.19727577031383436,0.0
196,2017_5,5,2,49.55326880190829,60.25864169653522,0.1776570562034835,1.0
197,2017_6,6,2,38.77505119743042,50.731405912650985,0.23567954603519048,1.0
198,2017_7,7,2,117.8737823541816,140.0248410195141,0.1581937783614087,1.0
199,2017_8,8,2,29.77074141335228,38.85879205894075,0.2338737300892878,1.0
200,2017_9,9,2,16.598810688610232,56.92576472321789,0.7084130398719053,1.0
201,2017_10,10,2,12.241990994365295,12.234996702508962,-0.0005716627496024085,0.0
202,2017_11,11,2,11.83035805996866,6.445065668392395,-0.8355682732584986,0.0
203,2017_12,12,2,1.5313062345747903,1.350438470728795,-0.1339326209719025,0.0
204,2018_1,1,2,1.3380326070972337,1.8165454912670005,0.2634191582155284,1.0
205,2018_2,2,2,3.207851436969463,4.423698173749787,0.2748484840116704,1.0
206,2018_3,3,2,8.714547439157009,27.895858874286493,0.6876042613195968,1.0
207,2018_4,4,2,103.41851018880251,132.7149754599761,0.2207472455134406,1.0
208,2018_5,5,2,32.40715928241002,39.90509135005971,0.18789412112543558,1.0
209,2018_6,6,2,21.94223577656235,51.27947243594849,0.5721048845818436,1.0
210,2018_7,7,2,31.892278032022432,39.032915332536746,0.18293886684303284,1.0
211,2018_8,8,2,46.37299083396369,38.34593913181989,-0.20933251040089562,0.0
212,2018_9,9,2,15.381301646595809,23.27711377140581,0.3392092422776837,1.0
213,2018_10,10,2,30.812089808717083,33.993740297358286,0.09359518725535643,1.0
214,2018_11,11,2,13.022605090267197,14.904189733174038,0.12624534956897204,1.0
215,2018_12,12,2,1.676551822500027,8.309006610911986,0.7982247576625756,1.0
216,2019_1,1,2,2.772533235621892,5.005979641008133,0.4461557108802897,1.0
217,2019_2,2,2,9.482693553259384,3.912018026398132,-1.4239902498584032,0.0
218,2019_3,3,2,20.39338976613629,15.112925556883066,-0.34940053065028676,0.0
219,2019_4,4,2,32.36744156341851,39.124877554759024,0.1727145594739008,1.0
220,2019_5,5,2,20.63522929931828,57.48203882915174,0.641014311259029,1.0
221,2019_6,6,2,116.2406019334995,103.97812559936288,-0.11793323127775013,0.0
222,2019_7,7,2,54.19657572149675,141.99509621664657,0.6183207930025467,1.0
223,2019_8,8,2,27.52854528489882,61.48693100756671,0.5522862365416954,1.0
224,2019_9,9,2,14.181732778542582,22.985805145360445,0.38302214393368406,1.0
225,2019_10,10,2,34.279129270793305,11.47388894995353,-1.9875772216648602,0.0
226,2019_11,11,2,4.006389155122316,6.138560029204838,0.3473405593394048,1.0
227,2019_12,12,2,16.159612555964824,35.26655770609318,0.5417865080386668,1.0
228,2020_1,1,2,17.489501424753612,55.80209704060753,0.6865798535845993,1.0
229,2020_2,2,2,12.021302049053608,5.089065051703521,-1.362182822762224,0.0
230,2020_3,3,2,31.67930678316449,13.008123857692803,-1.4353478741232801,0.0
231,2020_4,4,2,21.59303142918564,15.596504476304268,-0.3844789043591068,0.0
232,2020_5,5,2,13.304383202490392,14.436804200185804,0.07843986674563597,1.0
233,2020_6,6,2,54.59467001029374,48.12663082437268,-0.13439625993194304,0.0
234,2020_7,7,2,252.21997121454524,206.6632580645159,-0.220439344548645,0.0
235,2020_8,8,2,272.47851828949183,436.375249552635,0.3755866801134288,1.0
236,2020_9,9,2,72.26181273455622,111.44054746316208,0.3515662442483678,1.0
237,2020_10,10,2,4.709940110296699,13.783215863533798,0.6582843831998764,1.0
238,2020_11,11,2,4.284926233086534,4.148648312757205,-0.03284875218520478,0.0
239,2020_12,12,2,1.728343242673409,0.8004232576662671,-1.1592866350643125,0.0
240,2011_1,1,3,6.991821105990781,8.978286800933045,0.22125219866398405,1.0
241,2011_2,2,3,14.32791549615974,7.824896002351569,-0.8310678495731902,0.0
242,2011_3,3,3,46.43612437849459,38.24122240541607,-0.21429497954327648,0.0
243,2011_4,4,3,215.50918359569883,175.67159270144683,-0.22677309564760328,0.0
244,2011_5,5,3,621.0572204215056,547.7560708509227,-0.13382078898132832,0.0
245,2011_6,6,3,596.3159551311828,422.26352823576286,-0.4121891076471116,0.0
246,2011_7,7,3,394.14120420645145,154.43895832470457,-1.5520840627387429,0.0
247,2011_8,8,3,141.73255644731177,136.27459163414295,-0.04005122853585097,0.0
248,2011_9,9,3,72.09498776774197,53.966877950351744,-0.3359117759983754,0.0
249,2011_10,10,3,18.597334632258057,16.649730123456795,-0.1169751397986567,0.0
250,2011_11,11,3,30.664280886021515,3.78933051639452,-7.092268740705688,0.0
251,2011_12,12,3,22.8362483025584,8.46405033027095,-1.698028415649481,0.0
252,2012_1,1,3,15.622191928809787,13.492460824784713,-0.15784600983335118,0.0
253,2012_2,2,3,19.126918069558823,24.22258363174445,0.21036837521772855,1.0
254,2012_3,3,3,18.207544653763478,15.945043366520672,-0.14189370547547786,0.0
255,2012_4,4,3,24.27277782365592,20.48828649940261,-0.18471487717450952,0.0
256,2012_5,5,3,40.21899401290327,79.61754711270417,0.49484761247454045,1.0
257,2012_6,6,3,37.03625360860213,84.71248108323363,0.5628005090275607,1.0
258,2012_7,7,3,40.81036905806444,55.313050601354405,0.26219276256903556,1.0
259,2012_8,8,3,32.02626161720434,40.71314616487459,0.2133680485534396,1.0
260,2012_9,9,3,28.18946274408604,26.482785514403247,-0.06444477786351355,0.0
261,2012_10,10,3,8.06308816344086,10.783226297623784,0.25225642670434734,1.0
262,2012_11,11,3,4.044737574193546,10.638192149210138,0.6197908895174582,1.0
263,2012_12,12,3,14.73926987096774,24.53581746885134,0.39927536999003566,1.0
264,2013_1,1,3,22.790078516129043,28.370382639244504,0.1966947077899568,1.0
265,2013_2,2,3,4.377122390783478,22.205980911608,0.8028854294612415,1.0
266,2013_3,3,3,5.945706202150504,12.925398030001285,0.539998212174986,1.0
267,2013_4,4,3,25.681888077419384,32.775854504181645,0.21643879416956746,1.0
268,2013_5,5,3,187.2352427440861,169.19433644763035,-0.1066283108243391,0.0
269,2013_6,6,3,116.15920733763436,76.8239376423734,-0.5120184008059099,0.0
270,2013_7,7,3,102.0743468215052,73.6913034859951,-0.38516136901967335,0.0
271,2013_8,8,3,62.820659716128986,125.40150377804338,0.4990438086985023,1.0
272,2013_9,9,3,13.281728653763428,33.00019608655244,0.5975257656370192,1.0
273,2013_10,10,3,28.935200946236552,15.88476756139652,-0.8215690493674868,0.0
274,2013_11,11,3,4.239896120430117,5.032326042745263,0.15746792151067668,1.0
275,2013_12,12,3,2.873620940092172,3.9169925812140702,0.2663705941455997,1.0
276,2014_1,1,3,9.629360368663605,5.25843250839165,-0.8312225845433265,0.0
277,2014_2,2,3,30.78703252473114,10.762640835561625,-1.8605463096943144,0.0
278,2014_3,3,3,37.40298476559137,30.777941932828824,-0.21525295119541576,0.0
279,2014_4,4,3,36.67446807741933,50.94036893667857,0.28005099211182527,1.0
280,2014_5,5,3,143.19829485591396,201.7288673543077,0.2901447535299607,1.0
281,2014_6,6,3,206.92677363440853,244.4777516235233,0.1535967086565011,1.0
282,2014_7,7,3,151.00586732903224,218.52340532324425,0.30897165406304505,1.0
283,2014_8,8,3,65.52734555698926,67.0769485702908,0.023101871005322905,1.0
284,2014_9,9,3,12.274205298924755,25.045540161954044,0.5099245127254175,1.0
285,2014_10,10,3,5.843274589247326,9.952947779105289,0.41291015295846334,1.0
286,2014_11,11,3,11.20996529032257,7.80651974777645,-0.43597475603844216,0.0
287,2014_12,12,3,13.26166287557604,4.727284701598682,-1.8053446561175348,0.0
288,2015_1,1,3,24.31365847004608,10.761312954429082,-1.259357995906921,0.0
289,2015_2,2,3,21.974663547772646,8.371140193813904,-1.6250502367660093,0.0
290,2015_3,3,3,33.49567744516127,28.525036986592347,-0.17425535542356285,0.0
291,2015_4,4,3,57.80128248602151,42.24579032789062,-0.3682140170037529,0.0
292,2015_5,5,3,114.63548304516132,130.4829469109253,0.12145237550913313,1.0
293,2015_6,6,3,200.93453111397864,174.716006488783,-0.15006366704517649,0.0
294,2015_7,7,3,67.11201696344078,202.78757290322596,0.6690526149969362,1.0
295,2015_8,8,3,93.83862303655914,139.7020802177086,0.32829473340466286,1.0
296,2015_9,9,3,26.469556645161283,32.77785594052835,0.19245612973626913,1.0
297,2015_10,10,3,22.0141087827957,34.32153304128501,0.35859191498482423,1.0
298,2015_11,11,3,8.744616172042996,54.56690215319264,0.8397450500764526,1.0
299,2015_12,12,3,4.4000389677419545,21.246330103407075,0.7929035769317939,1.0
300,2016_1,1,3,4.051470816462748,10.272738524286224,0.6056094675354102,1.0
301,2016_2,2,3,13.14725562714126,24.56413325963462,0.4647783624938363,1.0
302,2016_3,3,3,20.968168490322583,12.981811408469415,-0.615195894514599,0.0
303,2016_4,4,3,28.59576677849465,25.97571327757865,-0.10086550744219758,0.0
304,2016_5,5,3,42.52685132903228,42.87744485065697,0.008176642121418665,1.0
305,2016_6,6,3,68.77087018494629,58.29654605336509,-0.1796731511673595,0.0
306,2016_7,7,3,92.08697413333324,69.09697421213328,-0.3327207910815142,0.0
307,2016_8,8,3,69.14976098924737,158.73420572149223,0.5643676126708671,1.0
308,2016_9,9,3,13.958760249462395,47.65170638789317,0.7070669382574537,1.0
309,2016_10,10,3,11.267424688172047,12.032518045931212,0.0635854735341852,1.0
310,2016_11,11,3,7.1798837849462345,12.12410412850126,0.4078008808858864,1.0
311,2016_12,12,3,13.240673336405523,30.929294910963183,0.5719051024434365,1.0
312,2017_1,1,3,19.52487158917961,11.150900975706882,-0.7509680725993428,0.0
313,2017_2,2,3,20.584348286963955,13.21895058106237,-0.557184752354952,0.0
314,2017_3,3,3,42.04531130293147,40.8852067967609,-0.028374676247509667,0.0
315,2017_4,4,3,67.33441954211163,68.98772156909602,0.023965163501283304,1.0
316,2017_5,5,3,33.86632099109932,35.88160260454012,0.05616476041083529,1.0
317,2017_6,6,3,108.5300018797566,90.70612595513084,-0.1965013469260346,0.0
318,2017_7,7,3,67.0492983893707,74.54335659896478,0.10053287846845027,1.0
319,2017_8,8,3,24.921137143695702,40.44724558343282,0.38386071080441153,1.0
320,2017_9,9,3,23.471540196285197,69.7886569095977,0.6636768604575729,1.0
321,2017_10,10,3,16.992474452753875,14.027139753086413,-0.21139981149863396,0.0
322,2017_11,11,3,17.78458077414394,6.149116670649146,-1.8922171633257476,0.0
323,2017_12,12,3,4.963052620668759,1.820030175797923,-1.726906776967529,0.0
324,2018_1,1,3,3.5985990783410244,4.970635995903731,0.27602844358214784,1.0
325,2018_2,2,3,23.01303292979009,31.114046279797453,0.26036515074760314,1.0
326,2018_3,3,3,105.83155915590773,114.799507826895,0.0781183546928611,1.0
327,2018_4,4,3,56.1302401102967,77.32301801672637,0.274081100945197,1.0
328,2018_5,5,3,41.32786282736575,33.68383231912932,-0.22693470374198843,0.0
329,2018_6,6,3,30.183600552723817,69.90453447232173,0.5682168434341719,1.0
330,2018_7,7,3,32.02648299537404,68.17006020443365,0.5301972317564259,1.0
331,2018_8,8,3,58.25622910791127,41.0380516766227,-0.4195661520913989,0.0
332,2018_9,9,3,15.54003327711014,21.615168302137302,0.28105888143496227,1.0
333,2018_10,10,3,27.815915454767197,36.66315028541087,0.24131136472918413,1.0
334,2018_11,11,3,7.582729661875261,17.46132024691358,0.5657413325767526,1.0
335,2018_12,12,3,3.47087860792642,9.890162180690671,0.6490574629096695,1.0
336,2019_1,1,3,8.875336508733781,4.492157361893394,-0.9757403389343704,0.0
337,2019_2,2,3,37.113357259467165,8.408460512980966,-3.4138112086239367,0.0
338,2019_3,3,3,51.163704924491405,44.7580287136599,-0.14311792531820178,0.0
339,2019_4,4,3,60.710219504491725,74.68355560865527,0.1871005737512601,1.0
340,2019_5,5,3,125.41303835456176,156.64738056816668,0.1993926875784111,1.0
341,2019_6,6,3,164.1654158181509,176.6337992964289,0.07058888801544372,1.0
342,2019_7,7,3,56.875468331038846,150.124169780964,0.6211438277126062,1.0
343,2019_8,8,3,29.2782996953198,53.83526472852779,0.4561501676835822,1.0
344,2019_9,9,3,14.563515152154087,24.2962387654321,0.4005856094534853,1.0
345,2019_10,10,3,39.7901175548693,12.407070651798747,-2.207051742636818,0.0
346,2019_11,11,3,25.45962717854589,39.610265177220256,0.35724673731324463,1.0
347,2019_12,12,3,16.469469877462203,48.53115189991622,0.6606412740536942,1.0
348,2020_1,1,3,19.97705343627997,58.362974308902935,0.6577101548912563,1.0
349,2020_2,2,3,30.536790996831478,10.017849266171387,-2.0482382181521883,0.0
350,2020_3,3,3,17.09575397841198,12.926214074074068,-0.32256466436686226,0.0
351,2020_4,4,3,12.0915749628968,18.32040084163013,0.3399939735259141,1.0
352,2020_5,5,3,36.557721776984096,32.7875905801141,-0.11498652783460717,0.0
353,2020_6,6,3,204.94474495252055,176.42646234966156,-0.1616440199675846,0.0
354,2020_7,7,3,439.6085727805271,355.15553104473673,-0.23779171195042514,0.0
355,2020_8,8,3,254.18219478695124,419.92307045267495,0.3946934267913784,1.0
356,2020_9,9,3,71.16748522817937,104.91206691889012,0.32164633375109697,1.0
357,2020_10,10,3,8.293021151087457,15.745078547723349,0.47329439316855093,1.0
358,2020_11,11,3,3.69170696837031,4.216510550909337,0.1244639557289492,1.0
359,2020_12,12,3,5.782661719083579,1.2957310519428735,-3.4628564781347286,0.0
360,2011_1,1,4,12.506283286021487,11.056446327966448,-0.13113046588828325,0.0
361,2011_2,2,4,45.49305025253453,49.65754573249126,0.08386430337075379,1.0
362,2011_3,3,4,185.31122636559144,161.5187067011815,-0.1473050406998826,0.0
363,2011_4,4,4,617.2116103655916,584.1897893402361,-0.05652584421690965,0.0
364,2011_5,5,4,625.5805364817205,457.9209886685253,-0.3661320445273557,0.0
365,2011_6,6,4,475.9204636817204,312.03562412584586,-0.5252119530101433,0.0
366,2011_7,7,4,373.8218540129032,136.70594264436468,-1.7344960049424225,0.0
367,2011_8,8,4,146.4559419698925,145.24352584096636,-0.008347471062177814,0.0
368,2011_9,9,4,72.10944748387102,50.83003354307719,-0.41863859725294206,0.0
369,2011_10,10,4,25.04993924301076,15.434897759192886,-0.6229417022274242,0.0
370,2011_11,11,4,39.79017258257325,3.8228837060840366,-9.408418262697358,0.0
371,2011_12,12,4,36.61655554171299,17.250047611200348,-1.122693013202937,0.0
372,2012_1,1,4,10.817596337263604,18.26717103521512,0.4078121720977136,1.0
373,2012_2,2,4,9.812631821431255,12.844317951450368,0.23603325154970778,1.0
374,2012_3,3,4,16.001064860215074,22.458805437408728,0.28753713527600433,1.0
375,2012_4,4,4,42.90813230107528,46.15505430505769,0.07034813527728023,1.0
376,2012_5,5,4,34.90594420645151,116.52535617682167,0.7004433596968938,1.0
377,2012_6,6,4,41.58178457634406,70.51737980884126,0.4103328188162393,1.0
378,2012_7,7,4,42.05551369462371,59.16112104340904,0.28913595697813455,1.0
379,2012_8,8,4,34.73529914838717,40.31183591132367,0.13833497375816717,1.0
380,2012_9,9,4,26.72120364731179,27.981583762113367,0.04504320146839269,1.0
381,2012_10,10,4,7.925088972043007,13.138595420151304,0.3968085081691525,1.0
382,2012_11,11,4,7.221706272811064,24.43357740247672,0.7044351650250351,1.0
383,2012_12,12,4,32.74667982488481,44.6127748051431,0.26597975651786465,1.0
384,2013_1,1,4,11.691933112749624,25.70890683260319,0.5452185816814934,1.0
385,2013_2,2,4,9.43685607926266,15.59045387020915,0.3947029279695973,1.0
386,2013_3,3,4,15.450908843010744,27.03909353776708,0.4285714932924968,1.0
387,2013_4,4,4,182.73250438709664,166.00669374485585,-0.1007538326613957,0.0
388,2013_5,5,4,69.56251032258064,71.73422576131702,0.030274466834874447,1.0
389,2013_6,6,4,90.88298471397847,57.15738220363727,-0.5900480604619964,0.0
390,2013_7,7,4,96.35655234408608,69.34422848267585,-0.38953961205522214,0.0
391,2013_8,8,4,68.82648029247315,133.99670561529257,0.48635692216138915,1.0
392,2013_9,9,4,13.596173677419312,31.521198199920327,0.5686657089877478,1.0
393,2013_10,10,4,34.435698529032194,12.96325049249966,-1.6564092508245651,0.0
394,2013_11,11,4,6.332314009216592,7.392279740949348,0.14338820619315884,1.0
395,2013_12,12,4,7.038440811059903,5.627830346475507,-0.2506490739309166,0.0
396,2014_1,1,4,35.54391144577577,12.892337962488831,-1.7569794981479148,0.0
397,2014_2,2,4,45.81365392688178,28.85416914869808,-0.5877654868793518,0.0
398,2014_3,3,4,70.32257500215053,69.00278878003452,-0.019126563512138484,0.0
399,2014_4,4,4,189.52868715698924,200.72575693083772,0.055782924648312804,1.0
400,2014_5,5,4,157.57506392258068,283.6016997185716,0.4443789861663444,1.0
401,2014_6,6,4,207.131012473118,262.93488964290464,0.2122345849406848,1.0
402,2014_7,7,4,155.26572308817214,231.7739182344353,0.33009838090960886,1.0
403,2014_8,8,4,74.95761938924741,75.93009779370769,0.012807548425689874,1.0
404,2014_9,9,4,10.485379199999985,25.83000734899768,0.5940620899433517,1.0
405,2014_10,10,4,10.170864713978515,10.10784388424268,-0.006234843994185502,0.0
406,2014_11,11,4,15.6940991938556,8.460014848191767,-0.855091211478197,0.0
407,2014_12,12,4,29.623078912442388,15.625394071798365,-0.8958292364547702,0.0
408,2015_1,1,4,22.699068017204308,9.790020767669894,-1.3185924275221814,0.0
409,2015_2,2,4,44.55001007188943,29.552959352183773,-0.5074635856593994,0.0
410,2015_3,3,4,58.46342086021502,65.43998925527683,0.10661017024080954,1.0
411,2015_4,4,4,151.34341086451604,112.44672738882248,-0.34591209881275753,0.0
412,2015_5,5,4,164.27567284301074,226.34781032258064,0.27423343477945517,1.0
413,2015_6,6,4,259.0691542709676,248.5709726589671,-0.042234141419254634,0.0
414,2015_7,7,4,82.85440113548381,229.1700966573743,0.6384589335869719,1.0
415,2015_8,8,4,67.17171924301076,108.7597371352715,0.3823843178338602,1.0
416,2015_9,9,4,23.95462537634408,25.70635760520373,0.06814392983100215,1.0
417,2015_10,10,4,17.739441445161255,37.25461907341031,0.5238324297396346,1.0
418,2015_11,11,4,9.687782626028934,62.62885369477747,0.8453143869877857,1.0
419,2015_12,12,4,7.479023457174632,21.19328705145633,0.6471041307081857,1.0
420,2016_1,1,4,5.347392627956975,17.752645788507586,0.6987833424007884,1.0
421,2016_2,2,4,8.373246381312605,14.908592136026773,0.43836102665398125,1.0
422,2016_3,3,4,34.03061677419359,31.21015674498873,-0.09036994117813024,0.0
423,2016_4,4,4,52.260963440860166,53.533884131156185,0.023777850439123838,1.0
424,2016_5,5,4,49.72776494623659,70.56567573874966,0.2952981116436807,1.0
425,2016_6,6,4,90.4803234580646,107.44201312624436,0.15786831589100792,1.0
426,2016_7,7,4,83.68952783655912,73.05912651798742,-0.14550408450276864,0.0
427,2016_8,8,4,78.85756869677428,167.87292408602133,0.5302543925644249,1.0
428,2016_9,9,4,8.934613720430093,35.34830247444578,0.7472406566937928,1.0
429,2016_10,10,4,9.182753531182792,16.113405994955517,0.4301171624386827,1.0
430,2016_11,11,4,6.609319479569905,14.22001444368589,0.5352100726940795,1.0
431,2016_12,12,4,5.176284009216605,13.550393761734082,0.617997520940367,1.0
432,2017_1,1,4,26.92812718625293,15.845385419392793,-0.6994302425295524,0.0
433,2017_2,2,4,44.80858909148732,42.695024795471326,-0.04950376082789343,0.0
434,2017_3,3,4,79.28175228840851,83.50416942785085,0.05056534504053223,1.0
435,2017_4,4,4,28.03704738582776,33.67702578786678,0.1674725801965269,1.0
436,2017_5,5,4,85.1448472088898,66.41071736891028,-0.2820949777716115,0.0
437,2017_6,6,4,56.616023509568166,55.16296622328439,-0.026341173902835413,0.0
438,2017_7,7,4,59.91263438751865,65.34276044338236,0.083102183302598,1.0
439,2017_8,8,4,23.92341960329576,39.388182001858425,0.3926244272414757,1.0
440,2017_9,9,4,29.579168316156352,73.1000267967609,0.5953603628847504,1.0
441,2017_10,10,4,22.457614045053,13.185511010221706,-0.7032039203974232,0.0
442,2017_11,11,4,24.95643806954788,6.3527363710151565,-2.9284548597693316,0.0
443,2017_12,12,4,8.747820648563025,5.3893370199692505,-0.6231719441833934,0.0
444,2018_1,1,4,14.511603389987645,24.58783837514932,0.409805645840979,1.0
445,2018_2,2,4,135.20774260354784,120.38781361134812,-0.12310157106136477,0.0
446,2018_3,3,4,48.600887007065154,61.9568057188372,0.2155682262313815,1.0
447,2018_4,4,4,64.24220671950003,54.19699193946639,-0.1853463526398904,0.0
448,2018_5,5,4,61.063621778637554,37.68991693349261,-0.6201580355401164,0.0
449,2018_6,6,4,33.639105369316326,102.34023891942118,0.6713012816415009,1.0
450,2018_7,7,4,38.66473074706563,64.16943655383002,0.3974587775189389,1.0
451,2018_8,8,4,68.11498348153938,39.66255853179341,-0.7173623185942122,0.0
452,2018_9,9,4,14.991676228332416,21.845672027080823,0.31374616401142996,1.0
453,2018_10,10,4,21.32818955860647,38.95202475773266,0.4524497842856692,1.0
454,2018_11,11,4,6.332399075476694,19.558543442946288,0.6762336063547488,1.0
455,2018_12,12,4,8.085959250430104,5.867326554588383,-0.3781334949060744,0.0
456,2019_1,1,4,32.87084173058217,12.383157331171384,-1.6544798593359031,0.0
457,2019_2,2,4,68.13841601118202,30.35778917278264,-1.24451179970219,0.0
458,2019_3,3,4,73.21092102541206,78.36869472454532,0.06581420958026785,1.0
459,2019_4,4,4,173.10191005361884,176.43997487322443,0.01891898262853442,1.0
460,2019_5,5,4,137.20980133075392,231.452264874552,0.4071788348879535,1.0
461,2019_6,6,4,170.19318746098497,186.5534042771805,0.08769723007513475,1.0
462,2019_7,7,4,50.1006860016619,140.11675545997605,0.6424361537833851,1.0
463,2019_8,8,4,31.041365692682263,55.04720354971478,0.4360955018423801,1.0
464,2019_9,9,4,17.177716977754628,24.67512068233107,0.30384466204232397,1.0
465,2019_10,10,4,16.16033368762226,40.7647386831276,0.6035707768608616,1.0
466,2019_11,11,4,25.787842117781626,53.92534031420375,0.5217861961088228,1.0
467,2019_12,12,4,19.98930138532322,47.85251649157497,0.582272723549605,1.0
468,2020_1,1,4,12.69748776780321,37.1903952284431,0.6585815318764827,1.0
469,2020_2,2,4,13.017605195614454,13.280091367454542,0.019765389000512612,1.0
470,2020_3,3,4,24.1796327115708,25.207350412850158,0.04077055638324645,1.0
471,2020_4,4,4,30.760139373607387,39.02697482277969,0.21182362934128907,1.0
472,2020_5,5,4,235.57119129945875,203.5109585663081,-0.15753565782898504,0.0
473,2020_6,6,4,376.4106391470609,323.9124608310101,-0.16207520445914514,0.0
474,2020_7,7,4,428.10819054954055,339.838665779902,-0.25973949893861326,0.0
475,2020_8,8,4,249.32166936579404,411.5204747723352,0.39414516494294516,1.0
476,2020_9,9,4,69.15891099494408,102.43631740076994,0.32485945658932613,1.0
477,2020_10,10,4,15.162966600521736,14.87318534182931,-0.019483469884386206,0.0
478,2020_11,11,4,7.279921663297417,3.925221558476032,-0.8546524202123886,0.0
479,2020_12,12,4,5.224931420385968,9.872804750526273,0.47077537210411746,1.0
480,2011_1,1,5,50.02416591336412,40.0712274851605,-0.24838117154982275,0.0
481,2011_2,2,5,171.6616284817205,173.38921642183914,0.009963641198513673,1.0
482,2011_3,3,5,624.2282649892472,569.6163241125714,-0.09587495751944619,0.0
483,2011_4,4,5,553.8074732817206,495.5439263586886,-0.1175749390193499,0.0
484,2011_5,5,5,549.9699567053764,346.0003545333866,-0.5895069166823879,0.0
485,2011_6,6,5,452.3662864430109,292.4756464277183,-0.5466801833526593,0.0
486,2011_7,7,5,359.0269089892472,129.5847230054427,-1.7705959519176324,0.0
487,2011_8,8,5,144.79626776774194,141.6294900146024,-0.02235959299728485,0.0
488,2011_9,9,5,76.29761441720434,50.09166929510148,-0.5231597487342186,0.0
489,2011_10,10,5,31.6569476826103,17.211926150867203,-0.8392449168749949,0.0
490,2011_11,11,5,48.64367483485351,9.576130263347014,-4.079679734625055,0.0
491,2011_12,12,5,5.023922059176858,15.996567919910987,0.6859375033238496,1.0
492,2012_1,1,5,9.360746758620705,11.94642879248551,0.21643974770864072,1.0
493,2012_2,2,5,15.73320726258806,28.647563683104643,0.45080121169721077,1.0
494,2012_3,3,5,38.44879717849452,47.33744129032253,0.18777195956396497,1.0
495,2012_4,4,5,37.1921635440861,71.12581218637983,0.477093302686979,1.0
496,2012_5,5,5,39.111178313978726,91.36584540820397,0.5719278014750703,1.0
497,2012_6,6,5,41.61986037849434,75.79276188769418,0.4508728888892516,1.0
498,2012_7,7,5,44.47789235268807,55.89187654320956,0.20421544053360652,1.0
499,2012_8,8,5,33.91998859354837,40.47560012743935,0.16196452957461605,1.0
500,2012_9,9,5,26.346841496774253,29.446314520111518,0.10525843637309373,1.0
501,2012_10,10,5,11.664527748694326,22.28117561036203,0.476485085317058,1.0
502,2012_11,11,5,18.911408355760354,44.59203125011853,0.5759016168228469,1.0
503,2012_12,12,5,17.90124163379416,41.3797572147314,0.5673913324116548,1.0
504,2013_1,1,5,9.783934073732691,16.898000151523792,0.4210004742572797,1.0
505,2013_2,2,5,28.0882848522273,19.65980046063977,-0.428716680439454,0.0
506,2013_3,3,5,199.305478580645,176.77105918757482,-0.12747799043936547,0.0
507,2013_4,4,5,124.4971947956991,75.74821119076067,-0.6435661362638825,0.0
508,2013_5,5,5,62.53489948387092,54.73523073675793,-0.14249814319089116,0.0
509,2013_6,6,5,85.2943464688172,53.91465989380069,-0.5820251233491442,0.0
510,2013_7,7,5,94.92256531612904,66.36266530200454,-0.43036095497601745,0.0
511,2013_8,8,5,70.8242097892473,131.84875309172992,0.4628374699912905,1.0
512,2013_9,9,5,9.751375673118286,30.27180194344882,0.677872638988093,1.0
513,2013_10,10,5,37.07742381812593,10.951223581195157,-2.385687776641987,0.0
514,2013_11,11,5,5.878953674961606,9.747056281504246,0.39684828884005197,1.0
515,2013_12,12,5,21.170612373579083,11.237101421554732,-0.8839922840751562,0.0
516,2014_1,1,5,48.43273371305682,31.07746995391708,-0.5584516302284201,0.0
517,2014_2,2,5,75.08152066851007,64.86621641994273,-0.15748265911539594,0.0
518,2014_3,3,5,203.5935982451614,221.4025302907208,0.08043689483663408,1.0
519,2014_4,4,5,197.62000887741948,283.7314227054293,0.3034962183847043,1.0
520,2014_5,5,5,153.52089952688175,301.30131744590466,0.49047385246018804,1.0
521,2014_6,6,5,212.14264739784957,277.24828069560607,0.23482790636035245,1.0
522,2014_7,7,5,172.40480385376344,243.9327972600557,0.2932282752041604,1.0
523,2014_8,8,5,82.24449593118291,77.8122033612108,-0.056961406803982095,0.0
524,2014_9,9,5,11.315770959139805,25.61061114031594,0.5581608382110552,1.0
525,2014_10,10,5,18.662881614746546,10.53097143312285,-0.7721899383419237,0.0
526,2014_11,11,5,31.4946315170507,20.274200813183885,-0.55343393346338,0.0
527,2014_12,12,5,29.69587689585256,12.362101343422276,-1.4021706399983023,0.0
528,2015_1,1,5,57.867637890015374,32.6783302349661,-0.7708260328459653,0.0
529,2015_2,2,5,81.55748180645162,65.28323746031742,-0.24928672319638778,0.0
530,2015_3,3,5,79.77025420215062,138.71790867118017,0.4249462454682783,1.0
531,2015_4,4,5,215.99113007311828,205.9862994583832,-0.04857036919951274,0.0
532,2015_5,5,5,215.6650314494624,299.81067900172576,0.28066260959229883,1.0
533,2015_6,6,5,278.85711965591406,276.0277035550246,-0.010250478718073497,0.0
534,2015_7,7,5,70.07448316559137,192.7048447046332,0.6363636665544269,1.0
535,2015_8,8,5,59.90529550107524,91.36872636134342,0.344356675563553,1.0
536,2015_9,9,5,31.47775378924726,24.437016418425586,-0.2881177165929689,0.0
537,2015_10,10,5,18.268124008602157,43.4678955893379,0.5797329555313673,1.0
538,2015_11,11,5,12.475161904338108,63.15770328293439,0.8024760044162502,1.0
539,2015_12,12,5,9.135836404004475,27.17997394205728,0.6638761897461564,1.0
540,2016_1,1,5,11.365444686392289,12.559227537776334,0.09505225124660888,1.0
541,2016_2,2,5,14.59162337649239,23.311767617792064,0.3740661962778089,1.0
542,2016_3,3,5,38.3434104774194,51.37675917164462,0.2536817990150393,1.0
543,2016_4,4,5,55.15551437419356,53.51201647152541,-0.030712688682600353,0.0
544,2016_5,5,5,85.18411719569895,120.96186862073574,0.2957771059011537,1.0
545,2016_6,6,5,91.70688338924724,108.60889690694292,0.155622734408006,1.0
546,2016_7,7,5,85.0718666580644,77.71270166733018,-0.09469706795469635,0.0
547,2016_8,8,5,65.40609688602147,151.46580634275847,0.5681791259341319,1.0
548,2016_9,9,5,9.164031165591382,31.40508941723085,0.708199169763758,1.0
549,2016_10,10,5,11.684489465437824,17.56746453035217,0.33487900628744915,1.0
550,2016_11,11,5,5.546916310291886,8.844538437541509,0.37284276059591115,1.0
551,2016_12,12,5,10.62121596129031,13.14921788302894,0.1922549268121414,1.0
552,2017_1,1,5,55.060612384253744,45.482142662001465,-0.21059847143601518,0.0
553,2017_2,2,5,78.91171875277205,83.75862100946318,0.05786750304954913,1.0
554,2017_3,3,5,31.04072863249459,32.38793664940896,0.04159598159949318,1.0
555,2017_4,4,5,90.98045176710356,64.66570226204719,-0.4069351848746674,0.0
556,2017_5,5,5,56.84522837122201,48.591472470463344,-0.16986017260077402,0.0
557,2017_6,6,5,56.46789892721176,50.01007831142944,-0.12913038399114907,0.0
558,2017_7,7,5,51.16257290909607,61.52939191557158,0.16848564050007975,1.0
559,2017_8,8,5,23.25899781597656,39.16121761051369,0.4060706169224888,1.0
560,2017_9,9,5,33.74289835051035,72.35462460905352,0.5336455888917955,1.0
561,2017_10,10,5,28.879105807054,13.416395711061824,-1.1525234071057673,0.0
562,2017_11,11,5,28.058998044294714,8.059238121408608,-2.4815943668122453,0.0
563,2017_12,12,5,12.94803047563537,27.036540804839635,0.5210914528933513,1.0
564,2018_1,1,5,102.10269736813984,109.38927882270389,0.06661147722140115,1.0
565,2018_2,2,5,76.07051715327513,67.47243748155728,-0.12743099245626088,0.0
566,2018_3,3,5,51.7608140599356,49.10940384972781,-0.05398986756835744,0.0
567,2018_4,4,5,81.68551352457509,50.08800785875471,-0.6308397362283507,0.0
568,2018_5,5,5,60.474395625751896,57.83423083764781,-0.04565055590547318,0.0
569,2018_6,6,5,34.38141488054612,92.52901930970378,0.6284255994817354,1.0
570,2018_7,7,5,50.363841831305535,55.16051868578235,0.08695851614087813,1.0
571,2018_8,8,5,65.74667840863512,39.3585101526616,-0.6704564820573888,0.0
572,2018_9,9,5,13.915212445585432,21.60837308110976,0.3560268330543479,1.0
573,2018_10,10,5,17.809709460765124,40.36366217045003,0.5587687414101019,1.0
574,2018_11,11,5,6.583289151726486,12.94568203352867,0.4914683417469936,1.0
575,2018_12,12,5,36.40031183660901,10.798132059509584,-2.3709822806392125,0.0
576,2019_1,1,5,60.95040894400773,38.507905533557135,-0.582802494695366,0.0
577,2019_2,2,5,95.785015716778,59.236219124044666,-0.6170008338344093,0.0
578,2019_3,3,5,190.19886392578556,180.6990574697996,-0.052572529093427356,0.0
579,2019_4,4,5,191.3388390883572,252.33655724412563,0.24173159379659592,1.0
580,2019_5,5,5,140.1959479542607,240.19975957254735,0.4163360188047256,1.0
581,2019_6,6,5,152.28224983980505,179.0498701367317,0.14949812740151958,1.0
582,2019_7,7,5,50.0280345214621,138.24041089871224,0.638108464838713,1.0
583,2019_8,8,5,32.69478758996752,55.586059235364544,0.4118167749303824,1.0
584,2019_9,9,5,15.754686716440688,39.39987372096109,0.6001335733200828,1.0
585,2019_10,10,5,14.30615093873794,52.441113591324594,0.7271958972834508,1.0
586,2019_11,11,5,28.937610875469744,56.36628360281429,0.4866148870239704,1.0
587,2019_12,12,5,11.468732178776069,29.332219987365928,0.6090056537242691,1.0
588,2020_1,1,5,26.8166131357738,53.04674926351634,0.49447207400855175,1.0
589,2020_2,2,5,25.245542145878957,20.384778953936056,-0.23845062057954491,0.0
590,2020_3,3,5,59.043300233987765,47.42646691889003,-0.2449441012539506,0.0
591,2020_4,4,5,228.5833611080105,189.7345859524758,-0.2047532607748459,0.0
592,2020_5,5,5,407.4310473010792,357.79089906279034,-0.13874066771490834,0.0
593,2020_6,6,5,362.85802230821065,310.5488643090403,-0.16844098952207176,0.0
594,2020_7,7,5,428.7075543479969,331.35797862471776,-0.29378974403249014,0.0
595,2020_8,8,5,243.59300683732025,408.4944394344883,0.4036809725622076,1.0
596,2020_9,9,5,65.89742368857304,103.1714061197398,0.3612821016310169,1.0
597,2020_10,10,5,24.53135270577133,15.774942604160753,-0.5550834840629475,0.0
598,2020_11,11,5,6.32588692019082,11.792026750109027,0.4635454062099773,1.0
599,2020_12,12,5,15.852963570374328,28.76853797310877,0.44894788935076235,1.0
600,2011_1,1,6,183.47129198894007,159.99067324496033,-0.1467624222571322,0.0
601,2011_2,2,6,582.8222108423964,582.1273991834023,-0.001193573193718045,0.0
602,2011_3,3,6,553.8420581591398,480.6190308907474,-0.15235149372401202,0.0
603,2011_4,4,6,460.6027186236562,382.57663436612256,-0.20394890134054378,0.0
604,2011_5,5,6,530.9975044043011,325.33091568034024,-0.6321765894700346,0.0
605,2011_6,6,6,449.3492262193548,282.2640958396393,-0.5919460988571512,0.0
606,2011_7,7,6,358.1291142193548,132.5533163467409,-1.7017740792130707,0.0
607,2011_8,8,6,146.8525696516129,140.7447346767555,-0.04339654331570619,0.0
608,2011_9,9,6,81.68032994111971,52.741941558292886,-0.5486788602737112,0.0
609,2011_10,10,6,46.22381765072301,26.398878119813045,-0.7509765922980958,0.0
610,2011_11,11,6,10.748879020838,21.772557159257875,0.5063106762235557,1.0
611,2011_12,12,6,14.79136515535776,13.319996825187545,-0.11046311417942078,0.0
612,2012_1,1,6,35.124884046570344,32.500390176190166,-0.08075268808012304,0.0
613,2012_2,2,6,43.68374545761952,57.77978880695044,0.24396148965562292,1.0
614,2012_3,3,6,43.34888932473116,73.45341205363043,0.4098451234221645,1.0
615,2012_4,4,6,44.552528352688284,64.45303690163256,0.30875982739674757,1.0
616,2012_5,5,6,39.97414612473122,100.56551097039728,0.6025064086185759,1.0
617,2012_6,6,6,46.06042391397857,69.75524863401021,0.33968518762441746,1.0
618,2012_7,7,6,46.67184627956995,54.06133131554506,0.13668707107570444,1.0
619,2012_8,8,6,33.227801376343976,41.52360723217849,0.1997852886298791,1.0
620,2012_9,9,6,32.02446358648235,36.93788299349541,0.13301843551451742,1.0
621,2012_10,10,6,25.79725339416284,39.96699903529238,0.35453614189589555,1.0
622,2012_11,11,6,10.788864356989263,43.74723211336784,0.7533817835827719,1.0
623,2012_12,12,6,19.530628639631285,29.11682419772047,0.32923218181327885,1.0
624,2013_1,1,6,15.358061154531477,18.88443655781235,0.18673447801766896,1.0
625,2013_2,2,6,161.45405034039925,194.7147479283532,0.17081755717955416,1.0
626,2013_3,3,6,142.77009284301084,81.9540180937209,-0.7420755707150557,0.0
627,2013_4,4,6,86.8668501075269,59.1028110686314,-0.4697583505233842,0.0
628,2013_5,5,6,63.44778904946256,51.04063158104341,-0.24308393301753717,0.0
629,2013_6,6,6,83.47543928602141,53.06932970927939,-0.5729506994588136,0.0
630,2013_7,7,6,95.89652521290336,67.66090275852929,-0.41731075559459185,0.0
631,2013_8,8,6,72.30143838279561,127.89701031727076,0.4346901604389397,1.0
632,2013_9,9,6,8.397532613210387,28.729484835865108,0.7077033347034773,1.0
633,2013_10,10,6,34.713443956989266,15.071593782405046,-1.303236436581419,0.0
634,2013_11,11,6,20.478844662365525,10.740585006921918,-0.9066787003843506,0.0
635,2013_12,12,6,37.81901602580644,28.963148712901337,-0.3057632787335842,0.0
636,2014_1,1,6,86.36301220522279,68.02743281940423,-0.2695321376376929,0.0
637,2014_2,2,6,253.6585373861751,216.14522041228128,-0.17355607911356974,0.0
638,2014_3,3,6,221.0452544172043,304.02894859418564,0.2729466866911645,1.0
639,2014_4,4,6,190.5582065634408,302.0934965485197,0.36920784876004453,1.0
640,2014_5,5,6,158.4980169806451,315.81737176689234,0.4981339497130831,1.0
641,2014_6,6,6,228.84218925591384,289.1714723191292,0.2086280592597185,1.0
642,2014_7,7,6,187.3807722838711,246.60121225009965,0.24014658900446917,1.0
643,2014_8,8,6,91.84805878709682,77.9664254613036,-0.17804629677017791,0.0
644,2014_9,9,6,16.155962795698883,25.857502281769776,0.37519244435727017,1.0
645,2014_10,10,6,34.03252680552997,21.00750219643096,-0.6200177673341802,0.0
646,2014_11,11,6,36.24024036129032,17.560074073694768,-1.0637863034745791,0.0
647,2014_12,12,6,59.29623007557608,38.63147603534918,-0.534920126306277,0.0
648,2015_1,1,6,96.00318795821818,69.36721238626237,-0.3839850940475569,0.0
649,2015_2,2,6,152.4788179686634,136.2825225404411,-0.1188435253934792,0.0
650,2015_3,3,6,139.7852274494624,234.43491536705164,0.4037354579602508,1.0
651,2015_4,4,6,253.78246691612887,280.106469101288,0.09397855847320757,1.0
652,2015_5,5,6,242.52591127741945,327.48004941988575,0.2594177516858148,1.0
653,2015_6,6,6,250.06823757419363,239.33422181866428,-0.04484948150733814,0.0
654,2015_7,7,6,63.797923027957054,171.359367970264,0.6276951544369147,1.0
655,2015_8,8,6,67.34725054623648,88.06285352980207,0.2352365629005544,1.0
656,2015_9,9,6,31.572213795476458,22.75017913987652,-0.3877786896252027,0.0
657,2015_10,10,6,19.236054817649244,45.88299702568467,0.5807585366125678,1.0
658,2015_11,11,6,13.024777108490888,65.62066649903645,0.8015140990882478,1.0
659,2015_12,12,6,13.262514998591104,16.44192073359975,0.19337191721836966,1.0
660,2016_1,1,6,28.663859009566224,26.96718926141078,-0.06291607670745747,0.0
661,2016_2,2,6,44.53148883292555,57.64174726339744,0.2274438068395772,1.0
662,2016_3,3,6,97.95422040430098,58.728876654719485,-0.667905568502464,0.0
663,2016_4,4,6,87.10493373763447,98.01667644497547,0.11132536934637471,1.0
664,2016_5,5,6,77.47923495913975,122.21610169653536,0.3660472402276257,1.0
665,2016_6,6,6,96.3450881892471,114.0775677578654,0.15544230050781116,1.0
666,2016_7,7,6,74.99379980215049,68.62100196203384,-0.09286949560489588,0.0
667,2016_8,8,6,64.50672537634406,143.28315373158114,0.5497954665543763,1.0
668,2016_9,9,6,9.975012194777271,30.24117604426241,0.6701513135541629,1.0
669,2016_10,10,6,25.936480472503835,12.58896765375205,-1.0602547552637214,0.0
670,2016_11,11,6,8.052230953609797,10.750677206387124,0.25100244393666127,1.0
671,2016_12,12,6,28.33086306420888,18.483854357209225,-0.5327356792961877,0.0
672,2017_1,1,6,94.71195386912518,85.9312291636798,-0.10218316194127808,0.0
673,2017_2,2,6,31.527152540792898,34.61374006011661,0.08917232041273138,1.0
674,2017_3,3,6,66.81140596668776,58.58976188769421,-0.14032561004007715,0.0
675,2017_4,4,6,67.28430011534039,49.30820917562736,-0.3645658854833944,0.0
676,2017_5,5,6,52.86671460852513,46.21774763308113,-0.14386176990340593,0.0
677,2017_6,6,6,52.5779031158404,48.44266971989879,-0.08536344961687736,0.0
678,2017_7,7,6,47.379576552856,60.77087741669993,0.22035720781224033,1.0
679,2017_8,8,6,24.109484408808854,39.090538539758455,0.38323990127975793,1.0
680,2017_9,9,6,41.32268809556293,72.51958576624754,0.4301858227822978,1.0
681,2017_10,10,6,26.519795643469283,15.720330214864097,-0.6869744643400639,0.0
682,2017_11,11,6,10.599666971405902,18.227687310310856,0.4184853629011954,1.0
683,2017_12,12,6,107.0897499500665,107.78705501545576,0.006469283953339899,1.0
684,2018_1,1,6,50.50577729562834,61.76111214162452,0.18223983435056268,1.0
685,2018_2,2,6,43.252442837653575,53.75012975213825,0.19530533159442398,1.0
686,2018_3,3,6,60.88341578466496,46.52860612770489,-0.30851578956741355,0.0
687,2018_4,4,6,69.67365948828632,50.14721393866998,-0.3893824604792038,0.0
688,2018_5,5,6,66.94694265439676,52.29733259259267,-0.280121553730621,0.0
689,2018_6,6,6,35.91571169070633,76.1957793495287,0.528639092646429,1.0
690,2018_7,7,6,48.417231948423336,53.54462245320599,0.09575920549750094,1.0
691,2018_8,8,6,63.31541245054615,39.64543778308773,-0.5970415763085797,0.0
692,2018_9,9,6,12.296081850682476,22.114193528853967,0.4439733090587771,1.0
693,2018_10,10,6,12.53505544065822,28.780060146972332,0.5644534661621647,1.0
694,2018_11,11,6,24.31831566214929,10.57885578786674,-1.2987661567369901,0.0
695,2018_12,12,6,63.458132153088926,35.73219016271262,-0.7759373792684272,0.0
696,2019_1,1,6,83.55576615690758,69.152107715196,-0.20828950725599382,0.0
697,2019_2,2,6,209.15468734608748,159.63658595607893,-0.31019268605276085,0.0
698,2019_3,3,6,221.88343554133456,256.22004177352994,0.1340121795099274,1.0
699,2019_4,4,6,189.53903887586648,261.7784593654588,0.2759563207175181,1.0
700,2019_5,5,6,122.46811381685283,232.1732088703041,0.47251401480493127,1.0
701,2019_6,6,6,156.34862192787676,176.93371251825312,0.11634351813113464,1.0
702,2019_7,7,6,53.82888502230308,137.33454007964946,0.6080455434511658,1.0
703,2019_8,8,6,30.821319786434486,42.89778509757075,0.2815172224782332,1.0
704,2019_9,9,6,17.80663745818356,47.134313361348006,0.6222149812245763,1.0
705,2019_10,10,6,10.893159701974302,57.42919443908863,0.8103201723728171,1.0
706,2019_11,11,6,12.66589125827512,38.46468791478419,0.6707137911443475,1.0
707,2019_12,12,6,28.043899513777514,42.44249889534321,0.3392495672102265,1.0
708,2020_1,1,6,18.03335701215567,32.70109088516274,0.4485395892301003,1.0
709,2020_2,2,6,56.7186500233002,45.05243095556564,-0.2589476043865586,0.0
710,2020_3,3,6,186.2193763337511,167.67479733705036,-0.11059848761542534,0.0
711,2020_4,4,6,385.5030345785121,344.8521820974379,-0.11787906410749716,0.0
712,2020_5,5,6,391.0853879930381,343.62656394530745,-0.13811162764262996,0.0
713,2020_6,6,6,362.1220172328261,302.3846415319262,-0.1975542653167217,0.0
714,2020_7,7,6,421.70147077798873,328.87432981016866,-0.28225718018612556,0.0
715,2020_8,8,6,239.47466057264967,409.7883920854904,0.4156138504706832,1.0
716,2020_9,9,6,59.32826794586262,101.78550301378698,0.4171245787543386,1.0
717,2020_10,10,6,19.576599054245406,13.92309992641898,-0.40605175267750204,0.0
718,2020_11,11,6,17.56698025957167,26.336562770286964,0.3329812848854057,1.0
719,2020_12,12,6,51.8506898312772,55.061348508846834,0.058310571108765474,1.0
720,2011_1,1,7,556.1375003477727,569.0333431681556,0.02266271910989237,1.0
721,2011_2,2,7,514.3330170924731,493.1537521514856,-0.04294657568474047,0.0
722,2011_3,3,7,458.0528824086024,368.2103644603743,-0.24399779750875705,0.0
723,2011_4,4,7,440.112154494624,362.2517096136996,-0.21493465127867517,0.0
724,2011_5,5,7,523.1219850150542,314.7240452834196,-0.6621608448886236,0.0
725,2011_6,6,7,447.58567588817175,286.2352051612903,-0.5636989015238789,0.0
726,2011_7,7,7,351.8840983225805,133.49775429709243,-1.6358802825962182,0.0
727,2011_8,8,7,154.46916290752696,143.3277244142326,-0.07773400811900433,0.0
728,2011_9,9,7,93.97655827423064,66.64385619925201,-0.41013086027403967,0.0
729,2011_10,10,7,13.945249673266575,11.462698724508677,-0.2165764806720336,0.0
730,2011_11,11,7,34.588884113311096,15.60936197979472,-1.2159063360875417,0.0
731,2011_12,12,7,46.56453283144232,36.15633197746011,-0.28786661380558987,0.0
732,2012_1,1,7,73.75746292324803,61.339253579605966,-0.20245126275502745,0.0
733,2012_2,2,7,48.8749967038934,86.54256690021417,0.43524905194633823,1.0
734,2012_3,3,7,30.89778504086044,65.8627367980885,0.5308760834585123,1.0
735,2012_4,4,7,43.774918993548425,66.00384822248773,0.33678232144903697,1.0
736,2012_5,5,7,41.82041701505372,93.42318821186775,0.5523550649950824,1.0
737,2012_6,6,7,44.21262761290315,66.9684439293773,0.33979909015762233,1.0
738,2012_7,7,7,48.29385488172056,52.55059251825284,0.08100265729741774,1.0
739,2012_8,8,7,36.32528898740398,45.08590505262556,0.19430942009472674,1.0
740,2012_9,9,7,44.57639938003071,50.79334563027437,0.12239686465028166,1.0
741,2012_10,10,7,17.49754799324112,41.8366635677305,0.5817652149791086,1.0
742,2012_11,11,7,11.314066340399396,30.01862647418036,0.6230984668758626,1.0
743,2012_12,12,7,14.93431062549925,22.93589058902736,0.3488672014923241,1.0
744,2013_1,1,7,185.52080778556063,198.1289427003091,0.06363600765699129,1.0
745,2013_2,2,7,91.86437906420883,93.81906665927056,0.020834651896087464,1.0
746,2013_3,3,7,120.40848432688152,63.58486151334127,-0.8936659050773841,0.0
747,2013_4,4,7,86.41029955268819,56.17362088676481,-0.5382718469737726,0.0
748,2013_5,5,7,60.104280800000055,49.03985512544817,-0.2256210921962989,0.0
749,2013_6,6,7,82.2081457806455,53.9048344802864,-0.5250607217931433,0.0
750,2013_7,7,7,94.6628623483872,69.01939738218533,-0.37153997193288624,0.0
751,2013_8,8,7,78.89730730199693,124.18170261781506,0.364662380698601,1.0
752,2013_9,9,7,11.253613812595985,29.8441666291176,0.6229208222682839,1.0
753,2013_10,10,7,70.23397986728108,24.7765000155506,-1.8347014236554706,0.0
754,2013_11,11,7,41.33419212288783,26.482064600329927,-0.5608372212177468,0.0
755,2013_12,12,7,70.84524774193551,64.29219958430531,-0.10192602213021651,0.0
756,2014_1,1,7,280.94134953978494,219.2022642862833,-0.28165350141123047,0.0
757,2014_2,2,7,299.290696850384,297.637533604142,-0.005554283514661584,0.0
758,2014_3,3,7,215.69459613763428,322.6312569308375,0.3314516448607062,1.0
759,2014_4,4,7,197.8442584172043,316.9390056312227,0.3757655103915868,1.0
760,2014_5,5,7,174.91104659784955,327.53711414575866,0.4659809864478086,1.0
761,2014_6,6,7,236.89163188817213,291.8889030107526,0.18841850634025126,1.0
762,2014_7,7,7,197.3865166451613,247.3917027266696,0.20212960067119334,1.0
763,2014_8,8,7,99.8945584110598,78.72779639453074,-0.26886008482258905,0.0
764,2014_9,9,7,22.35498887496158,33.61397632853541,0.3349495859558842,1.0
765,2014_10,10,7,37.26862951152069,20.88033279968135,-0.7848676009651263,0.0
766,2014_11,11,7,70.94921890261134,43.69537516489349,-0.6237237610358042,0.0
767,2014_12,12,7,91.16375986728116,75.69810404695531,-0.20430704328780225,0.0
768,2015_1,1,7,198.31920104823348,140.41961529612558,-0.41233260488576096,0.0
769,2015_2,2,7,205.53503216221216,232.1951204361758,0.1148176078114087,1.0
770,2015_3,3,7,167.68207945806446,308.7868352449226,0.4569649339970634,1.0
771,2015_4,4,7,280.9532965763443,308.0971406000265,0.08810157721950573,1.0
772,2015_5,5,7,225.94140111827937,290.587184170981,0.2224660500329022,1.0
773,2015_6,6,7,243.59188395698916,218.0444107155181,-0.11716637522437012,0.0
774,2015_7,7,7,71.13610620215033,167.41942754281166,0.5751024403427747,1.0
775,2015_8,8,7,68.54356528172048,81.67590363998411,0.16078595733876588,1.0
776,2015_9,9,7,30.943508444048963,21.8922913743208,-0.413443111777009,0.0
777,2015_10,10,7,16.11375672317391,51.82425838979746,0.6890692269636762,1.0
778,2015_11,11,7,12.661680877122713,42.72485913923563,0.7036460474718083,1.0
779,2015_12,12,7,32.105149908787595,22.42511776486915,-0.4316602590637466,0.0
780,2016_1,1,7,57.158579719095215,55.16711518440712,-0.03609876151818381,0.0
781,2016_2,2,7,48.48578716796448,54.02993189048654,0.10261246920983547,1.0
782,2016_3,3,7,123.8105362666666,105.02751606796768,-0.17883904049052868,0.0
783,2016_4,4,7,85.24837187956992,100.12136960307988,0.14854968307437588,1.0
784,2016_5,5,7,84.65875358279565,129.3352830054427,0.34543187585376034,1.0
785,2016_6,6,7,93.76443865806463,102.14137378468064,0.08201314331521548,1.0
786,2016_7,7,7,75.96357606021512,64.27380240276102,-0.18187462419295009,0.0
787,2016_8,8,7,69.83967963072197,140.85843558039858,0.5041853237759468,1.0
788,2016_9,9,7,20.04252447987711,40.02575413987985,0.4992592916592259,1.0
789,2016_10,10,7,35.25215555084488,11.642040238379684,-2.0280049569517042,0.0
790,2016_11,11,7,27.40702998279571,28.127493352107905,0.025614204589553435,1.0
791,2016_12,12,7,62.915025802150566,47.54217101610066,-0.3233519727326657,0.0
792,2017_1,1,7,19.427067679540546,35.39121484307152,0.45107655202902,1.0
793,2017_2,2,7,51.55906301703037,58.66280000056889,0.12109440707688068,1.0
794,2017_3,3,7,53.53309905454091,51.32550970927899,-0.04301154255975792,0.0
795,2017_4,4,7,63.10335333804609,46.74683552900585,-0.34989572286430426,0.0
796,2017_5,5,7,49.25531475073676,47.195464016991735,-0.04364509972830044,0.0
797,2017_6,6,7,49.80075787393605,48.358358789326985,-0.029827296060498387,0.0
798,2017_7,7,7,45.48333916359698,60.99276037435276,0.25428298564557894,1.0
799,2017_8,8,7,25.533681166879497,39.11069578085001,0.3471432645956225,1.0
800,2017_9,9,7,39.7505459456985,72.70901421175401,0.4532927398804907,1.0
801,2017_10,10,7,12.51021926058216,12.915276831086086,0.03136267040974172,1.0
802,2017_11,11,7,75.23692952078562,91.7514069461986,0.17999154427241393,1.0
803,2017_12,12,7,58.19998101545493,63.74500338169194,0.08698756093924032,1.0
804,2018_1,1,7,39.45819630934805,51.513540449071854,0.23402282263324836,1.0
805,2018_2,2,7,54.37050745181918,48.16835679201972,-0.12875985549141666,0.0
806,2018_3,3,7,46.83106992843959,52.28560564980749,0.10432193820036562,1.0
807,2018_4,4,7,85.48998933743441,46.88621675295376,-0.8233501284159097,0.0
808,2018_5,5,7,73.18443106249472,48.40330172308501,-0.5119718791330063,0.0
809,2018_6,6,7,33.996098642788425,73.51643010221665,0.5375714164096308,1.0
810,2018_7,7,7,44.82764759087702,52.439890925262034,0.14516131136188049,1.0
811,2018_8,8,7,60.450418926993095,39.28866234226564,-0.5386224758780407,0.0
812,2018_9,9,7,18.13911329445548,21.012170016309263,0.13673298472379425,1.0
813,2018_10,10,7,12.492122098702374,18.239405638239337,0.31510256713012885,1.0
814,2018_11,11,7,49.31606005474083,29.176301952361968,-0.6902779569275896,0.0
815,2018_12,12,7,96.42250994887934,65.14698751910642,-0.4800762647789414,0.0
816,2019_1,1,7,201.20686521841728,170.51026185033453,-0.18002789412772535,0.0
817,2019_2,2,7,254.72389143579403,234.0412696336121,-0.08837168690188801,0.0
818,2019_3,3,7,212.1453140140478,265.85894119208814,0.2020380692753576,1.0
819,2019_4,4,7,171.77948591980737,252.9313394716578,0.3208453872160191,1.0
820,2019_5,5,7,126.15854097142144,229.98858938006111,0.45145739051017997,1.0
821,2019_6,6,7,164.10861850901043,175.9884816938802,0.06750364041172863,1.0
822,2019_7,7,7,38.17746232466431,103.01172387362284,0.6293872106101117,1.0
823,2019_8,8,7,32.080934574933906,40.66054294977957,0.21100575035218938,1.0
824,2019_9,9,7,17.635920336635067,51.38934795561589,0.656817588892801,1.0
825,2019_10,10,7,26.18383952750844,41.439622700485664,0.3681448376893265,1.0
826,2019_11,11,7,31.182614890140297,49.99718725424233,0.3763126167163652,1.0
827,2019_12,12,7,22.4284968631044,30.46909593476059,0.2638935887324143,1.0
828,2020_1,1,7,35.076844547468184,35.576941758332296,0.014056779086330184,1.0
829,2020_2,2,7,187.40356783649133,168.46290687897368,-0.11243223394646096,0.0
830,2020_3,3,7,368.37469296713823,319.0264670144697,-0.15468379916714037,0.0
831,2020_4,4,7,377.3359103831037,331.01824579052163,-0.1399248083197604,0.0
832,2020_5,5,7,389.2600777761243,335.1756170742071,-0.1613615607663461,0.0
833,2020_6,6,7,355.5047973174092,299.97336614628983,-0.18512120554075473,0.0
834,2020_7,7,7,413.60295294158993,330.09922364263923,-0.25296554283735806,0.0
835,2020_8,8,7,231.67287434987475,407.99735091805576,0.4321706407441721,1.0
836,2020_9,9,7,70.86147440999602,110.23556998008766,0.3571814032186159,1.0
837,2020_10,10,7,12.75251347579303,12.053307440784415,-0.058009474863532695,0.0
838,2020_11,11,7,49.97441309002608,50.29260594261442,0.006326831680812273,1.0
839,2020_12,12,7,34.65894479761119,44.23385333902259,0.2164610997831501,1.0
