date,0,1,2,3,4,5,6,7,8,9,10,11,12,13,14,15,16,17,18,19,20,21,22,23,24,25,26,27,28,29,30,31,32,33,34,35,36,37,38,39,40,41,42,43,44,45,46,47,48,49,50,mean,obs
2011_1,2.423225806451613,3.6774193548387095,2.423225806451613,2.4229032258064516,2.4229032258064516,3.845806451612903,2.423548387096774,2.423225806451613,2.4983870967741937,2.423225806451613,2.4735483870967743,2.452903225806452,4.269354838709678,2.692258064516129,10.315806451612904,3.982258064516129,2.423225806451613,2.5996774193548386,2.563548387096774,2.7870967741935484,2.423225806451613,2.46741935483871,2.4225806451612906,3.101290322580645,2.710322580645161,,,,,,,,,,,,,,,,,,,,,,,,,,,3.067096774193548,2.7606129032258067
2011_2,7.2942857142857145,14.251785714285715,3.3921428571428573,4.681071428571428,4.322142857142857,7.156785714285715,2.400357142857143,34.64,4.256428571428572,2.5410714285714286,12.053214285714287,3.9735714285714288,8.163571428571428,4.084642857142858,4.093928571428571,12.979285714285714,11.404285714285715,7.061071428571429,15.019642857142857,8.557142857142857,23.685714285714287,2.561071428571428,5.042142857142857,3.1685714285714286,3.593928571428571,,,,,,,,,,,,,,,,,,,,,,,,,,,8.415357142857143,5.294714285714285
2011_3,39.05516129032258,18.825161290322583,29.85967741935484,13.806451612903226,13.061935483870968,41.62580645161291,18.065483870967743,8.956451612903225,16.78548387096774,13.870967741935484,22.838064516129034,19.556129032258063,14.955483870967742,10.795483870967743,35.89677419354839,57.965806451612906,29.615806451612904,13.775161290322579,33.104516129032255,29.561290322580643,10.33516129032258,20.864838709677418,13.344193548387098,7.982258064516128,27.890645161290323,,,,,,,,,,,,,,,,,,,,,,,,,,,22.495806451612903,11.572516129032257
2011_4,52.03066666666667,33.035333333333334,115.99666666666667,125.85033333333334,67.29366666666667,39.63333333333333,44.824,43.272333333333336,58.64866666666667,50.43866666666667,30.073333333333334,52.214000000000006,69.58333333333333,47.160333333333334,21.61733333333333,32.75033333333333,58.895999999999994,53.68266666666667,54.449666666666666,46.88866666666667,37.428666666666665,52.94433333333333,29.035333333333334,66.06633333333333,91.31733333333334,,,,,,,,,,,,,,,,,,,,,,,,,,,55.004999999999995,46.88303333333333
2011_5,89.67967741935485,92.33870967741936,55.799354838709675,70.08806451612904,62.15129032258065,57.08129032258064,68.76903225806453,71.22419354838709,74.59806451612903,62.309999999999995,99.45967741935483,61.229032258064514,61.12580645161291,54.16548387096774,51.38193548387097,81.96548387096773,59.09516129032258,76.07903225806452,71.87903225806451,58.20516129032258,68.83451612903225,65.1158064516129,92.80000000000001,71.04903225806451,60.62129032258064,,,,,,,,,,,,,,,,,,,,,,,,,,,69.48225806451613,130.84496774193548
2011_6,101.01333333333334,26.846333333333334,30.176,58.31466666666667,16.084,77.30933333333334,95.95266666666666,65.26366666666667,56.48133333333333,102.66866666666667,206.1953333333333,22.493666666666666,102.902,48.348333333333336,44.509,40.61033333333333,38.10666666666667,86.67466666666668,58.340333333333334,55.196000000000005,34.403666666666666,12.821333333333333,41.85566666666667,82.80566666666667,38.584666666666664,,,,,,,,,,,,,,,,,,,,,,,,,,,61.75833333333333,213.6945333333333
2011_7,169.77451612903226,139.12677419354839,115.62741935483871,102.93645161290323,141.20032258064515,331.02967741935487,169.63709677419354,162.34806451612903,140.34032258064516,176.0267741935484,128.0058064516129,233.84677419354838,100.30451612903227,126.36870967741935,151.35129032258067,143.4325806451613,148.57709677419356,157.42741935483872,102.4683870967742,157.67548387096772,231.6706451612903,320.50870967741935,152.73290322580647,101.99258064516128,156.47225806451613,,,,,,,,,,,,,,,,,,,,,,,,,,,162.43548387096774,656.4616129032258
2011_8,225.3532258064516,154.93967741935484,277.0067741935484,166.6967741935484,208.15806451612903,200.06290322580645,259.28903225806454,235.18483870967742,177.89032258064518,241.91612903225806,166.54806451612902,258.57548387096773,137.81451612903226,232.08483870967743,146.04483870967744,239.8816129032258,179.38870967741937,179.91516129032257,220.78612903225806,207.10935483870966,124.36677419354838,267.4390322580645,142.48129032258063,313.05258064516124,208.0651612903226,,,,,,,,,,,,,,,,,,,,,,,,,,,206.80193548387095,118.37909677419354
2011_9,147.88433333333333,46.477333333333334,84.132,262.96633333333335,53.397666666666666,46.016666666666666,33.58,12.287666666666667,132.14866666666666,70.80133333333333,62.464666666666666,184.8576666666667,77.44733333333333,47.285333333333334,69.838,46.67466666666667,193.54766666666666,76.70433333333334,24.85033333333333,57.90833333333333,79.98166666666665,75.36433333333333,142.874,144.09733333333332,74.20366666666668,,,,,,,,,,,,,,,,,,,,,,,,,,,89.912,26.058766666666667
2011_10,28.353870967741937,16.90258064516129,22.480645161290322,53.52548387096774,26.368387096774192,32.185806451612905,25.796451612903226,16.124193548387094,18.044516129032257,16.832580645161293,24.169677419354837,56.865806451612904,22.05290322580645,31.192580645161293,35.64451612903226,21.030645161290323,28.63806451612903,21.089032258064517,19.33451612903226,27.25741935483871,17.40064516129032,24.83709677419355,20.05516129032258,16.56709677419355,34.766774193548386,,,,,,,,,,,,,,,,,,,,,,,,,,,26.301612903225806,11.36116129032258
2011_11,22.634333333333334,37.067,26.287,47.626,53.27833333333333,35.34133333333333,60.166000000000004,78.64166666666667,37.571333333333335,64.775,72.027,30.54733333333333,23.516000000000002,39.17633333333333,51.56033333333333,36.763,48.837333333333326,43.772333333333336,51.602666666666664,27.82766666666667,61.314,29.896,22.91,47.083999999999996,21.738,,,,,,,,,,,,,,,,,,,,,,,,,,,42.87833333333333,13.239366666666665
2011_12,23.05354838709677,20.193225806451615,21.13967741935484,21.7041935483871,27.54290322580645,28.931935483870966,22.87548387096774,20.246451612903225,30.72935483870968,21.091290322580647,22.33483870967742,27.02548387096774,23.675806451612903,23.133548387096774,21.024193548387096,19.386774193548387,29.84,27.575483870967744,24.416774193548385,37.053225806451614,28.008387096774193,23.240322580645163,24.453548387096774,25.55032258064516,34.766451612903225,,,,,,,,,,,,,,,,,,,,,,,,,,,25.16,13.119000000000002
2012_1,3.065483870967742,4.549032258064517,12.081290322580644,3.1996774193548387,3.8270967741935484,2.9048387096774193,4.966774193548387,8.074193548387097,4.799032258064516,6.475483870967742,3.085806451612903,3.0329032258064514,3.2051612903225806,6.409677419354838,2.9090322580645163,3.342258064516129,9.73967741935484,5.652903225806452,3.511290322580645,6.0116129032258065,2.9725806451612904,3.8148387096774194,7.160645161290322,2.96,6.0764516129032256,,,,,,,,,,,,,,,,,,,,,,,,,,,4.953225806451614,5.110677419354839
2012_2,13.320689655172414,2.6834482758620686,4.095172413793103,2.43,10.634482758620688,3.100344827586207,2.5500000000000003,3.11,2.63448275862069,2.463448275862069,3.599310344827586,2.453793103448276,13.297241379310345,4.675172413793104,2.636551724137931,2.63448275862069,4.308965517241379,3.822758620689655,6.414827586206896,2.386551724137931,2.5037931034482757,6.54,13.785862068965518,3.716206896551724,2.6737931034482756,,,,,,,,,,,,,,,,,,,,,,,,,,,4.899310344827587,3.0214827586206896
2012_3,21.21935483870968,24.255806451612905,24.801935483870967,14.244193548387097,24.9158064516129,20.188064516129035,25.969677419354838,21.63225806451613,9.927096774193549,15.755806451612903,19.06,20.460967741935484,13.923870967741935,18.469354838709677,37.601290322580645,27.166774193548385,18.08225806451613,7.22741935483871,26.32483870967742,25.355483870967742,14.49741935483871,23.833870967741937,12.113870967741935,14.648387096774194,22.503548387096775,,,,,,,,,,,,,,,,,,,,,,,,,,,20.16709677419355,15.390129032258065
2012_4,48.72966666666667,59.70466666666667,90.619,95.38166666666666,99.19666666666667,49.644,42.79266666666667,103.91166666666666,66.247,72.03733333333334,70.216,58.72366666666667,70.94800000000001,48.98533333333333,126.76233333333333,48.05233333333333,65.492,87.164,63.477,47.28766666666666,57.708666666666666,67.16733333333333,67.415,143.371,49.04933333333334,,,,,,,,,,,,,,,,,,,,,,,,,,,72.00399999999999,101.27173333333333
2012_5,41.005483870967744,43.03387096774193,17.649677419354838,14.496774193548386,27.13516129032258,31.35677419354839,31.654516129032256,51.377741935483876,19.391612903225806,18.655806451612904,23.297096774193548,49.88548387096775,19.84032258064516,12.40258064516129,21.358064516129033,20.989354838709676,39.52903225806452,12.881290322580645,25.599032258064515,29.575806451612905,16.684838709677418,13.18774193548387,46.60935483870968,12.152258064516129,29.349032258064515,,,,,,,,,,,,,,,,,,,,,,,,,,,26.763870967741934,21.45816129032258
2012_6,39.96,59.032333333333334,8.459,17.156333333333336,50.098,42.10633333333333,37.263000000000005,171.12266666666667,58.60066666666667,32.574666666666666,48.489333333333335,68.63833333333334,14.587333333333333,44.14866666666667,74.07666666666667,15.034333333333333,103.021,56.41766666666667,9.221666666666666,47.35166666666667,24.072333333333333,39.11533333333333,48.077666666666666,67.72,34.24,,,,,,,,,,,,,,,,,,,,,,,,,,,48.424,9.317133333333334
2012_7,169.60451612903225,91.5867741935484,127.62870967741935,299.1922580645162,204.05354838709678,166.52935483870968,255.23709677419356,63.905806451612904,283.0535483870968,126.25322580645161,144.82967741935485,90.76322580645162,167.96709677419355,47.46387096774194,157.45741935483872,121.43322580645162,62.40451612903226,331.5335483870968,112.62645161290322,553.7129032258064,68.91709677419354,100.12967741935483,211.29677419354837,129.58774193548388,75.28290322580645,,,,,,,,,,,,,,,,,,,,,,,,,,,166.49774193548387,149.25254838709677
2012_8,97.43548387096774,55.40161290322581,169.53032258064516,418.2683870967742,106.85903225806452,58.567741935483866,89.89967741935483,163.58870967741936,81.98129032258065,178.61225806451614,242.9938709677419,172.8316129032258,215.22548387096774,115.92516129032258,76.18258064516128,183.4616129032258,127.22516129032257,118.5009677419355,19.35225806451613,85.71645161290323,109.59193548387097,76.22354838709677,137.79,117.15451612903226,333.5093548387097,,,,,,,,,,,,,,,,,,,,,,,,,,,142.07354838709676,156.4832258064516
2012_9,63.031333333333336,92.74366666666667,43.00566666666667,72.756,72.43666666666667,162.53366666666668,75.702,65.98933333333333,80.71233333333333,57.40366666666667,211.399,144.17466666666667,119.057,86.67566666666667,82.50833333333334,99.65666666666667,62.464000000000006,80.48766666666667,124.28766666666667,113.21166666666666,57.182,57.205000000000005,189.57233333333335,92.79166666666667,159.65833333333333,,,,,,,,,,,,,,,,,,,,,,,,,,,98.66566666666667,138.5519
2012_10,13.88516129032258,14.748064516129032,16.136129032258065,26.048709677419353,37.54548387096774,14.025806451612903,13.33774193548387,11.776451612903225,36.07290322580645,19.211612903225806,15.541935483870969,13.735483870967743,12.68483870967742,17.74483870967742,62.528387096774196,15.384516129032258,13.445806451612903,45.84322580645161,20.940322580645162,13.698387096774193,17.450322580645164,12.903870967741934,32.66967741935484,25.76774193548387,21.890967741935484,,,,,,,,,,,,,,,,,,,,,,,,,,,21.801612903225806,23.785387096774194
2012_11,42.476,35.190000000000005,33.858666666666664,28.737000000000002,38.824333333333335,45.037333333333336,73.725,46.09,26.966333333333335,23.834666666666667,44.50633333333334,52.416000000000004,21.228333333333335,37.64433333333333,36.766,37.96066666666666,43.311,24.949333333333335,29.319666666666667,21.710666666666665,27.608333333333334,38.84433333333333,34.437,33.14333333333333,42.977,,,,,,,,,,,,,,,,,,,,,,,,,,,36.861999999999995,32.9221
2012_12,13.037419354838711,7.929677419354839,9.015161290322581,6.303548387096774,6.437096774193549,8.122258064516128,8.27741935483871,9.439032258064517,6.903225806451613,8.250645161290324,9.175806451612903,8.627096774193548,6.57774193548387,8.513225806451613,27.07903225806452,7.226129032258064,8.176774193548388,16.963225806451614,6.54,7.266774193548387,6.260322580645161,8.226129032258065,11.230645161290322,7.202258064516129,6.485806451612904,,,,,,,,,,,,,,,,,,,,,,,,,,,9.170645161290324,14.275935483870967
2013_1,6.299354838709678,4.387096774193548,8.513225806451612,2.850322580645161,3.3583870967741936,7.7296774193548385,4.045483870967741,4.49,2.9754838709677416,8.009354838709678,16.96,6.070645161290322,7.8990322580645165,3.3880645161290324,5.018064516129033,5.985483870967743,4.65,6.578387096774194,4.449677419354838,3.8080645161290323,5.136451612903225,2.455806451612903,3.533225806451613,3.2312903225806453,2.4525806451612904,,,,,,,,,,,,,,,,,,,,,,,,,,,5.370322580645161,9.202967741935483
2013_2,15.177142857142856,4.851071428571429,6.6085714285714285,12.236428571428572,16.96535714285714,6.600357142857143,20.079642857142858,11.905000000000001,64.0875,6.167857142857143,5.216071428571429,9.453571428571427,14.290000000000001,6.338214285714286,20.58642857142857,48.84428571428572,13.635000000000002,7.331428571428572,11.227857142857143,4.7907142857142855,11.765,8.075357142857143,5.543571428571428,3.665714285714286,15.9625,,,,,,,,,,,,,,,,,,,,,,,,,,,14.055714285714286,24.499035714285718
2013_3,55.68322580645162,49.576129032258066,76.14129032258064,38.932580645161295,49.53193548387097,52.28645161290323,50.51548387096774,42.98483870967742,47.145806451612906,37.87064516129032,52.534838709677416,63.38161290322581,61.748064516129034,58.02258064516129,60.26225806451613,59.81,47.12935483870968,52.77451612903226,50.006129032258066,81.49967741935482,59.05612903225806,67.83354838709678,63.44129032258065,51.55870967741935,48.55096774193548,,,,,,,,,,,,,,,,,,,,,,,,,,,55.13161290322581,56.83216129032258
2013_4,59.58733333333334,47.29633333333334,52.15233333333333,55.07899999999999,57.378,70.03166666666667,71.66499999999999,71.51566666666666,81.70366666666668,49.01166666666666,54.15566666666667,51.632,136.84833333333333,99.48966666666666,50.840333333333334,58.42833333333333,80.516,64.723,64.42699999999999,49.635,59.958,50.22833333333333,69.79433333333333,51.99533333333333,42.83166666666667,,,,,,,,,,,,,,,,,,,,,,,,,,,64.03766666666667,51.80566666666667
2013_5,69.27483870967743,22.967741935483872,55.42612903225807,19.13032258064516,23.811612903225804,54.127096774193554,55.832580645161286,22.812903225806455,51.19709677419355,94.65387096774194,33.141935483870974,40.8016129032258,62.20290322580645,67.35354838709678,32.74935483870968,38.54129032258064,40.95677419354839,27.9941935483871,52.6841935483871,34.86645161290322,49.910000000000004,34.66870967741936,34.39161290322581,31.481935483870966,44.670645161290324,,,,,,,,,,,,,,,,,,,,,,,,,,,43.82612903225806,39.05912903225807
2013_6,148.783,165.328,146.83933333333334,33.157333333333334,73.75466666666667,41.79566666666666,50.635,38.772666666666666,88.50399999999999,92.89533333333334,106.49333333333334,26.682333333333336,89.32033333333334,82.45033333333335,87.222,192.69733333333335,90.62366666666667,37.77366666666667,21.653666666666666,197.76166666666668,174.86966666666666,52.38466666666667,45.099333333333334,75.636,139.32666666666668,,,,,,,,,,,,,,,,,,,,,,,,,,,92.01866666666666,21.391099999999998
2013_7,300.1593548387097,217.52967741935484,171.9806451612903,178.70064516129034,212.34806451612903,79.43161290322581,249.99193548387098,206.70258064516128,146.46870967741935,180.26419354838708,343.9774193548387,263.31451612903226,268.7532258064516,244.63290322580644,151.20870967741936,223.2258064516129,235.87354838709678,438.44354838709677,246.7825806451613,251.66548387096773,352.7483870967742,324.4022580645161,313.63935483870966,71.77903225806452,155.36548387096775,,,,,,,,,,,,,,,,,,,,,,,,,,,233.17548387096775,500.51019354838706
2013_8,152.40774193548384,71.83483870967743,124.84548387096774,218.71935483870968,176.33645161290323,71.30774193548388,89.42322580645161,102.61967741935484,207.36451612903227,109.84612903225806,117.83322580645161,78.22677419354838,160.19354838709677,89.95258064516129,119.41225806451614,197.7274193548387,162.41774193548386,195.18645161290323,166.15774193548387,73.16258064516128,138.2525806451613,98.95774193548387,93.7567741935484,78.90354838709676,138.89129032258066,,,,,,,,,,,,,,,,,,,,,,,,,,,129.3490322580645,77.23454838709678
2013_9,75.46233333333333,32.451,39.1,28.852666666666668,41.01233333333334,103.24966666666666,40.17833333333333,100.36933333333333,24.983333333333334,25.445,24.187666666666665,128.90533333333332,27.526333333333334,29.097666666666665,103.02666666666667,53.55466666666667,48.24966666666667,36.745999999999995,38.708333333333336,37.982,24.820333333333334,37.37,98.792,24.291333333333334,141.39733333333334,,,,,,,,,,,,,,,,,,,,,,,,,,,54.63066666666667,59.193933333333334
2013_10,71.10709677419355,108.62741935483871,40.299354838709675,50.21483870967742,48.36258064516129,58.86032258064516,100.44322580645162,107.8258064516129,57.48290322580645,48.8458064516129,54.5958064516129,35.63354838709677,40.928064516129034,35.03290322580645,39.87903225806452,38.18129032258065,126.32709677419355,48.74677419354838,53.288387096774194,29.338064516129034,66.21483870967741,62.811290322580646,37.553870967741936,123.48,40.66193548387097,,,,,,,,,,,,,,,,,,,,,,,,,,,60.99,25.951290322580647
2013_11,14.731333333333334,30.000333333333334,8.033333333333333,5.813000000000001,11.150333333333332,5.974333333333333,8.079,10.055,32.367,14.495333333333333,4.8726666666666665,6.584666666666666,12.148,11.519,10.859666666666667,5.397666666666667,17.989666666666665,14.226666666666667,8.113000000000001,17.797,18.601,8.942,6.896,12.049666666666667,10.655666666666667,,,,,,,,,,,,,,,,,,,,,,,,,,,12.293666666666667,13.546333333333333
2013_12,19.480645161290322,17.066451612903226,19.55322580645161,13.165161290322581,18.03548387096774,15.254516129032258,14.50258064516129,11.430645161290323,26.405483870967743,19.040967741935482,15.195806451612903,14.800967741935484,16.713225806451614,11.616774193548387,13.817096774193548,14.671612903225807,12.011290322580646,13.77258064516129,16.271290322580644,13.658387096774195,12.857096774193549,19.50548387096774,13.358064516129033,14.149354838709677,22.756451612903227,,,,,,,,,,,,,,,,,,,,,,,,,,,15.963225806451613,11.841774193548387
2014_1,11.868387096774194,4.926451612903226,10.40967741935484,13.543870967741936,48.61774193548386,9.925806451612903,9.558064516129033,15.495806451612903,9.329354838709676,9.537419354838711,9.467096774193548,8.563870967741936,4.77483870967742,10.070967741935483,12.150967741935483,5.839354838709678,30.517096774193547,8.735161290322582,11.765483870967742,18.255806451612905,4.061290322580645,11.402258064516129,5.894193548387097,6.461935483870968,40.226451612903226,,,,,,,,,,,,,,,,,,,,,,,,,,,13.256451612903225,7.9065806451612906
2014_2,12.149285714285714,10.015714285714285,9.272857142857143,16.050714285714285,11.2225,23.116071428571427,11.40857142857143,10.113214285714287,18.709285714285716,12.66,8.581785714285713,12.12857142857143,12.749642857142858,27.10107142857143,13.4625,8.386071428571428,13.818928571428572,17.105,14.740714285714287,18.875,32.77857142857143,15.553928571428571,11.343928571428572,9.194642857142856,9.229285714285714,,,,,,,,,,,,,,,,,,,,,,,,,,,14.391428571428571,9.782285714285715
2014_3,33.40483870967742,51.98258064516129,29.379354838709677,44.946129032258064,37.619354838709675,38.751290322580644,37.961290322580645,33.74741935483871,43.678064516129034,41.49903225806452,35.21193548387097,25.139032258064514,56.54483870967742,50.3416129032258,30.03806451612903,25.694193548387098,23.643548387096775,38.94096774193549,23.620645161290323,29.230645161290322,26.358064516129033,26.403870967741934,23.10225806451613,63.986451612903224,49.038387096774194,,,,,,,,,,,,,,,,,,,,,,,,,,,36.809999999999995,26.377225806451612
2014_4,8.427333333333333,40.195,32.836333333333336,9.84,30.680666666666664,28.512333333333334,83.66799999999999,52.065000000000005,17.159,23.528333333333332,14.331333333333333,13.484,23.052,40.86033333333333,31.936666666666667,17.290666666666667,38.90466666666667,33.61,21.185,44.242,30.829666666666665,10.040666666666668,38.038000000000004,80.53333333333333,14.494333333333334,,,,,,,,,,,,,,,,,,,,,,,,,,,31.190333333333335,30.7353
2014_5,43.16290322580645,28.792258064516126,25.67838709677419,13.79967741935484,37.16129032258065,61.92741935483871,13.300967741935484,54.95548387096775,53.77096774193548,94.43483870967742,25.29516129032258,44.388387096774196,35.928064516129034,18.283870967741933,24.146774193548385,29.83677419354839,24.68967741935484,16.410645161290322,23.565806451612904,25.392258064516128,38.09548387096774,88.33709677419354,55.94741935483871,43.233225806451614,35.16451612903226,,,,,,,,,,,,,,,,,,,,,,,,,,,38.22838709677419,22.292806451612904
2014_6,85.59566666666666,19.380333333333333,31.095000000000002,32.35666666666667,36.59866666666667,25.824333333333335,31.544999999999998,38.676,29.319333333333336,39.45766666666667,28.426666666666666,15.944333333333333,33.50533333333333,17.812666666666665,59.89333333333334,41.924,28.012333333333334,40.52333333333333,34.913333333333334,54.172000000000004,56.791333333333334,31.155666666666665,23.34466666666667,64.112,46.74933333333333,,,,,,,,,,,,,,,,,,,,,,,,,,,37.885,7.658633333333333
2014_7,233.1990322580645,143.38838709677418,348.21580645161293,326.41225806451615,250.7458064516129,51.23903225806452,311.90516129032255,104.23419354838708,276.3661290322581,233.66096774193548,341.6812903225806,61.251290322580644,132.5916129032258,98.0383870967742,142.26419354838708,247.94290322580645,229.34,236.98096774193547,225.41096774193548,366.22129032258067,61.259032258064515,206.37032258064514,138.6822580645161,55.95322580645161,199.21451612903226,,,,,,,,,,,,,,,,,,,,,,,,,,,200.90322580645162,15.033548387096776
2014_8,134.38483870967744,292.8658064516129,61.754516129032254,183.4606451612903,231.79612903225808,372.9745161290322,186.40612903225806,165.32225806451612,164.06612903225806,212.25096774193548,138.38967741935483,165.66806451612902,257.35419354838706,170.49225806451614,225.33483870967743,299.931935483871,147.22612903225806,249.69,237.57451612903228,112.39612903225807,150.3790322580645,233.97612903225806,96.8074193548387,233.09387096774194,342.6145161290322,,,,,,,,,,,,,,,,,,,,,,,,,,,202.6474193548387,111.37287096774195
2014_9,52.7,18.807333333333336,28.113,80.74166666666666,65.922,26.247333333333334,34.126999999999995,83.734,16.318666666666665,42.745999999999995,37.80833333333333,48.51866666666667,41.496,37.70033333333333,37.09866666666667,43.734,65.69533333333334,71.481,24.749666666666666,57.251333333333335,50.45233333333333,37.672333333333334,191.20966666666666,40.016666666666666,84.787,,,,,,,,,,,,,,,,,,,,,,,,,,,52.765,80.69483333333332
2014_10,12.429032258064517,9.798387096774194,10.258387096774193,90.01741935483871,19.236129032258066,13.43741935483871,23.301290322580645,12.670645161290324,9.681290322580645,12.04225806451613,7.579677419354839,14.480645161290322,20.202903225806452,21.557419354838707,21.63,15.693225806451613,29.118387096774192,17.64774193548387,29.61774193548387,10.596774193548388,28.649032258064516,7.795483870967741,10.350645161290323,9.14806451612903,42.0441935483871,,,,,,,,,,,,,,,,,,,,,,,,,,,19.96,21.444774193548387
2014_11,17.549666666666667,9.279333333333334,17.427333333333333,34.66766666666667,8.125,12.523,10.566333333333334,15.624666666666666,27.731333333333335,12.352666666666666,26.231333333333335,27.213666666666665,13.496333333333332,10.820666666666666,14.080333333333334,13.379,12.589333333333334,13.772333333333334,12.639666666666667,10.139666666666667,54.88533333333333,13.216000000000001,9.651666666666667,11.539333333333333,11.596666666666666,,,,,,,,,,,,,,,,,,,,,,,,,,,16.843666666666667,9.653699999999999
2014_12,13.647096774193548,14.45483870967742,12.299354838709677,18.68064516129032,9.952580645161289,11.918387096774195,12.282580645161291,11.864193548387098,15.919354838709678,16.57032258064516,9.55483870967742,12.930645161290323,27.562258064516133,9.21516129032258,17.186129032258062,15.817096774193548,13.73967741935484,12.251612903225807,17.740645161290324,14.899999999999999,28.728709677419356,11.961290322580645,12.875483870967741,10.100645161290323,12.580322580645161,,,,,,,,,,,,,,,,,,,,,,,,,,,14.589354838709676,6.410935483870968
2015_1,11.723870967741936,8.721612903225807,8.931612903225806,6.39483870967742,8.371935483870967,3.3087096774193547,4.702903225806451,6.312903225806451,18.976129032258065,3.5806451612903225,8.399677419354838,6.817741935483871,2.8380645161290325,15.194193548387096,5.52258064516129,6.660645161290322,3.168709677419355,4.768709677419356,9.639999999999999,9.776129032258064,4.992903225806452,15.074193548387097,6.085483870967742,6.473225806451612,3.7806451612903227,,,,,,,,,,,,,,,,,,,,,,,,,,,7.608387096774193,3.1100322580645163
2015_2,21.316785714285714,2.9135714285714287,24.321428571428573,21.084642857142857,9.228928571428572,9.451785714285714,29.240714285714287,2.578928571428572,4.177142857142857,11.745357142857143,3.099285714285714,9.981071428571429,5.397142857142858,8.465714285714286,15.717142857142857,3.6735714285714285,7.897857142857142,17.08214285714286,3.487142857142857,14.813214285714285,4.4775,4.1450000000000005,10.300714285714287,3.139642857142857,17.031785714285714,,,,,,,,,,,,,,,,,,,,,,,,,,,10.590357142857142,4.6085714285714285
2015_3,20.661290322580644,16.12483870967742,19.491612903225807,22.807741935483868,15.245161290322581,14.88258064516129,14.85741935483871,23.529032258064515,13.668709677419356,15.669032258064517,33.93677419354839,27.361612903225808,12.329677419354839,25.76064516129032,23.096129032258066,22.970967741935485,31.401935483870968,30.5641935483871,16.218387096774194,24.343225806451613,20.3141935483871,28.824516129032258,15.769677419354839,24.063870967741938,16.588387096774195,,,,,,,,,,,,,,,,,,,,,,,,,,,21.219354838709677,9.241451612903226
2015_4,20.33966666666667,65.73133333333334,54.24933333333333,49.794666666666664,23.706,44.281333333333336,76.54666666666667,66.05933333333333,61.885666666666665,24.514333333333333,67.70866666666667,67.81133333333334,44.93,31.542333333333332,37.513000000000005,23.130999999999997,91.615,40.443333333333335,39.57233333333333,75.55233333333334,57.79633333333334,84.32333333333332,57.412000000000006,60.80466666666667,32.316,,,,,,,,,,,,,,,,,,,,,,,,,,,51.98266666666667,53.41296666666667
2015_5,34.87354838709677,48.597419354838706,28.97258064516129,30.491612903225807,25.551290322580645,24.607741935483872,22.240967741935485,20.163870967741936,19.083225806451615,20.568709677419356,12.291612903225808,37.75838709677419,10.78516129032258,32.79483870967742,41.31903225806451,66.78935483870968,31.14032258064516,16.234516129032258,24.513870967741934,44.89354838709678,83.45838709677419,23.13774193548387,25.539032258064516,72.39096774193548,32.80967741935484,,,,,,,,,,,,,,,,,,,,,,,,,,,33.240645161290324,11.909193548387098
2015_6,145.996,23.743666666666666,74.83566666666667,156.46533333333335,35.162,13.946666666666665,92.74766666666666,6.784,73.20333333333333,32.330666666666666,33.288,83.68266666666666,7.9,148.03233333333336,3.4313333333333333,72.54666666666667,26.259666666666664,7.791333333333333,75.72,18.495,27.677333333333333,56.93633333333334,72.042,39.345333333333336,75.25933333333334,,,,,,,,,,,,,,,,,,,,,,,,,,,56.144666666666666,8.120466666666665
2015_7,99.97129032258064,64.14645161290322,18.25741935483871,99.78612903225806,100.79903225806451,246.708064516129,124.37225806451613,119.71064516129033,220.04032258064515,97.38387096774194,106.95387096774193,382.70677419354837,46.12096774193548,58.777096774193545,50.905806451612904,78.83354838709678,197.86193548387098,157.33967741935487,135.43709677419355,52.377419354838715,198.48870967741937,71.66548387096775,174.14709677419356,89.87774193548387,185.14096774193547,,,,,,,,,,,,,,,,,,,,,,,,,,,127.1125806451613,95.29493548387097
2015_8,193.85451612903225,76.36967741935484,127.81,207.2783870967742,265.18032258064517,191.54225806451615,212.0677419354839,156.09709677419355,110.73064516129033,255.5416129032258,76.47129032258064,74.38064516129033,132.01548387096776,80.64,117.56129032258065,231.7525806451613,136.38645161290322,122.57451612903226,47.42677419354839,226.51161290322582,116.72935483870968,186.21129032258065,89.42483870967742,52.799677419354836,179.53354838709677,,,,,,,,,,,,,,,,,,,,,,,,,,,146.67580645161289,96.87683870967741
2015_9,105.337,86.51766666666666,48.94633333333333,80.32633333333334,49.354,57.68533333333333,67.09133333333334,70.43599999999999,59.76833333333333,51.42633333333333,59.519,67.717,69.99466666666667,71.34066666666666,92.73533333333333,63.812,95.519,113.334,147.13833333333332,63.620999999999995,41.216,39.340333333333334,92.21466666666667,32.105333333333334,29.907,,,,,,,,,,,,,,,,,,,,,,,,,,,70.256,24.8436
2015_10,8.859354838709677,12.616774193548387,10.02,10.663870967741936,15.536129032258065,14.170322580645161,12.60774193548387,15.902258064516129,28.440967741935484,4.892258064516129,13.675806451612903,13.040967741935484,10.971290322580646,8.531935483870969,21.54,26.134193548387096,6.050000000000001,36.76193548387097,43.09612903225806,41.145806451612906,31.306774193548385,11.106774193548388,5.315161290322581,16.089032258064517,16.289354838709677,,,,,,,,,,,,,,,,,,,,,,,,,,,17.39,8.205419354838709
2015_11,54.89366666666667,56.45333333333334,77.33066666666667,96.153,56.30833333333333,15.104000000000001,51.51366666666666,33.96366666666667,63.49666666666667,9.017,30.543,31.411333333333335,42.30266666666667,17.91166666666667,9.072666666666667,32.031,61.32566666666666,36.525666666666666,105.40033333333332,55.138333333333335,38.961,54.30533333333334,54.436,127.20633333333333,34.94833333333334,,,,,,,,,,,,,,,,,,,,,,,,,,,49.830333333333336,58.1788
2015_12,22.546451612903226,27.00709677419355,30.674838709677417,32.637741935483874,31.001935483870966,30.862903225806452,20.86064516129032,27.228064516129034,29.789354838709677,25.141290322580645,30.49258064516129,20.16548387096774,23.44677419354839,49.63709677419355,24.006774193548388,48.4083870967742,27.32774193548387,26.22258064516129,44.44193548387097,27.12258064516129,28.713870967741936,24.37548387096774,29.39516129032258,27.281290322580645,35.59806451612903,,,,,,,,,,,,,,,,,,,,,,,,,,,29.77548387096774,30.32967741935484
2016_1,10.112903225806452,21.761290322580646,9.731612903225807,10.594193548387098,9.706451612903225,9.321935483870968,10.593870967741937,16.983548387096775,18.83645161290323,17.66483870967742,31.38741935483871,11.26,9.226451612903226,10.87225806451613,10.359354838709677,21.05483870967742,9.380322580645162,9.087741935483871,11.078387096774193,12.315483870967741,11.065483870967741,9.889677419354838,9.03,9.492258064516129,19.748709677419356,,,,,,,,,,,,,,,,,,,,,,,,,,,13.223225806451614,7.74641935483871
2016_2,5.262758620689655,17.48758620689655,3.2696551724137928,14.427931034482759,18.24827586206897,6.391034482758621,3.967241379310345,4.55103448275862,6.250344827586207,3.5155172413793103,11.083103448275862,5.502758620689655,15.357241379310345,6.27448275862069,2.6389655172413793,7.659655172413793,3.603448275862069,24.003103448275862,5.171034482758621,13.689310344827586,18.941724137931033,3.0799999999999996,5.736206896551724,2.1768965517241377,4.494137931034482,,,,,,,,,,,,,,,,,,,,,,,,,,,8.510344827586207,14.452
2016_3,41.35354838709677,50.59612903225806,40.668064516129036,90.33838709677418,35.68322580645162,40.82806451612903,40.291612903225804,33.10612903225806,33.357419354838704,29.02032258064516,38.17032258064516,62.920645161290324,31.49258064516129,54.73258064516129,51.369354838709675,48.656129032258065,63.351612903225806,39.22516129032258,71.80612903225806,41.219032258064516,50.07258064516129,53.08032258064516,26.768387096774195,40.38129032258065,45.00516129032258,,,,,,,,,,,,,,,,,,,,,,,,,,,46.13967741935484,36.288
2016_4,25.18066666666667,21.788,30.083333333333332,7.0056666666666665,43.556666666666665,14.510666666666667,16.255333333333333,45.70133333333333,36.416000000000004,78.063,20.017333333333333,10.162,98.368,62.75300000000001,25.981333333333335,15.705666666666668,18.846666666666668,41.277,34.53333333333333,71.68699999999998,38.324666666666666,26.382,28.935333333333336,36.861999999999995,31.195333333333334,,,,,,,,,,,,,,,,,,,,,,,,,,,35.183,58.6847
2016_5,91.09677419354838,70.33612903225807,75.65129032258065,71.36129032258064,23.759677419354837,24.682258064516127,162.8316129032258,19.46516129032258,91.7290322580645,63.39387096774194,46.907419354838716,44.10548387096774,49.47677419354839,89.61806451612902,64.80709677419355,48.733225806451614,19.759032258064515,39.87193548387096,29.856129032258064,42.37483870967741,54.509032258064515,49.22677419354839,74.01548387096774,127.89645161290322,43.83774193548387,,,,,,,,,,,,,,,,,,,,,,,,,,,60.77193548387097,32.22587096774193
2016_6,33.759,37.098,76.42800000000001,30.128333333333334,49.412666666666674,22.564666666666668,24.201,54.650666666666666,34.33266666666667,89.90866666666668,13.922333333333334,69.87066666666666,57.403999999999996,39.72966666666666,52.093333333333334,55.20466666666666,51.88066666666667,20.418333333333333,43.41133333333333,18.701666666666664,79.73366666666668,138.55033333333333,135.29933333333332,53.17133333333333,25.171666666666667,,,,,,,,,,,,,,,,,,,,,,,,,,,52.282666666666664,8.745833333333334
2016_7,763.3316129032257,276.34096774193546,172.31774193548387,132.35645161290324,202.55129032258066,407.79806451612905,204.25225806451613,228.06677419354838,263.2393548387097,219.66290322580645,186.9516129032258,361.1574193548387,492.6674193548387,253.9490322580645,374.60225806451615,150.1406451612903,95.25,301.1896774193549,334.1841935483871,172.44838709677418,305.4332258064516,312.4758064516129,181.27645161290323,224.79612903225808,303.3477419354839,,,,,,,,,,,,,,,,,,,,,,,,,,,276.7909677419355,316.8106451612903
2016_8,82.49096774193548,42.6841935483871,79.13612903225805,117.94032258064516,146.02967741935484,281.58225806451617,88.09516129032258,102.81806451612904,84.45903225806451,105.85967741935484,82.70516129032258,64.13709677419355,25.981290322580644,46.95322580645161,42.35354838709677,188.0041935483871,75.74709677419354,57.77935483870968,131.4016129032258,296.5664516129032,105.71903225806452,38.95451612903226,72.95903225806451,83.12741935483871,74.30935483870968,,,,,,,,,,,,,,,,,,,,,,,,,,,100.71193548387097,36.170032258064516
2016_9,78.748,64.31766666666667,61.80433333333334,50.77633333333333,67.56033333333333,39.24,61.57833333333333,80.40333333333334,61.13066666666667,139.95533333333333,59.674,39.373000000000005,143.69166666666666,81.63266666666667,50.29966666666667,125.887,63.217666666666666,65.09133333333334,67.74533333333333,83.52633333333333,69.39533333333334,78.904,33.2,124.617,144.58399999999997,,,,,,,,,,,,,,,,,,,,,,,,,,,77.45433333333334,33.84063333333333
2016_10,111.25967741935484,48.94516129032258,178.19225806451612,56.18451612903226,39.193225806451615,58.37096774193548,85.82161290322581,83.43903225806451,101.73354838709676,68.21903225806452,54.560322580645156,60.66967741935484,50.329354838709676,84.78290322580645,67.23516129032258,69.56935483870969,59.14064516129033,42.79129032258064,59.82419354838709,24.726129032258065,65.19419354838709,74.17774193548388,41.82225806451613,54.89806451612903,55.30967741935484,,,,,,,,,,,,,,,,,,,,,,,,,,,67.85548387096775,35.165741935483865
2016_11,13.544666666666666,16.614333333333335,14.743,13.942666666666666,25.892666666666667,25.259999999999998,15.812333333333333,16.858999999999998,11.776333333333334,18.587,17.622,20.50766666666667,29.588,22.299666666666667,21.145666666666667,21.17866666666667,28.817666666666664,20.683666666666667,18.250666666666667,21.365666666666666,23.462666666666667,16.017666666666667,14.559,14.972333333333333,12.908,,,,,,,,,,,,,,,,,,,,,,,,,,,19.057000000000002,12.344066666666667
2016_12,3.4048387096774193,8.511290322580646,4.345806451612903,12.733870967741936,4.079032258064516,6.635483870967741,15.313225806451612,6.779354838709677,13.881612903225806,3.3070967741935484,4.701290322580645,7.071935483870968,3.0338709677419353,6.315161290322581,21.074193548387097,3.9816129032258067,3.2854838709677416,8.085806451612903,12.854516129032259,10.365806451612904,20.809677419354838,3.641290322580645,14.62483870967742,6.261290322580645,14.225483870967743,,,,,,,,,,,,,,,,,,,,,,,,,,,8.773870967741935,26.644516129032258
2017_1,18.413548387096775,41.09129032258064,17.682580645161288,22.91741935483871,15.77741935483871,33.03193548387097,17.15806451612903,23.163548387096775,16.989032258064515,20.968709677419355,19.78322580645161,20.502903225806453,18.651935483870968,21.147419354838707,19.934193548387096,35.3358064516129,23.478387096774195,23.148387096774194,21.38064516129032,18.322580645161292,26.538064516129033,19.695806451612906,35.233870967741936,18.641612903225806,23.78806451612903,20.009354838709676,18.80032258064516,40.58709677419355,18.83483870967742,18.306129032258063,29.942258064516132,21.570967741935487,19.14516129032258,18.899677419354838,20.078387096774197,18.783548387096772,21.29064516129032,22.796774193548384,20.606451612903225,16.975161290322582,19.259999999999998,23.16290322580645,21.614838709677418,27.17290322580645,19.881612903225808,25.839354838709678,16.82709677419355,21.501290322580644,22.36741935483871,18.815483870967743,21.956129032258065,22.31032258064516,12.808741935483871
2017_2,17.158571428571427,3.078928571428571,5.324285714285714,25.6925,4.404642857142857,5.934642857142857,3.1478571428571427,2.7689285714285714,10.937857142857142,13.599285714285715,15.312142857142858,4.148928571428572,2.724642857142857,9.198571428571428,5.877142857142857,3.561071428571428,64.39607142857143,3.586785714285714,3.4932142857142856,10.208214285714286,5.493571428571428,22.257857142857144,11.803571428571429,6.221071428571428,7.345,3.169285714285714,3.6967857142857143,5.343571428571429,2.5628571428571427,3.590357142857143,3.4346428571428573,2.4992857142857146,35.41321428571429,3.8792857142857144,5.108928571428571,5.475714285714285,2.3164285714285713,2.9732142857142856,2.29,3.8339285714285714,6.249642857142858,3.237142857142857,2.9532142857142856,3.5885714285714285,5.819285714285714,3.167857142857143,4.124285714285714,4.107142857142857,8.767142857142856,7.211428571428572,2.283928571428571,7.936428571428571,8.02025
2017_3,47.09645161290322,23.115806451612904,28.6658064516129,23.323548387096775,23.549999999999997,35.63354838709678,33.884516129032264,22.03322580645161,30.345483870967744,41.40548387096774,33.89483870967742,21.555806451612902,29.21741935483871,17.820967741935483,29.683225806451613,28.91483870967742,31.688709677419357,22.892258064516128,27.830645161290324,24.671290322580642,32.14774193548387,37.491290322580646,19.449677419354842,16.95967741935484,24.405806451612904,18.546774193548387,23.396129032258063,35.47,26.610967741935482,27.501290322580644,33.372258064516124,34.72548387096774,32.935483870967744,28.146129032258063,27.406774193548387,20.307741935483868,20.12709677419355,38.69225806451613,31.341935483870966,25.01322580645161,30.92322580645161,33.645483870967745,32.806451612903224,28.195483870967742,22.003548387096775,35.02612903225806,29.88806451612903,48.46741935483871,31.58516129032258,20.633548387096774,29.113870967741935,28.894193548387097,11.76958064516129
2017_4,76.73266666666667,49.265,46.69733333333333,73.00399999999999,52.035666666666664,36.748000000000005,36.79833333333333,42.57233333333333,63.899,45.153,39.176,68.727,44.55733333333333,79.74066666666666,108.71466666666667,47.60033333333333,35.300333333333334,85.938,35.080000000000005,75.659,48.663333333333334,55.312000000000005,48.98566666666667,69.73166666666665,81.534,43.275999999999996,52.101,65.88833333333334,36.142,42.358,98.51266666666668,56.775999999999996,51.05266666666667,42.294333333333334,55.14866666666667,47.35033333333333,54.852999999999994,57.943333333333335,99.19833333333332,53.521,53.483333333333334,54.82733333333333,43.373000000000005,48.858666666666664,82.501,80.04533333333333,34.227,43.72533333333333,45.87133333333333,64.27866666666667,82.33099999999999,57.599333333333334,43.526666666666664
2017_5,20.039032258064516,26.5058064516129,64.45064516129032,37.54096774193548,20.188709677419357,41.02193548387097,8.639999999999999,11.265483870967742,38.715161290322584,11.768709677419354,24.850967741935484,30.86225806451613,9.708387096774192,35.081935483870964,29.580645161290324,23.631612903225808,27.462580645161292,28.186451612903223,21.45741935483871,34.82645161290322,11.239032258064515,40.25967741935484,32.424193548387095,20.96741935483871,7.955161290322581,24.993225806451612,16.863870967741935,46.21451612903226,17.085806451612903,33.58806451612903,87.86129032258064,72.25032258064518,66.15806451612903,12.089354838709676,15.133548387096774,35.034193548387094,25.820000000000004,22.634516129032257,17.991935483870968,16.27032258064516,19.629032258064516,52.52193548387097,28.848387096774193,69.94483870967741,33.71032258064516,9.803225806451612,52.26870967741935,24.46709677419355,30.924838709677417,19.116129032258065,29.565161290322582,30.18516129032258,9.188612903225806
2017_6,95.088,38.20399999999999,62.01733333333333,31.46066666666667,74.82066666666667,60.05833333333333,65.23233333333333,74.616,41.23833333333334,32.20233333333333,59.607,94.864,8.303,32.43033333333333,42.01,16.318333333333335,13.224666666666668,17.624333333333333,42.537,20.328666666666667,23.841333333333335,20.712666666666667,16.701,47.46133333333333,32.79066666666667,54.69566666666666,63.419666666666664,48.76566666666667,38.09633333333333,69.96366666666667,94.43033333333334,40.698,64.89633333333333,6.055000000000001,67.91233333333334,162.69733333333335,39.193333333333335,123.73533333333333,68.05333333333333,53.66566666666667,12.817666666666666,60.23533333333333,35.30266666666667,9.687999999999999,36.374,107.07666666666667,26.947333333333333,13.338,20.237666666666666,32.793,18.709333333333333,47.715333333333334,6.581566666666666
2017_7,277.6932258064516,401.04129032258066,353.13451612903225,208.83935483870965,225.46935483870968,296.65645161290325,154.61387096774192,236.39193548387095,109.27774193548387,316.37806451612903,300.518064516129,287.30645161290323,302.82903225806456,293.20032258064515,188.82580645161292,220.29548387096773,230.85193548387096,344.30064516129033,334.3035483870968,166.41870967741937,151.10193548387096,269.5461290322581,219.89161290322582,241.4306451612903,282.81935483870967,242.00451612903228,485.143870967742,276.1141935483871,179.00064516129035,217.9235483870968,243.0193548387097,296.2216129032258,179.57096774193548,211.36806451612904,498.7229032258064,192.58870967741936,181.32612903225808,387.15161290322584,217.97645161290322,214.06290322580645,244.6525806451613,177.85903225806453,294.26032258064515,203.4483870967742,138.3532258064516,394.66354838709674,204.2725806451613,211.59870967741935,148.34548387096774,328.80258064516124,308.88774193548386,256.67548387096775,312.84390322580646
2017_8,97.87322580645161,103.44129032258066,180.6016129032258,209.48064516129034,135.18483870967742,265.7316129032258,91.57774193548387,178.30645161290323,59.365161290322575,195.92580645161289,148.64354838709676,112.82774193548387,171.0106451612903,67.65096774193549,189.01709677419353,174.03806451612905,174.14000000000001,436.1487096774194,199.48483870967743,217.90806451612903,183.8809677419355,161.59516129032258,206.66612903225806,122.67806451612903,266.6348387096774,122.51064516129033,163.04451612903227,62.483870967741936,168.37225806451613,282.4925806451613,193.3790322580645,270.6306451612903,60.130645161290325,256.06774193548387,119.89290322580645,75.6516129032258,123.47193548387096,111.12838709677419,167.998064516129,219.22290322580645,160.52612903225807,186.79612903225808,75.59870967741935,201.7393548387097,95.12,212.77161290322582,109.84612903225806,96.87774193548387,78.18193548387096,243.4116129032258,85.7883870967742,162.60709677419354,282.3138064516129
2017_9,49.67933333333334,29.738333333333333,61.92733333333333,57.904999999999994,29.059666666666665,58.404333333333334,21.760333333333335,75.63733333333333,57.343333333333334,50.791333333333334,47.10066666666667,48.025333333333336,29.450666666666667,34.39366666666667,26.96966666666667,41.099666666666664,57.343666666666664,78.18299999999999,33.11633333333334,93.29266666666666,67.63866666666667,20.714666666666666,95.67866666666667,47.23833333333334,25.341666666666665,41.021,64.18566666666666,34.691,43.003,54.160000000000004,27.56,38.774,34.49433333333333,77.46133333333334,59.35466666666666,42.590333333333334,46.084666666666664,38.074666666666666,30.209,26.003666666666668,25.17733333333333,54.051,52.425,38.309666666666665,62.73833333333334,67.18933333333334,33.525666666666666,76.62966666666667,96.14899999999999,38.06066666666666,53.789,48.893,27.189566666666668
2017_10,38.01129032258064,10.556451612903226,9.687096774193549,35.215161290322584,30.470967741935485,11.038064516129033,38.60838709677419,57.122258064516124,28.16322580645161,60.03290322580645,10.800645161290323,12.665806451612903,36.82064516129032,41.303548387096775,42.01387096774194,93.26709677419356,25.682258064516127,41.10548387096774,83.90774193548387,32.20903225806452,8.960967741935484,60.718387096774194,48.423870967741934,26.892258064516128,9.717096774193548,33.34483870967742,14.333548387096775,27.369032258064518,19.192903225806454,16.720000000000002,19.43903225806452,32.13354838709677,19.22741935483871,29.453225806451613,18.695806451612906,16.22032258064516,21.156129032258065,29.688387096774196,15.010645161290322,33.149354838709684,22.17838709677419,24.14741935483871,42.90354838709678,12.391935483870967,21.63032258064516,10.682903225806452,15.99741935483871,21.103225806451615,69.91741935483871,16.275806451612905,14.40709677419355,29.610967741935486,15.041290322580647
2017_11,33.71066666666666,39.37466666666667,20.744333333333334,17.913666666666664,11.994666666666667,24.83566666666667,21.202333333333335,16.084,12.831666666666667,35.947,33.208333333333336,17.044,61.092666666666666,18.587666666666667,10.754333333333333,35.589666666666666,24.470666666666666,20.353666666666665,30.18933333333333,12.374666666666666,12.331,14.695,18.051333333333332,12.243,24.060333333333332,11.499666666666666,28.137666666666668,15.236333333333333,23.38566666666667,15.613333333333333,19.339,17.212666666666667,9.280333333333335,21.031,10.458666666666666,22.000999999999998,20.397333333333332,9.589666666666666,14.432666666666668,27.641000000000002,20.081333333333337,16.620333333333335,11.904666666666666,14.437999999999999,23.421,14.998333333333333,17.372,14.163333333333332,61.008,19.708000000000002,18.26966666666667,21.116333333333333,7.862399999999999
2017_12,3.674516129032258,3.3793548387096775,3.383870967741936,2.8087096774193547,12.031935483870969,2.9070967741935485,6.014193548387096,6.033225806451613,5.393225806451613,4.384193548387096,3.576451612903226,3.57741935483871,5.750322580645161,10.533225806451615,3.6477419354838707,4.434516129032258,2.638709677419355,5.601290322580645,4.169032258064516,3.3619354838709676,3.669677419354839,3.6693548387096775,3.6738709677419354,8.26032258064516,4.323548387096774,2.8883870967741934,4.491935483870968,3.791612903225807,3.4980645161290322,3.143548387096774,5.335806451612903,5.507419354838709,3.667741935483871,5.864193548387097,4.215806451612903,3.47,3.9383870967741936,2.838709677419355,4.184516129032258,3.3245161290322582,3.5561290322580645,3.089677419354839,3.8070967741935484,4.931935483870968,4.111935483870968,9.233548387096775,3.0080645161290325,7.347096774193548,3.4729032258064514,4.637096774193548,4.239677419354839,4.558064516129033,5.155741935483871
2018_1,2.0116129032258065,13.984838709677419,2.446774193548387,3.5538709677419353,2.4767741935483873,2.6712903225806452,6.8587096774193546,2.0387096774193547,3.417741935483871,13.49516129032258,2.3609677419354838,2.533548387096774,2.2254838709677416,2.0325806451612904,2.843225806451613,3.3487096774193548,2.03,2.125483870967742,6.5922580645161295,3.2106451612903224,2.8087096774193547,8.641935483870967,2.4416129032258063,2.3245161290322582,2.4570967741935483,2.788064516129032,3.93,2.193548387096774,2.208387096774193,3.2229032258064514,2.8319354838709674,3.694516129032258,2.7425806451612904,3.3364516129032262,2.3409677419354837,2.2938709677419356,3.4987096774193547,4.3429032258064515,2.2506451612903224,2.821935483870968,2.8070967741935484,2.0987096774193548,2.276774193548387,3.5929032258064515,2.1132258064516125,3.3703225806451615,3.2561290322580643,16.459032258064518,2.30258064516129,3.0370967741935484,2.444516129032258,3.708387096774193,4.366741935483871
2018_2,5.0182142857142855,3.590357142857143,6.0625,14.906785714285714,2.1475,2.8535714285714286,3.2010714285714283,2.0589285714285714,31.072142857142858,2.5482142857142853,2.9675000000000002,2.1392857142857142,7.241071428571429,4.596785714285715,4.361071428571429,17.416785714285716,1.9903571428571427,5.7196428571428575,2.067142857142857,2.0557142857142856,11.497857142857143,3.6242857142857146,6.105714285714286,4.609285714285714,5.3707142857142856,6.823928571428572,7.943214285714285,2.4549999999999996,7.779285714285714,7.233928571428572,2.1560714285714284,3.046071428571428,33.107142857142854,30.152142857142856,3.445,2.9053571428571425,2.236428571428571,2.0025,3.0807142857142855,3.311071428571428,2.3024999999999998,2.3175,4.018571428571429,4.190357142857143,6.528571428571429,2.555,34.00857142857143,11.396071428571428,7.614285714285714,22.68607142857143,2.0067857142857144,7.304285714285713,5.041285714285714
2018_3,39.20741935483871,38.748064516129034,71.40483870967742,60.093870967741935,48.61451612903225,36.75290322580645,63.80935483870967,33.06612903225806,49.688709677419354,32.01161290322581,28.98709677419355,32.541612903225804,38.50709677419355,40.79290322580645,40.72451612903226,70.66258064516128,58.13225806451613,29.346774193548388,42.82032258064516,31.032258064516128,42.006129032258066,48.145806451612906,48.30612903225806,52.45903225806452,58.20322580645161,42.37516129032257,31.619032258064518,48.469032258064516,43.686129032258066,49.513225806451615,34.61290322580645,59.68,35.229032258064514,44.83774193548387,64.79645161290323,43.30032258064516,48.666774193548385,64.33483870967743,58.344193548387096,53.546129032258065,44.89387096774194,42.950967741935486,51.306451612903224,26.831935483870968,34.163548387096775,27.200000000000003,47.364838709677414,47.77903225806452,54.615483870967736,60.31806451612903,40.19258064516129,45.817741935483866,28.498225806451615
2018_4,44.158,70.634,51.36933333333333,95.56866666666666,129.40066666666667,97.28433333333334,77.63666666666667,111.77533333333332,56.722,65.35966666666667,46.05233333333333,92.24433333333333,47.98133333333333,38.68833333333334,64.38433333333333,47.66233333333333,54.247,59.189,67.341,60.794666666666664,96.646,53.43266666666667,71.61433333333333,69.06933333333333,99.09833333333333,110.91033333333333,56.20666666666667,55.434999999999995,73.348,61.785,36.818999999999996,151.943,46.091,140.871,99.67133333333332,52.41166666666666,56.12433333333333,95.13466666666666,59.425,90.71366666666667,82.14633333333333,55.660999999999994,50.76533333333334,32.17466666666667,57.77733333333333,73.26,168.498,63.663333333333334,50.800666666666665,60.91866666666667,65.931,72.87899999999999,86.79503333333334
2018_5,95.2783870967742,29.788064516129033,54.836129032258064,37.13193548387097,45.67258064516129,34.89322580645162,48.98967741935484,30.21161290322581,38.428709677419356,49.89870967741936,35.17161290322581,32.09935483870968,53.39322580645162,34.24161290322581,31.580645161290324,42.12870967741936,29.87,30.10225806451613,49.019354838709674,31.46677419354839,103.8883870967742,138.10096774193548,31.131612903225804,68.75193548387097,25.868387096774192,67.33709677419354,47.01064516129032,79.56354838709677,51.01451612903226,30.458709677419357,59.17193548387097,40.89032258064516,40.156451612903226,72.59483870967742,31.190645161290323,23.182580645161288,58.84870967741935,92.6832258064516,71.60032258064517,34.137741935483874,29.73161290322581,45.98225806451613,36.039032258064516,61.05193548387096,37.14387096774194,56.899677419354845,28.567741935483873,31.038709677419355,37.71709677419355,100.60677419354839,43.215806451612906,49.211290322580645,156.4697741935484
2018_6,13.795333333333334,107.39266666666667,31.766333333333332,23.561333333333334,47.82,52.14866666666667,13.21,65.31266666666667,89.86333333333333,52.940666666666665,85.67466666666665,13.484666666666667,20.48866666666667,10.952666666666666,11.671666666666665,57.242333333333335,100.45866666666666,45.223,12.042333333333334,53.575,10.599666666666668,17.207,60.22866666666666,53.78666666666666,29.841,42.57233333333333,53.190000000000005,23.301,101.02933333333334,14.183333333333334,13.860666666666667,181.697,10.865,120.44266666666667,20.316666666666666,15.253666666666668,30.537,78.86633333333333,105.5,47.51833333333333,28.927666666666667,64.01,24.229,11.680333333333333,115.60366666666667,26.813666666666666,58.415333333333336,26.21,26.28533333333333,77.213,13.421333333333333,47.29766666666667,17.3471
2018_7,262.21806451612906,214.67903225806452,131.2474193548387,203.0783870967742,89.31548387096775,164.43645161290323,109.71387096774194,112.38967741935484,182.65064516129033,171.53,271.00774193548386,267.05483870967737,131.3258064516129,180.43387096774194,295.5925806451613,98.19806451612902,515.3848387096774,155.87354838709678,283.97645161290325,146.4267741935484,133.5567741935484,289.36483870967743,149.32258064516128,267.89677419354837,99.03935483870967,204.70967741935485,170.2535483870968,124.39516129032258,186.46193548387095,81.9132258064516,241.79225806451615,336.0106451612903,379.7512903225806,333.21903225806454,299.31451612903226,125.22387096774193,160.4174193548387,77.10903225806452,208.79419354838709,130.38387096774193,222.67774193548388,167.5090322580645,103.63032258064516,177.96870967741935,162.48,102.45387096774193,244.95580645161291,245.24096774193546,178.4083870967742,101.31451612903226,243.08354838709678,194.80741935483871,156.71790322580645
2018_8,18.908709677419353,93.10709677419355,125.88290322580644,29.506129032258066,44.04806451612903,103.03548387096774,39.39387096774194,69.21774193548387,11.791290322580645,40.255483870967744,13.067419354838709,142.38451612903225,52.27258064516129,51.60806451612903,193.7125806451613,97.03064516129034,27.57709677419355,33.038709677419355,156.3274193548387,186.8025806451613,147.80870967741936,296.778064516129,48.56935483870968,57.20612903225806,138.34548387096774,138.23580645161292,23.07,29.57,73.15838709677419,109.16129032258064,34.48612903225806,115.54290322580646,32.502258064516134,48.943548387096776,48.8,180.78516129032258,65.57064516129033,338.0545161290322,22.783548387096772,127.79838709677419,86.21935483870968,122.05709677419355,13.556451612903226,175.13387096774193,45.14903225806452,113.9683870967742,43.68741935483871,208.52161290322582,92.75032258064515,135.67806451612904,190.21806451612903,94.76548387096774,168.31758064516129
2018_9,52.559666666666665,70.82199999999999,101.104,142.27866666666665,130.68266666666668,48.71,137.38366666666667,150.73100000000002,84.747,73.26933333333334,59.96566666666667,110.602,220.64533333333333,71.324,89.316,76.15033333333334,83.80166666666668,80.44666666666667,256.5726666666667,91.81833333333334,110.40133333333333,166.94366666666667,55.089333333333336,62.031333333333336,81.21133333333334,86.83999999999999,117.96499999999999,198.089,70.96266666666666,47.977333333333334,57.22866666666667,170.32000000000002,52.53933333333334,85.473,103.93233333333333,148.29933333333335,95.29299999999999,132.63633333333334,110.45233333333333,114.97133333333333,126.79033333333334,105.79666666666667,134.774,171.299,58.748333333333335,177.08033333333333,70.92399999999999,185.42533333333333,75.21033333333334,175.36066666666665,117.38166666666667,109.812,63.696466666666666
2018_10,63.54096774193548,10.296129032258065,28.128709677419355,28.145806451612902,11.93032258064516,16.093870967741935,29.384838709677418,41.86612903225806,70.75806451612904,21.35741935483871,39.41967741935484,44.756129032258066,68.3025806451613,77.65387096774194,27.2558064516129,38.332258064516125,15.97709677419355,10.051290322580645,62.82709677419354,33.97741935483871,39.36677419354839,34.94967741935484,59.89129032258065,28.254193548387097,50.71354838709677,28.07161290322581,27.263870967741934,12.669677419354839,34.09193548387096,13.97967741935484,11.959354838709677,40.829354838709676,13.966129032258063,38.589354838709674,29.432580645161288,42.40225806451613,16.73709677419355,41.47129032258065,16.596451612903227,15.994193548387097,24.835483870967742,35.960967741935484,101.59451612903226,35.77129032258065,14.118064516129033,46.1058064516129,21.825483870967744,66.7216129032258,28.436774193548384,44.354193548387094,17.83225806451613,34.80032258064516,51.68041935483871
2018_11,21.245,21.195,26.096666666666668,23.941333333333333,25.499000000000002,15.677333333333333,29.035666666666668,40.525333333333336,31.13566666666667,20.113666666666667,41.883,25.898000000000003,30.782666666666668,19.824,30.843666666666667,33.97666666666667,23.343,17.275333333333332,32.44766666666666,18.999333333333333,30.994000000000003,21.882,33.585,34.17666666666666,23.636000000000003,27.811333333333334,24.801,34.026666666666664,25.427,37.65366666666667,24.474,34.62566666666667,36.17666666666666,24.056333333333335,43.774,25.419,24.378333333333334,28.824666666666666,48.75933333333333,34.46066666666666,27.067,21.217666666666666,29.737000000000002,27.582666666666668,27.270333333333333,23.927666666666667,22.145333333333333,19.470666666666666,34.112,24.500333333333334,16.813333333333333,27.892333333333333,46.94143333333333
2018_12,8.176129032258064,9.201290322580645,9.103548387096774,12.387096774193548,11.144838709677419,10.073870967741936,6.60741935483871,6.734193548387096,11.647096774193548,14.775806451612903,7.833548387096775,12.23258064516129,9.95258064516129,7.348709677419355,14.717096774193548,10.649032258064516,11.496774193548388,7.47516129032258,7.42225806451613,10.95516129032258,8.429354838709678,13.540000000000001,5.25516129032258,10.452903225806452,9.211290322580645,7.694516129032258,17.45741935483871,14.663870967741936,7.770967741935484,8.639677419354838,11.355806451612903,8.04483870967742,9.478387096774194,8.577741935483871,10.546129032258065,8.515806451612903,13.014516129032257,9.09032258064516,17.227741935483873,10.22709677419355,8.826129032258065,12.168387096774195,10.038387096774194,8.665483870967742,11.136129032258063,19.40258064516129,11.77258064516129,13.672580645161291,8.013870967741935,16.44677419354839,8.967419354838709,10.553870967741936,13.72241935483871
2019_1,2.895806451612903,3.97741935483871,10.196451612903225,6.007096774193548,3.5238709677419355,3.6229032258064517,6.888064516129032,9.624193548387098,4.219677419354839,8.649354838709677,8.79225806451613,2.9303225806451616,4.893225806451613,4.4393548387096775,5.854838709677419,9.36774193548387,18.050322580645158,3.6803225806451616,5.110322580645161,17.298387096774192,6.996774193548387,16.234193548387097,8.797741935483872,17.23032258064516,3.9132258064516128,5.532903225806452,16.178709677419356,3.3770967741935483,3.714193548387097,14.15548387096774,4.158387096774193,3.1432258064516128,5.163225806451613,3.849354838709677,7.481612903225806,4.360967741935484,2.5832258064516127,8.458064516129031,8.679677419354839,11.160322580645163,3.856451612903226,5.844516129032258,4.91258064516129,7.541612903225806,3.850322580645161,2.823225806451613,6.571612903225806,9.123225806451613,18.728387096774195,11.925483870967742,15.695806451612903,7.57,6.855645161290322
2019_2,3.6332142857142857,6.109285714285714,3.1999999999999997,8.090714285714286,3.6853571428571428,5.772142857142858,22.735000000000003,9.715714285714286,2.3871428571428575,5.99,19.454285714285714,12.312857142857142,10.873214285714285,3.164285714285714,14.084642857142857,15.49642857142857,3.8432142857142857,32.675,23.079642857142858,6.250357142857142,11.679642857142856,3.777857142857143,10.038571428571428,33.9775,13.155714285714286,2.5389285714285714,9.688214285714285,13.270714285714286,11.613928571428572,7.709642857142858,3.016428571428571,14.045,15.309285714285716,5.968214285714287,11.448214285714286,2.2464285714285714,3.9692857142857143,7.5528571428571425,5.320357142857143,7.613571428571428,14.3775,3.8646428571428575,3.8214285714285716,7.371071428571428,8.876071428571429,5.674285714285714,22.76214285714286,10.799999999999999,3.5707142857142857,6.811428571428571,16.262857142857143,10.014285714285714,7.904107142857143
2019_3,32.21935483870968,45.046129032258065,33.137741935483874,33.94225806451613,29.88741935483871,34.402580645161294,30.01322580645161,31.546129032258065,35.5041935483871,31.658709677419356,23.0,29.05838709677419,25.547096774193548,39.84290322580645,46.76838709677419,32.435483870967744,27.192903225806454,39.34806451612903,33.40451612903226,24.23161290322581,28.903548387096773,45.77967741935484,44.42903225806452,27.343870967741935,30.711290322580645,40.37193548387096,31.603548387096776,31.42258064516129,37.33806451612903,35.83774193548387,28.641612903225806,37.081935483870964,31.02258064516129,33.506129032258066,22.090645161290322,30.18032258064516,22.783548387096772,26.611290322580647,24.654193548387095,25.253870967741936,23.38064516129032,22.77064516129032,35.789032258064516,42.93741935483871,32.71806451612903,23.176129032258064,23.75225806451613,23.323870967741936,27.34451612903226,35.07387096774193,25.162580645161288,31.552258064516128,17.025193548387094
2019_4,80.02233333333334,73.4,33.95166666666667,30.093999999999998,86.09366666666666,46.525666666666666,30.949666666666666,25.801666666666666,43.82733333333333,22.282,72.836,49.48633333333333,30.684666666666665,53.333666666666666,27.941333333333333,28.172666666666665,44.49166666666667,41.611999999999995,32.859,25.73166666666667,26.541,57.191,74.27966666666666,34.60566666666667,49.385,32.193,50.39633333333334,42.56466666666667,44.803,54.971000000000004,45.37066666666667,39.926,29.735,60.705000000000005,36.07666666666667,80.51133333333334,70.23866666666666,30.384666666666664,51.075,51.278666666666666,80.95800000000001,50.598,42.32166666666667,67.72666666666666,31.512666666666668,36.10066666666667,53.33133333333333,37.768,23.371666666666666,55.70133333333333,39.455333333333336,46.29866666666667,26.880233333333333
2019_5,77.58774193548386,13.229354838709678,16.78483870967742,24.12258064516129,33.05451612903226,12.493548387096775,19.104193548387098,34.77129032258065,21.155483870967743,18.623870967741937,34.67774193548387,24.417096774193546,39.859032258064516,21.644516129032258,18.176451612903225,23.68322580645161,17.07967741935484,29.726129032258065,29.96516129032258,17.171290322580646,18.25,24.003870967741936,11.606129032258066,18.296129032258065,43.50645161290323,16.24838709677419,36.94903225806452,65.27483870967743,89.90451612903226,29.95258064516129,24.693870967741937,24.68967741935484,61.29870967741935,32.027741935483874,17.098387096774193,21.746451612903225,16.66032258064516,157.41032258064516,16.144193548387097,24.910967741935483,25.024838709677418,23.12677419354839,19.081935483870968,12.268709677419354,18.440645161290323,19.08967741935484,10.564193548387097,41.41451612903226,26.897096774193546,17.476451612903226,12.572258064516129,29.489677419354837,10.661548387096774
2019_6,5.905666666666666,96.50133333333333,85.35866666666668,46.082,135.125,11.032666666666668,38.709666666666664,43.13533333333333,32.10066666666667,96.645,71.64433333333334,125.73033333333333,46.13066666666667,28.332,27.170333333333335,35.714333333333336,52.47866666666666,64.69066666666667,31.516333333333332,18.067,31.52,76.14533333333334,39.366,23.503666666666668,83.84700000000001,32.867333333333335,65.95233333333333,29.67233333333333,27.33833333333333,8.777,10.462333333333333,33.70233333333333,61.38700000000001,57.11566666666667,39.337333333333326,54.88733333333333,66.717,92.54833333333333,12.962666666666667,3.6846666666666668,70.04066666666667,22.146666666666665,4.540666666666667,20.615333333333336,41.41766666666667,34.22566666666667,16.558333333333334,128.03066666666666,32.553666666666665,84.22800000000001,30.32766666666667,47.618,16.1189
2019_7,198.99516129032259,205.66129032258064,39.061290322580646,269.93290322580646,141.24064516129033,45.03774193548387,203.2474193548387,320.8464516129032,102.51870967741935,203.18387096774194,311.8732258064516,36.65774193548388,41.12967741935484,273.7770967741936,92.56096774193549,24.28258064516129,175.08806451612904,92.55032258064516,181.2274193548387,69.46387096774194,210.44193548387096,301.04548387096776,208.95193548387098,36.953548387096774,88.60967741935484,177.06451612903226,107.32709677419355,116.11258064516129,221.97709677419354,73.85774193548387,212.95096774193547,110.17935483870967,131.86741935483872,39.76483870967742,136.94838709677418,68.07064516129033,277.7706451612903,70.92645161290324,40.60290322580645,97.5425806451613,292.8412903225806,37.61354838709677,179.81709677419354,144.50967741935486,95.30387096774194,94.24258064516128,244.1390322580645,105.74741935483871,159.27064516129033,118.55032258064516,89.2116129032258,143.50129032258064,64.8047741935484
2019_8,80.27129032258064,76.51064516129033,106.15516129032258,92.85677419354839,322.12,41.03774193548387,47.83870967741935,175.9474193548387,182.1674193548387,163.48870967741934,76.54516129032258,158.55451612903224,75.94032258064516,233.1874193548387,276.1758064516129,90.61258064516129,242.12677419354839,147.51709677419353,103.20064516129032,69.50806451612904,149.27354838709675,114.94483870967741,65.10483870967742,75.81612903225808,147.54419354838709,238.74096774193546,141.54225806451615,254.63612903225808,110.8258064516129,71.33516129032257,126.44096774193548,55.534838709677416,93.02806451612904,147.66774193548386,211.98193548387098,71.3016129032258,147.68903225806451,207.49064516129033,209.37064516129033,149.4748387096774,164.79032258064515,290.47903225806454,81.01,115.27354838709678,144.678064516129,113.24677419354839,203.69032258064516,55.06193548387097,146.24774193548387,66.20258064516129,112.44193548387096,138.12935483870967,118.1951935483871
2019_9,126.60233333333333,120.37100000000001,139.736,234.01266666666666,230.76566666666668,135.81333333333333,114.13766666666668,70.14766666666667,191.934,111.02866666666667,100.45366666666668,137.352,173.50433333333334,164.08866666666665,186.63866666666667,46.55833333333333,192.85399999999998,201.62733333333333,235.332,101.27433333333333,129.41966666666667,147.14600000000002,70.28333333333333,138.942,81.27566666666667,116.489,97.15833333333333,105.696,79.83533333333334,161.12699999999998,87.11200000000001,69.89933333333333,108.60333333333332,65.93033333333334,81.954,87.097,148.34833333333333,108.65233333333335,110.809,31.108333333333334,109.86033333333333,121.20700000000001,96.98133333333334,111.66033333333333,167.49966666666666,111.98733333333332,103.39933333333333,106.61133333333333,82.07166666666667,49.596,122.74433333333333,122.05466666666666,89.37259999999999
2019_10,106.13,87.28870967741936,80.51354838709678,101.65870967741935,101.3441935483871,51.240645161290324,114.95,81.19645161290323,109.43903225806451,122.56354838709679,76.44870967741934,73.2725806451613,114.01677419354839,131.59032258064516,85.69612903225806,78.67064516129032,80.90096774193549,179.05129032258066,75.12709677419355,95.56032258064516,139.30387096774194,72.86,62.21193548387097,28.136774193548387,126.26354838709678,63.170967741935485,75.21064516129032,111.25322580645161,108.88096774193548,114.02516129032257,109.15064516129033,78.9658064516129,110.23516129032258,138.25645161290322,154.64322580645162,70.97548387096774,94.71129032258065,77.37516129032258,121.74290322580644,96.16258064516128,118.0583870967742,111.32000000000001,34.807096774193546,84.34548387096774,74.76774193548387,63.38870967741936,66.19548387096773,132.7277419354839,97.62741935483871,102.62387096774194,154.9093548387097,96.8816129032258,44.87296774193548
2019_11,13.252666666666666,8.259,7.715,5.559333333333333,9.556333333333333,16.90566666666667,7.8229999999999995,9.47,21.013333333333332,5.592,5.162999999999999,7.235,9.359,8.398,21.249333333333333,19.774,8.600999999999999,16.041999999999998,5.732333333333333,5.336666666666667,6.826666666666667,12.811,11.272666666666668,15.006666666666666,8.426666666666668,12.046666666666665,28.900333333333332,8.661666666666667,6.853,12.538,6.789000000000001,17.765666666666668,13.856666666666666,5.457333333333334,10.427666666666665,22.737333333333332,17.377666666666666,11.799000000000001,39.13766666666666,12.697666666666667,17.750999999999998,9.685333333333334,11.894,4.454,7.080333333333333,9.826333333333334,13.654666666666666,8.913666666666668,7.6866666666666665,19.939999999999998,13.791333333333334,12.119333333333334,22.1323
2019_12,13.807096774193548,14.553548387096775,13.397419354838709,18.89774193548387,16.166451612903227,22.188387096774196,18.692903225806454,12.535483870967743,38.26161290322581,12.846129032258066,15.473548387096775,18.106451612903225,18.616451612903226,19.77064516129032,15.569354838709677,13.821612903225807,18.303870967741933,16.518064516129034,19.531935483870967,18.29741935483871,16.18935483870968,16.318064516129034,17.54,15.037096774193548,16.74967741935484,15.916774193548388,18.07967741935484,17.769032258064517,21.45387096774194,15.972580645161292,14.986451612903226,14.152903225806451,14.885483870967741,14.254838709677419,18.340645161290322,15.625483870967741,17.490000000000002,17.475806451612904,13.248709677419354,13.963225806451613,22.07935483870968,14.775806451612903,15.818064516129033,20.45258064516129,17.976451612903226,29.30258064516129,22.985806451612905,21.570967741935487,22.720000000000002,17.39774193548387,18.57,17.734516129032258,9.874548387096773
2020_1,28.37483870967742,28.698387096774194,17.836129032258064,46.84774193548387,23.18387096774193,15.111612903225806,32.54064516129032,24.450322580645164,13.879032258064516,41.26709677419355,11.099677419354839,47.060645161290324,34.05903225806451,24.062903225806455,18.63935483870968,13.453870967741935,6.595806451612903,30.15967741935484,26.15838709677419,10.535806451612904,21.07903225806452,10.18032258064516,32.72870967741935,40.28935483870968,32.24290322580645,30.726129032258065,11.484838709677419,14.083870967741936,49.08387096774193,41.858709677419355,28.35516129032258,31.01967741935484,9.066451612903226,29.12451612903226,20.58967741935484,33.657419354838716,8.291290322580647,10.993548387096775,14.931935483870967,30.26483870967742,17.877741935483872,32.314516129032256,51.25,14.346129032258066,45.62,48.314516129032256,27.075483870967744,20.470000000000002,14.333870967741936,27.609032258064516,17.87741935483871,25.709032258064518,46.98951612903225
2020_2,34.23586206896552,40.75241379310344,40.62862068965517,23.12896551724138,37.234482758620686,28.455172413793104,34.22896551724138,65.25758620689655,34.986896551724136,33.699999999999996,28.15206896551724,38.91172413793104,32.457931034482755,31.526896551724136,48.540000000000006,33.791034482758626,34.495862068965515,71.57413793103449,31.180689655172415,38.04344827586207,43.40172413793104,53.87620689655173,45.255172413793105,67.69448275862068,25.70931034482759,68.59206896551724,25.294827586206896,31.222758620689657,26.318620689655173,45.30965517241379,47.08896551724138,33.02310344827586,43.679655172413796,44.4896551724138,32.58827586206896,33.857241379310345,34.548965517241385,39.69275862068965,29.74310344827586,47.39344827586207,78.52620689655173,44.76586206896552,31.394137931034482,53.64862068965517,42.87344827586207,25.95103448275862,36.352758620689656,34.90448275862069,72.10310344827586,31.839655172413792,26.63586206896552,40.37379310344827,20.698862068965518
2020_3,58.01870967741935,66.63935483870968,55.95258064516129,58.145806451612906,65.44193548387096,58.92322580645162,42.68354838709678,53.88580645161291,75.31774193548387,46.89645161290323,65.66129032258064,41.41548387096774,64.19064516129032,47.48225806451613,53.58096774193548,36.01032258064516,52.95322580645161,52.65161290322581,77.6558064516129,55.83354838709677,43.012903225806454,51.47677419354839,51.656129032258065,64.03354838709677,47.06354838709677,40.372258064516124,49.47774193548387,67.50225806451614,70.56064516129032,50.6158064516129,63.847096774193545,43.92677419354839,62.19064516129033,70.27612903225807,54.40806451612904,46.20903225806452,70.87806451612904,59.20612903225807,47.57354838709677,54.45903225806452,68.47354838709677,59.130967741935486,46.480000000000004,51.983548387096775,56.135161290322586,59.42580645161291,53.14064516129032,51.73096774193548,47.836774193548386,48.663548387096775,62.98225806451613,55.7658064516129,37.926806451612904
2020_4,21.439,10.349,48.62566666666667,14.033,41.669666666666664,35.575,13.046666666666665,52.89966666666667,38.51733333333333,36.298,20.176333333333332,37.907333333333334,13.499333333333334,10.626333333333333,14.697333333333335,19.213,36.739333333333335,17.737000000000002,35.221000000000004,21.904999999999998,46.632666666666665,65.224,20.691333333333333,41.39366666666667,23.107666666666667,24.25433333333333,52.07733333333333,37.99333333333333,36.733,32.848,26.653666666666666,37.339000000000006,33.93366666666667,16.091666666666665,12.175999999999998,25.043333333333333,53.199,12.431666666666667,31.872333333333334,58.379,18.23033333333333,18.634,21.81866666666667,19.218,28.262,44.02333333333333,35.37,40.62433333333333,38.12866666666666,45.58633333333333,48.421,31.108666666666668,32.511633333333336
2020_5,25.155161290322578,23.02258064516129,14.378709677419355,26.668709677419354,31.473870967741938,5.5522580645161295,14.547741935483872,13.341290322580644,15.995483870967742,42.89290322580646,22.969354838709677,27.858064516129033,7.317096774193549,13.029677419354838,40.55516129032258,5.9880645161290325,24.00548387096774,40.50709677419355,16.32548387096774,9.414193548387098,24.798387096774192,35.58032258064516,26.901612903225804,50.958064516129035,22.6858064516129,16.60967741935484,23.773548387096774,12.240645161290324,12.675806451612903,14.53516129032258,24.583225806451615,48.78354838709677,11.106129032258066,23.58290322580645,14.003225806451614,46.51870967741935,41.145806451612906,57.16193548387097,44.104516129032255,38.96032258064516,26.27064516129032,84.92967741935485,37.309677419354834,44.22709677419355,6.243870967741936,24.773225806451613,16.231290322580644,40.04354838709677,25.280645161290323,41.13225806451613,34.471612903225804,27.305806451612902,75.14416129032259
2020_6,55.92133333333334,43.806000000000004,110.73100000000001,45.27133333333333,26.596,114.90633333333334,17.727666666666668,21.140666666666668,119.656,33.82333333333334,73.62100000000001,64.013,38.07933333333334,20.451,21.005,11.305666666666667,16.032666666666668,50.97933333333334,16.924333333333333,14.654666666666666,41.400333333333336,37.557,75.60066666666667,124.94366666666666,14.121,99.12366666666667,34.35033333333333,12.258333333333333,51.78933333333334,26.107000000000003,57.835,75.084,13.491000000000001,60.510999999999996,181.30166666666668,45.274,174.15966666666665,19.288666666666664,110.25733333333334,48.211999999999996,28.549,13.836333333333332,129.293,107.87566666666666,107.76700000000001,41.669,24.028666666666666,65.61066666666667,117.06733333333334,41.61299999999999,102.624,58.809333333333335,26.653866666666666
2020_7,355.5254838709677,194.5283870967742,187.40870967741935,83.2358064516129,174.60838709677418,191.41967741935485,247.63193548387096,374.1190322580645,272.2267741935484,250.35612903225805,117.80419354838709,161.99612903225807,522.853870967742,201.52193548387098,408.731935483871,163.1541935483871,87.09774193548388,255.15290322580645,239.30870967741936,276.2958064516129,217.78645161290322,265.95000000000005,294.3925806451613,392.1716129032258,317.458064516129,409.6693548387097,184.50935483870967,214.0167741935484,217.43451612903226,382.43774193548387,154.3009677419355,104.21419354838709,306.62870967741935,277.6470967741935,206.26806451612904,203.51645161290324,344.3106451612903,289.81709677419354,183.25032258064516,121.37258064516128,290.2154838709678,189.08645161290323,221.7590322580645,346.4577419354839,172.97806451612902,325.3909677419355,240.32548387096776,478.9006451612903,348.41225806451615,201.95290322580644,92.34903225806453,250.19516129032257,156.80474193548386
2020_8,263.3190322580645,451.89903225806455,312.9729032258064,332.66129032258067,223.3474193548387,548.8645161290323,317.27,561.9225806451612,291.94354838709677,544.3948387096775,338.10064516129034,212.99645161290323,522.8006451612903,517.5793548387097,249.3516129032258,329.22161290322583,310.5132258064516,529.8416129032258,193.23354838709676,502.7493548387097,346.0535483870968,284.22645161290325,294.08,517.051935483871,316.1177419354839,289.3041935483871,425.4564516129032,417.48129032258066,480.4974193548387,251.31903225806454,364.2696774193549,303.16516129032254,496.7377419354839,494.39290322580644,432.25612903225806,322.0109677419355,374.96645161290326,258.8209677419355,381.77032258064514,302.6932258064516,416.5593548387097,230.51967741935482,529.4106451612903,188.24354838709678,288.568064516129,262.15838709677416,290.4861290322581,547.053870967742,539.651935483871,425.3125806451613,314.3948387096774,371.37387096774194,545.5378064516128
2020_9,147.86366666666666,312.092,165.00900000000001,180.57333333333332,133.04833333333332,160.735,171.851,130.39366666666666,234.739,232.39933333333335,163.26033333333334,195.24566666666666,149.37233333333333,200.91899999999998,169.96599999999998,175.96300000000002,154.36366666666666,210.70333333333335,130.534,128.263,136.85433333333333,151.02866666666665,152.87199999999999,197.09033333333335,115.04033333333334,159.23666666666668,343.517,160.536,143.536,236.52133333333333,114.89633333333333,148.808,185.11999999999998,160.56233333333333,127.51566666666668,303.33933333333334,164.51033333333334,206.90666666666667,163.593,205.95366666666666,197.50866666666667,276.64966666666663,249.82999999999998,185.44966666666667,214.80666666666667,248.42433333333332,241.296,236.81833333333333,182.8756666666667,191.986,197.741,187.21766666666664,296.6412
2020_10,28.26516129032258,22.118387096774192,18.356129032258064,18.639032258064518,20.943548387096776,34.06645161290322,29.026451612903227,40.447741935483876,39.71290322580645,19.68354838709677,24.076451612903227,41.12967741935484,54.44129032258065,18.169032258064515,28.56451612903226,23.517419354838708,21.190645161290323,36.62483870967741,25.32709677419355,26.325483870967744,32.7058064516129,19.199677419354842,23.41483870967742,31.863548387096774,23.871290322580645,22.79290322580645,18.779032258064515,31.92258064516129,20.62516129032258,25.84967741935484,18.285806451612903,32.37935483870968,47.332258064516125,25.3141935483871,23.238709677419354,26.495806451612903,17.20451612903226,22.03548387096774,25.81451612903226,20.69451612903226,23.387096774193548,27.00225806451613,30.561935483870965,20.455161290322582,20.17838709677419,41.34225806451613,23.46548387096774,21.156129032258065,40.92193548387097,57.79806451612903,45.15225806451613,28.075161290322583,17.734806451612904
2020_11,27.33533333333333,25.332333333333334,28.64966666666667,13.434666666666665,5.373,12.448,21.362666666666666,23.868333333333332,4.205333333333333,15.544333333333334,3.421666666666667,13.823,2.8186666666666667,28.645,6.509333333333333,11.324666666666667,4.250666666666667,14.782333333333332,2.3606666666666665,21.671666666666667,3.1613333333333333,48.17366666666667,2.3113333333333332,2.3459999999999996,8.098,14.503333333333334,3.2689999999999997,5.263999999999999,3.1133333333333337,3.15,4.732666666666666,21.526999999999997,2.295,3.5403333333333333,17.443666666666665,8.860333333333333,7.030666666666666,6.392666666666667,2.6623333333333337,3.905666666666667,3.1540000000000004,4.750666666666667,17.758666666666667,4.7123333333333335,6.403666666666666,2.969,5.731,3.896,33.15,3.0483333333333333,2.6919999999999997,10.729333333333333,15.060433333333332
2020_12,8.069032258064517,5.993548387096775,5.9158064516129025,6.369354838709677,5.775806451612904,5.843870967741935,5.841935483870968,5.775483870967742,7.145806451612904,5.889677419354839,5.8261290322580646,6.129677419354839,5.83,6.531612903225806,5.869677419354839,5.959677419354839,5.91,5.795483870967741,6.016129032258065,10.548387096774194,5.797096774193549,7.105483870967742,7.020967741935484,6.795806451612902,6.113225806451613,5.904516129032258,5.814838709677419,5.752903225806452,6.383548387096774,5.8909677419354844,5.821290322580645,6.644516129032258,7.727741935483871,6.236129032258065,6.194193548387096,5.956774193548387,5.7780645161290325,5.863870967741936,8.864516129032259,6.832580645161291,5.8987096774193555,11.775806451612903,5.936451612903226,5.804193548387097,5.933870967741935,5.916129032258064,6.675483870967742,16.100967741935484,5.886451612903225,6.916774193548387,5.897741935483872,6.63258064516129,5.691258064516129
