time,leadtime,sc_0,sc_1,sc_2,sc_3,sc_4,sc_5,sc_6,sc_7,sc_8,sc_9,sc_10,sc_11,sc_12,sc_13,sc_14,sc_15,sc_16,sc_17,sc_18,sc_19,sc_20,sc_21,sc_22,sc_23,sc_24,sc_25,sc_26,sc_27,sc_28,sc_29,sc_30,sc_31,sc_32,sc_33,sc_34,sc_35,sc_36,sc_37,sc_38,sc_39,sc_40,sc_41,sc_42,sc_43,sc_44,sc_45,sc_46,sc_47,sc_48,sc_49,sc_50,mean,obs
2018-06-01,1,5.75,5.5,5.84,6.09,5.5,5.57,5.9,5.84,5.87,6.04,5.57,5.64,5.82,5.67,5.64,5.76,5.6,5.75,5.87,5.72,5.6,5.75,5.72,5.97,5.64,5.5,5.94,5.97,5.79,5.6,5.81,5.75,5.72,5.54,5.67,5.84,5.64,5.72,5.94,5.79,5.79,5.82,5.64,5.94,5.61,5.85,5.5,5.94,5.72,5.67,5.54,5.74,5.23
2018-06-02,1,6.33,5.91,6.61,6.53,6.12,6.34,6.13,5.91,6.38,6.46,6.1,6.03,6.44,6.33,6.22,6.4,6.1,6.3,6.21,6.15,6.43,6.44,6.18,6.49,5.88,6.07,6.43,5.96,6.59,6.25,6.25,6.31,6.31,5.84,6.53,6.33,6.28,6.44,6.22,6.04,6.4,6.33,6.18,6.4,6.18,6.36,6.15,6.18,6.34,6.37,5.93,6.26,5.57
2018-06-03,1,5.87,5.66,6.01,6.3,5.54,5.61,5.97,5.66,5.36,6.06,4.99,5.54,6.16,6.19,5.61,5.73,5.76,6.06,5.48,5.48,6.12,6.07,5.42,6.38,5.53,5.44,6.38,5.76,5.98,5.76,6.06,5.32,6.06,5.38,6.3,5.76,6.09,5.9,6.12,5.76,5.98,6.04,5.58,5.66,5.51,5.72,5.98,5.66,5.87,5.32,5.98,5.8,5.41
2018-06-04,1,4.38,4.73,5.18,4.64,4.86,4.24,5.21,4.95,4.37,5.11,4.49,4.92,4.78,4.74,4.27,4.16,4.58,5.11,4.47,4.46,4.73,4.46,4.81,5.26,4.89,3.79,5.44,4.93,4.86,4.55,4.49,5.13,4.89,4.01,5.27,5.26,4.84,4.27,4.81,4.04,5.17,4.56,4.77,4.96,4.92,5.35,4.12,4.52,4.52,4.47,5.18,4.72,4.37
2018-06-05,1,2.04,4.52,4.36,4.12,3.27,2.44,2.7,2.31,5.18,3.93,5.14,3.39,3.32,3.21,3.79,4.38,4.06,3.79,3.98,1.72,2.81,2.62,3.87,2.13,3.75,2.98,4.27,4.19,1.5,1.36,4.21,3.66,3.08,2.19,5.39,4.01,4.34,2.55,4.01,4.09,2.46,3.84,1.61,4.78,3.72,3.91,2.9,5.13,1.38,0.99,2.92,3.38,5.13
2018-06-06,1,5.91,5.47,5.27,5.94,4.86,4.89,5.29,4.96,4.84,5.54,4.89,5.61,5.18,5.56,5.07,5.9,4.65,4.81,5.29,4.24,5.39,5.76,5.64,5.84,5.41,4.74,5.56,4.46,5.58,5.2,5.56,4.74,5.33,4.77,4.27,4.89,5.08,3.69,5.57,4.89,5.45,4.93,4.74,5.18,4.96,5.87,5.81,5.41,5.45,5.1,5.7,5.2,5.31
2018-06-07,1,5.75,5.27,5.76,5.98,5.24,4.67,4.99,4.83,5.64,5.07,5.21,5.63,4.74,4.96,5.75,5.91,3.51,5.47,5.57,4.52,4.98,5.67,5.39,5.96,5.82,5.76,5.36,5.17,5.67,4.95,5.36,5.32,4.73,4.96,5.39,3.81,4.99,4.59,4.44,5.35,5.21,5.61,4.67,4.96,5.47,5.1,5.3,4.84,6.09,4.8,4.95,5.2,5.02
2018-06-08,1,5.79,5.13,5.67,5.02,5.79,5.17,3.76,4.83,4.59,5.08,3.87,4.09,4.55,4.58,5.54,5.08,5.51,5.2,4.64,5.61,4.58,4.67,4.07,6.09,4.96,5.35,3.76,5.26,5.1,4.89,5.11,2.67,2.27,3.64,3.81,3.33,5.39,5.17,5.63,5.05,4.5,4.87,5.32,3.14,3.72,4.59,5.5,4.99,5.63,5.24,4.68,4.75,4.95
2018-06-09,1,4.74,3.35,3.32,5.27,4.96,4.76,3.04,3.63,1.02,4.3,3.48,4.61,2.76,4.59,2.44,4.33,4.12,5.17,2.8,3.47,4.36,4.67,3.72,5.48,3.84,2.53,4.25,2.83,1.96,2.86,4.34,2.43,3.39,2.79,5.24,4.71,2.4,4.9,3.35,3.6,2.5,3.04,3.81,4.74,3.75,4.52,5.07,4.09,4.4,4.9,2.64,3.79,3.9
2018-06-10,1,2.61,2.15,3.33,2.24,3.36,2.5,1.84,2.28,6.07,3.47,3.53,3.79,2.93,4.84,3.67,2.46,3.27,3.21,4.43,2.83,4.71,2.61,4.87,3.01,2.07,2.4,1.94,1.81,3.11,2.92,5.36,1.91,4.65,2.93,4.89,4.25,4.81,2.27,1.93,3.93,4.59,5.05,3.32,5.18,3.61,2.59,4.28,4.16,4.9,1.48,3.3,3.4,2.8
2018-06-11,1,2.83,2.36,2.61,4.09,3.01,3.58,1.69,2.33,5.36,3.91,4.93,3.75,4.27,5.07,1.79,3.63,5.98,1.76,4.15,2.44,5.16,2.5,3.6,5.57,2.49,4.16,2.47,3.21,4.83,4.78,3.6,1.07,2.04,4.61,5.97,3.64,2.09,2.58,2.07,4.71,2.73,4.86,5.42,4.61,3.04,3.02,1.9,2.01,4.64,3.97,4.44,3.56,2.75
2018-06-12,1,4.06,5.11,3.56,4.92,3.3,5.63,3.51,6.41,4.28,3.48,4.46,4.47,3.61,4.89,4.04,4.5,5.23,4.56,4.16,6.44,4.93,3.82,2.73,5.24,3.29,4.03,3.81,4.13,4.5,4.4,2.65,3.87,2.22,4.18,5.69,3.19,4.47,3.54,3.66,4.28,4.62,4.31,5.9,4.07,6.06,5.51,2.93,2.59,3.44,3.56,4.33,4.25,4.46
2018-06-13,1,3.35,5.56,4.84,4.53,4.61,5.51,5.58,6.59,1.63,4.84,3.23,4.13,4.09,4.8,4.27,4.13,4.64,4.31,3.75,6.25,6.31,4.03,3.3,5.6,5.3,2.24,5.02,3.96,3.98,4.38,4.0,3.91,4.92,5.72,5.14,4.22,5.05,4.28,3.93,5.2,6.38,2.83,5.2,3.42,5.69,5.76,2.15,3.85,5.44,2.22,4.09,4.47,3.76
2018-06-14,1,4.43,4.59,5.27,4.55,5.48,5.04,5.5,6.65,2.64,5.51,4.18,5.29,4.67,4.99,4.61,4.67,2.74,4.24,5.38,4.4,5.79,4.77,4.01,2.83,5.02,3.41,4.96,3.88,1.14,4.7,3.91,5.81,4.34,5.44,4.52,4.78,5.33,4.44,3.91,5.36,6.1,4.27,4.5,4.15,5.69,5.36,1.96,3.84,5.14,3.05,4.73,4.55,2.38
2018-06-15,1,4.13,0.84,5.21,3.26,3.39,5.94,5.1,6.49,2.83,5.44,4.38,5.7,5.16,5.87,4.49,3.91,3.96,4.12,5.21,4.4,3.96,5.18,4.95,2.0,5.08,4.18,2.13,4.03,1.35,5.1,3.82,6.47,2.16,6.19,4.18,4.56,5.45,5.17,3.76,4.78,5.63,5.38,4.77,4.9,3.23,3.67,1.63,3.66,3.54,3.61,4.96,4.3,2.62
2018-06-16,1,1.97,0.89,4.04,2.92,5.05,6.49,4.24,5.02,3.35,4.53,3.54,5.42,4.8,5.64,5.69,5.26,3.23,2.93,4.55,4.49,5.84,5.1,5.2,4.99,4.36,3.76,4.01,4.49,1.16,5.05,4.8,5.78,5.07,6.55,5.24,5.87,4.92,5.97,3.45,4.71,3.93,5.38,6.43,5.39,5.07,4.13,4.96,4.3,3.23,4.99,4.1,4.55,4.9
2018-06-17,1,5.39,3.19,4.56,3.23,4.8,5.98,4.67,3.16,3.72,3.79,4.84,5.17,2.37,4.47,5.64,2.37,5.47,3.72,5.13,2.95,3.79,4.24,2.95,5.11,4.28,4.22,5.69,3.66,2.52,5.67,4.28,4.5,4.95,3.45,4.84,2.74,4.09,5.27,4.7,4.62,3.08,5.98,5.73,4.65,5.21,5.1,3.72,4.22,5.54,3.51,4.4,4.34,3.76
2018-06-18,1,5.41,3.21,4.76,4.3,1.67,6.1,4.96,2.28,4.44,4.38,4.49,4.98,3.9,3.39,5.32,2.27,5.33,3.11,5.47,2.09,1.64,3.54,4.53,6.53,4.92,2.55,5.56,4.3,4.98,6.52,4.93,3.75,3.93,5.73,4.15,3.45,3.51,3.35,4.99,3.76,1.78,5.87,6.12,4.37,5.38,4.28,2.41,2.89,5.87,4.98,4.47,4.25,5.25
2018-06-19,1,3.87,3.64,2.62,4.87,2.92,5.94,4.52,5.91,3.33,1.91,3.69,3.56,3.84,4.55,4.77,4.25,5.72,4.0,5.6,2.52,3.36,4.04,3.97,6.22,4.41,2.81,5.3,5.07,5.67,6.21,4.18,1.85,4.13,3.41,2.7,5.72,4.89,4.87,4.5,3.93,6.03,1.73,6.01,4.38,5.33,3.42,3.51,3.3,5.75,6.01,4.15,4.29,3.41
2018-06-20,1,1.27,5.67,6.36,4.3,5.57,6.13,4.81,6.19,5.3,0.89,1.78,3.93,4.62,3.78,4.24,5.13,1.04,4.56,4.37,2.58,3.98,3.44,3.38,6.59,0.93,4.34,5.13,5.18,2.81,5.45,4.86,5.45,3.79,5.36,4.76,3.94,4.34,5.75,0.68,4.61,4.24,2.27,5.64,3.93,1.13,2.93,4.98,2.93,6.73,5.07,2.65,4.11,5.58
2018-06-21,1,1.5,6.81,6.07,5.45,5.61,3.41,4.55,4.3,4.71,3.02,1.91,2.36,4.87,2.47,3.45,6.15,4.73,2.39,3.35,2.89,4.96,3.76,3.11,5.42,1.66,5.29,4.33,5.27,2.06,6.01,4.98,5.63,3.29,6.09,4.7,4.31,3.41,4.8,0.19,4.28,2.18,4.93,6.04,3.76,5.64,2.77,5.01,2.52,6.64,1.91,4.77,4.11,5.72
2018-06-22,1,2.43,6.96,5.81,3.5,5.29,3.97,4.81,1.73,2.61,3.61,0.8,3.9,5.02,4.37,3.96,3.53,3.38,3.45,2.46,3.73,4.67,3.17,3.01,1.35,4.1,5.29,0.56,4.65,3.97,4.58,4.7,6.1,4.81,5.67,4.44,4.84,1.33,3.29,0.99,3.53,1.26,0.79,4.52,2.8,3.29,4.73,4.81,3.9,6.15,1.75,5.36,3.72,5.66
2018-06-23,1,2.37,7.04,4.9,3.41,5.23,1.67,4.28,5.63,5.38,2.19,2.06,4.22,4.44,2.67,4.24,5.21,5.5,2.25,3.58,5.69,3.76,3.58,5.56,5.05,1.13,3.85,0.28,1.97,2.19,2.34,3.79,3.45,4.8,4.31,3.82,5.11,5.02,4.65,2.16,3.97,4.1,1.24,4.76,3.75,1.44,2.47,1.6,3.85,5.35,0.74,4.24,3.65,5.04
2018-06-24,1,3.57,5.69,3.96,2.55,4.1,2.12,3.6,6.13,5.57,1.79,1.16,2.9,4.06,4.21,3.97,4.03,4.09,1.93,4.41,6.71,2.28,5.07,5.85,4.3,2.7,5.2,1.94,3.2,4.74,3.07,2.71,1.13,3.64,4.0,2.61,4.21,4.04,1.53,5.1,2.67,2.37,4.07,1.23,2.81,2.74,4.44,4.19,4.27,4.47,2.59,3.38,3.59,6.04
2018-06-25,1,3.47,4.1,4.5,4.62,3.6,1.93,4.0,6.67,6.15,6.47,3.13,2.27,2.98,4.33,3.26,3.04,3.23,5.13,3.61,6.31,3.04,5.27,4.41,6.04,4.12,4.34,3.32,4.84,5.78,5.58,2.87,1.64,3.98,3.13,2.93,4.65,4.1,5.14,5.38,4.59,2.47,5.66,1.42,3.08,5.63,5.38,4.33,2.52,4.44,2.8,3.24,4.1,4.78
2018-06-26,1,1.97,2.64,5.38,1.84,4.04,4.31,4.07,5.56,5.45,4.07,4.61,3.69,2.84,5.36,5.18,1.24,2.25,5.75,3.51,6.41,4.61,5.61,0.65,4.84,2.21,5.35,2.01,2.59,5.88,5.07,3.13,1.41,3.97,3.26,5.38,5.47,1.59,5.54,4.0,4.38,4.68,4.09,3.75,4.07,5.01,5.56,1.24,3.61,3.38,2.79,3.54,3.9,2.39
2018-06-27,1,5.48,5.26,2.58,5.17,3.64,1.81,1.27,5.05,2.95,3.7,0.83,4.87,2.86,4.65,4.83,2.59,2.3,5.44,4.67,6.41,4.96,5.84,2.12,4.46,2.22,4.98,5.76,2.07,1.78,3.48,3.38,1.79,3.41,2.5,4.3,5.5,2.59,5.14,3.73,4.52,2.77,4.89,2.13,3.41,1.99,4.55,3.98,3.48,5.05,4.58,4.56,3.77,4.5
2018-06-28,1,5.2,4.87,1.19,5.41,4.43,1.9,1.66,3.58,2.34,4.98,2.68,2.79,4.07,4.04,5.26,6.37,3.14,4.93,4.52,6.16,5.17,4.65,5.38,1.14,1.63,1.96,5.33,4.87,2.5,2.43,3.67,1.9,2.24,2.5,5.38,5.6,2.36,5.13,4.33,3.39,3.85,5.85,4.52,3.56,3.07,3.82,4.76,3.5,3.14,5.66,2.61,3.83,3.15
2018-06-29,1,4.41,0.21,2.56,4.4,2.74,4.95,5.27,3.3,4.96,5.18,4.53,2.83,2.62,4.12,3.93,2.33,2.43,0.41,5.17,5.6,3.57,5.13,5.36,3.66,2.67,2.52,3.27,5.35,4.38,4.73,2.65,0.89,3.36,5.18,4.07,5.14,3.48,5.57,2.65,2.96,3.24,6.12,5.05,2.93,2.64,4.55,5.85,3.42,3.13,5.11,2.43,3.78,4.13
2018-06-30,1,4.95,3.32,5.45,2.52,4.04,5.42,4.0,4.07,5.7,2.99,5.08,5.69,3.26,2.25,2.73,3.39,1.54,2.03,3.72,4.38,3.17,4.27,5.01,6.96,4.67,1.41,4.58,5.45,4.21,5.82,1.3,2.65,4.04,3.56,3.94,3.32,4.03,1.13,2.73,2.34,3.9,6.33,4.44,3.9,3.81,5.24,4.06,5.44,1.76,5.41,2.61,3.88,2.82
2018-07-01,2,4.28,4.28,4.92,1.7,1.53,4.34,3.41,4.31,5.66,5.74,1.87,4.59,5.44,1.97,1.58,3.55,2.24,1.83,3.01,5.1,4.4,5.03,4.09,6.44,2.18,2.29,4.47,5.14,5.52,5.57,2.08,2.31,4.31,2.37,2.73,4.98,4.63,3.26,4.37,1.72,6.12,4.62,2.95,2.76,4.49,4.73,2.75,5.52,2.15,2.92,1.1,3.71,3.14
2018-07-02,2,3.16,2.02,2.0,5.96,3.9,4.06,0.92,2.85,4.73,3.52,2.65,3.03,6.12,2.48,1.52,1.33,2.76,2.08,2.18,5.51,3.35,4.11,4.24,2.1,3.16,3.17,4.47,2.59,6.27,3.41,1.94,2.46,3.38,0.06,2.5,4.24,4.76,2.86,4.02,1.24,5.54,4.71,3.98,3.51,5.98,4.84,4.34,5.28,2.79,2.02,1.67,3.37,2.0
2018-07-03,2,2.63,1.72,2.84,4.88,4.35,2.94,1.94,1.55,4.38,2.16,4.85,3.07,5.25,2.31,2.4,1.42,4.68,3.17,3.42,4.63,4.63,2.4,5.64,3.7,2.79,0.38,4.49,2.84,5.64,4.12,2.57,1.71,2.76,1.23,2.48,3.65,4.12,3.8,3.96,2.69,3.1,4.72,2.06,4.59,4.41,5.45,5.9,4.63,6.11,3.08,5.16,3.52,3.55
2018-07-04,2,4.72,3.61,1.17,1.58,2.75,2.1,0.5,3.43,3.13,1.99,4.98,2.51,4.28,2.65,2.82,-0.07,5.38,4.59,2.13,2.65,5.39,3.45,6.08,1.4,1.55,2.51,2.79,1.27,5.58,2.0,3.14,3.36,3.03,2.24,1.68,3.24,4.44,3.45,5.52,3.89,3.7,4.88,4.37,1.33,2.19,2.51,4.47,2.94,4.57,2.03,4.79,3.15,3.48
2018-07-05,2,2.43,5.48,4.72,3.73,2.75,2.48,2.94,2.88,4.49,2.95,3.83,4.88,2.89,2.09,3.38,2.08,5.77,4.59,3.16,3.87,5.51,5.2,4.14,0.76,2.29,2.47,3.51,3.89,3.92,2.97,4.43,4.33,2.13,3.07,2.97,2.06,5.09,2.12,4.95,3.51,4.72,6.04,2.69,2.69,3.33,3.23,1.11,1.46,3.1,1.8,2.86,3.41,2.05
2018-07-06,2,2.34,5.66,5.01,5.06,4.37,4.94,3.51,3.32,5.95,2.4,4.33,4.53,3.7,2.5,1.77,4.09,4.84,5.06,2.19,3.11,3.36,5.48,5.6,5.23,2.25,2.47,4.87,1.4,3.26,4.46,1.94,2.82,0.64,4.17,3.27,5.25,4.0,4.97,5.1,3.51,5.39,5.9,4.63,4.52,4.15,2.02,1.17,3.35,2.85,1.15,3.55,3.75,2.87
2018-07-07,2,1.8,4.12,4.44,5.67,3.45,3.95,5.64,2.7,5.92,2.66,5.23,4.63,2.21,2.66,1.9,3.01,3.23,3.36,1.45,2.29,4.06,5.82,3.98,5.41,1.89,3.07,3.98,3.7,3.74,4.56,3.41,2.65,4.71,1.46,4.66,3.9,3.22,1.13,3.64,4.15,5.73,5.42,4.53,1.75,4.82,1.87,4.06,1.67,4.73,0.8,1.93,3.54,2.69
2018-07-08,2,2.75,2.66,4.19,3.7,5.42,4.05,5.39,3.42,5.7,3.2,5.25,5.63,4.91,2.7,4.95,4.34,4.98,4.53,4.31,3.41,4.27,5.49,5.13,5.63,2.03,1.96,3.29,5.63,4.06,4.19,4.46,3.08,4.37,3.08,5.32,2.0,2.12,1.07,2.16,3.01,5.26,5.74,4.65,0.95,5.28,4.71,2.82,1.46,4.59,1.52,0.98,3.84,3.66
2018-07-09,2,4.14,4.46,2.54,4.0,4.34,4.75,4.49,1.61,4.56,4.4,4.06,5.83,4.38,2.98,4.76,4.44,4.78,4.85,0.83,5.6,2.16,5.48,5.42,5.82,0.98,3.11,3.54,5.41,1.55,2.91,3.43,3.89,3.35,3.65,4.69,3.42,5.11,1.36,3.27,3.74,5.54,5.52,4.24,1.81,4.22,6.17,1.9,2.18,4.17,3.95,2.31,3.85,1.88
2018-07-10,2,4.78,3.19,3.73,2.12,2.32,5.0,4.22,2.29,5.04,4.95,4.75,5.41,2.0,2.79,4.72,5.23,2.13,4.84,2.25,5.01,3.98,5.67,4.59,6.09,3.99,3.33,1.84,5.58,3.23,3.05,5.29,4.46,3.27,4.49,4.63,4.54,5.48,2.76,4.98,3.04,2.66,5.44,4.81,4.38,5.0,4.22,2.31,1.11,1.61,4.5,1.87,3.9,1.94
2018-07-11,2,3.33,4.78,2.78,5.42,3.04,3.76,3.17,3.38,5.48,4.65,4.46,5.35,3.6,2.18,4.22,5.03,2.15,5.01,2.76,3.07,4.22,5.03,2.22,6.12,3.35,1.26,5.61,4.97,3.52,4.27,5.45,2.44,1.97,3.36,4.57,1.86,6.12,5.04,5.2,4.5,2.44,5.06,4.41,2.65,4.44,3.33,4.59,0.96,1.87,5.09,3.62,3.87,1.89
2018-07-12,2,2.97,4.78,3.84,5.19,1.83,3.83,5.01,0.39,5.35,4.81,3.71,5.19,5.09,1.7,4.43,4.63,4.33,5.25,5.32,5.11,4.75,5.41,2.0,5.48,4.82,4.82,4.71,4.95,4.02,1.01,5.25,1.29,1.43,4.65,2.76,2.67,5.92,4.43,2.66,5.04,3.87,5.14,4.49,2.91,4.91,3.3,5.6,2.02,0.75,2.73,5.67,3.97,3.02
2018-07-13,2,3.29,4.82,5.49,4.41,1.8,3.86,5.2,1.29,4.5,4.98,3.77,5.82,5.03,2.5,1.55,4.22,2.65,4.95,5.38,4.59,4.33,5.03,4.43,4.85,4.34,4.82,4.47,4.6,5.52,4.52,5.3,2.47,2.85,3.76,5.16,2.43,5.8,1.84,4.73,4.35,3.86,4.91,4.38,5.14,4.69,3.8,5.17,4.12,2.44,3.8,5.3,4.18,3.69
2018-07-14,2,4.37,4.41,4.75,1.52,1.24,4.5,4.37,1.46,4.65,3.62,4.82,5.63,5.07,2.21,4.63,2.29,1.51,2.25,5.8,4.52,3.95,4.95,5.06,5.16,3.87,3.55,3.76,4.14,4.72,5.6,5.0,4.76,4.21,4.06,6.15,2.03,5.19,2.32,5.28,2.92,4.65,5.38,3.67,5.71,5.58,2.05,3.83,2.81,3.45,3.67,5.57,4.05,4.42
2018-07-15,2,3.38,3.29,3.55,3.68,1.39,3.73,3.11,3.0,4.12,4.17,3.77,5.48,4.31,2.28,2.57,2.94,1.29,4.78,5.3,3.77,2.95,4.02,5.86,4.78,3.73,2.15,2.41,2.97,5.03,5.58,4.95,3.61,3.08,4.05,6.34,1.93,5.33,1.61,5.42,2.76,5.14,5.36,4.6,5.2,4.65,1.91,3.2,1.59,4.62,3.92,5.19,3.8,4.4
2018-07-16,2,3.84,2.88,2.56,3.23,1.21,4.82,5.17,2.62,6.11,4.31,3.26,4.85,4.82,1.64,2.22,2.97,0.82,5.32,5.95,4.05,4.9,2.32,5.17,3.67,4.98,3.13,3.23,3.42,3.04,5.38,4.46,4.92,1.86,5.6,5.98,6.34,3.76,2.51,4.38,4.06,5.11,4.76,4.95,2.34,4.76,0.67,4.3,1.78,3.58,4.44,4.57,3.86,4.24
2018-07-17,2,3.64,3.96,5.48,3.08,1.01,4.21,5.76,0.61,5.06,5.25,1.87,4.62,4.18,1.78,5.06,4.72,3.26,4.47,6.05,3.84,4.88,5.03,4.12,2.7,5.6,4.94,4.52,3.9,5.38,5.63,4.54,4.52,2.25,5.33,5.55,2.65,5.33,1.87,3.0,4.38,2.29,4.97,5.25,3.23,4.53,2.85,5.2,2.06,2.15,4.92,3.29,4.02,4.23
2018-07-18,2,5.48,5.44,3.84,4.82,2.15,3.42,5.87,2.69,5.93,5.92,2.86,4.09,5.1,2.73,5.29,3.98,5.33,3.98,5.77,4.47,4.84,5.16,5.01,4.47,5.38,5.0,4.98,3.96,5.85,3.0,4.44,5.06,1.74,4.12,5.57,1.55,5.42,2.72,4.02,4.81,2.91,4.69,2.79,5.28,2.73,3.33,5.35,2.97,3.62,5.28,3.52,4.29,4.0
2018-07-19,2,4.38,5.76,4.08,4.91,1.14,2.28,5.2,3.43,5.73,5.8,4.3,2.75,5.96,4.02,5.19,1.51,3.76,4.47,4.06,2.46,1.68,4.43,5.61,3.46,5.33,4.08,5.44,4.44,5.96,1.45,2.37,5.38,4.14,4.85,5.68,1.83,5.33,4.31,2.41,5.2,2.86,4.09,2.27,5.2,4.98,3.99,6.12,0.79,1.8,5.82,3.64,4.04,4.65
2018-07-20,2,1.75,4.56,1.72,5.38,4.49,4.78,5.0,3.1,5.66,5.92,5.29,2.66,6.14,4.27,3.67,0.61,2.4,2.75,1.61,2.25,2.82,3.3,5.06,4.57,2.29,4.71,5.99,4.52,3.77,2.75,2.51,4.9,5.48,5.23,5.29,2.5,4.95,4.56,5.48,5.03,4.24,3.61,3.77,4.97,3.92,2.89,5.7,0.41,4.54,5.49,4.17,3.99,4.63
2018-07-21,2,2.56,3.8,5.35,4.95,4.25,5.25,5.03,2.16,6.39,5.66,5.99,4.49,5.64,3.3,2.28,4.46,2.94,3.17,3.26,5.36,5.57,2.48,4.62,4.06,3.22,4.85,5.82,5.29,2.48,3.7,3.36,4.71,5.07,3.74,4.79,3.16,4.63,4.34,5.55,4.78,3.99,4.92,3.41,2.06,5.0,1.68,4.68,3.3,2.32,5.61,3.05,4.17,4.89
2018-07-22,2,3.13,3.29,3.38,3.23,3.29,4.62,4.72,5.85,5.92,5.09,5.85,4.56,5.03,1.71,2.75,3.77,1.58,4.12,4.59,4.81,5.26,3.95,3.38,5.28,5.3,5.32,5.68,4.87,5.19,5.04,4.82,5.38,2.91,5.11,2.95,3.27,4.52,5.03,3.05,5.1,4.81,3.32,5.45,2.91,4.57,3.05,4.52,0.79,2.37,4.98,3.38,4.17,5.23
2018-07-23,2,2.92,4.21,3.27,3.8,4.19,3.73,4.21,6.04,5.7,4.0,3.6,3.96,5.1,3.92,2.66,4.63,4.02,2.4,5.28,4.03,4.27,2.67,4.78,5.1,4.95,5.89,5.95,4.27,5.13,5.77,5.33,5.3,4.68,5.2,3.05,1.51,4.62,4.02,3.62,3.9,4.43,1.67,4.06,4.5,4.4,4.47,5.55,2.27,1.3,3.67,4.47,4.17,3.88
2018-07-24,2,4.41,4.9,4.38,5.1,4.79,3.96,3.83,4.9,5.82,1.72,5.28,3.38,5.23,4.14,0.75,4.66,4.66,4.53,4.56,3.54,4.3,2.29,4.79,5.3,3.86,4.69,5.92,4.4,3.99,6.44,5.64,5.67,5.79,5.06,4.57,3.8,3.81,5.16,3.13,4.84,1.72,4.08,4.27,2.98,4.94,4.87,5.13,0.96,2.65,3.77,2.92,4.24,4.97
2018-07-25,2,1.65,3.81,5.58,5.01,4.88,3.05,3.01,4.54,6.09,0.63,6.23,4.17,5.17,5.04,2.72,2.73,4.75,5.09,3.98,4.82,5.2,3.29,4.81,5.26,2.56,5.52,5.6,5.66,5.51,6.15,5.55,5.77,4.63,4.81,4.65,5.58,2.46,5.42,4.98,2.63,5.01,4.78,4.14,4.72,4.08,5.38,5.64,3.9,3.22,3.73,2.18,4.43,4.16
2018-07-26,2,3.01,3.24,3.99,4.95,3.74,4.56,4.79,5.09,5.44,1.55,6.3,4.88,5.28,5.45,3.33,5.64,4.52,5.38,2.28,4.44,3.6,3.7,5.73,5.25,5.3,5.35,5.77,5.38,5.0,5.95,5.33,5.45,0.98,4.78,4.33,6.06,2.1,4.24,5.19,4.03,5.35,4.92,3.17,4.87,4.56,4.76,5.92,1.26,2.0,3.99,2.38,4.4,5.03
2018-07-27,2,3.48,4.47,5.22,5.3,3.24,4.43,5.14,5.48,3.87,1.91,5.79,4.21,5.39,5.71,3.38,5.45,4.34,3.79,3.49,6.02,2.98,4.78,5.23,4.44,5.01,5.1,6.2,5.0,4.79,6.34,4.75,5.38,3.84,5.03,5.79,5.98,2.1,5.13,4.05,1.96,4.52,4.97,2.34,4.91,5.6,4.15,5.6,1.15,1.77,4.34,4.24,4.46,4.83
2018-07-28,2,4.53,6.44,4.28,4.31,5.79,5.41,5.09,5.04,4.65,2.84,5.25,4.49,5.48,5.0,4.0,5.47,5.32,5.45,5.07,5.1,3.73,4.73,5.89,5.52,4.6,5.44,5.87,2.98,5.67,6.27,4.46,5.01,4.82,5.1,5.2,6.08,3.0,5.38,3.49,5.23,3.24,5.48,4.09,4.78,5.8,4.15,5.17,2.56,1.8,4.63,5.45,4.8,4.45
2018-07-29,2,2.44,5.55,5.44,3.14,5.77,5.35,3.83,4.31,5.09,4.94,3.99,3.64,4.69,4.43,3.19,4.08,5.49,2.97,6.12,5.06,3.48,4.52,6.12,5.68,4.56,5.1,6.21,3.87,4.88,6.23,5.92,5.32,5.28,5.35,4.57,5.42,3.52,6.02,5.32,5.7,5.1,5.07,3.39,5.1,5.55,4.82,5.42,2.5,1.93,4.68,5.57,4.74,4.82
2018-07-30,2,3.92,6.37,6.15,3.33,4.85,5.06,2.86,2.15,2.19,4.49,3.73,3.46,5.06,4.6,4.14,4.43,5.23,4.95,5.48,4.37,5.63,4.5,5.41,5.76,2.69,2.78,5.67,5.33,2.1,6.11,1.86,5.52,4.76,5.68,4.69,5.1,4.52,5.89,5.74,4.73,3.73,5.26,2.73,5.64,3.9,4.68,4.19,4.21,2.53,4.41,4.69,4.46,4.78
2018-07-31,2,3.19,6.2,4.35,3.71,4.12,5.09,1.53,4.08,2.6,3.93,3.95,3.68,4.76,5.25,2.48,4.3,5.7,5.6,5.47,4.24,5.67,4.12,5.06,5.95,2.03,4.92,5.13,4.69,1.94,3.07,5.29,4.57,5.16,5.0,4.95,2.69,4.49,5.49,6.39,3.14,4.21,5.01,4.56,5.57,4.34,1.94,4.98,2.72,4.41,4.6,3.41,4.31,4.97
2018-08-01,3,4.73,4.85,2.92,4.12,2.77,3.94,2.71,4.6,3.97,2.56,3.27,3.57,3.5,4.26,1.01,4.4,4.82,5.06,4.48,3.87,4.72,3.8,4.62,3.46,3.25,1.74,4.51,4.75,3.46,3.5,4.58,1.37,5.27,3.31,1.92,2.85,4.15,4.2,4.73,2.2,4.07,4.62,4.57,4.91,4.92,4.42,3.05,2.72,1.41,2.95,3.26,3.7,4.98
2018-08-02,3,5.06,4.58,2.79,4.81,3.76,4.12,2.47,4.7,4.61,3.21,4.03,3.89,3.97,4.65,0.69,4.51,4.78,5.83,4.8,4.27,3.9,3.76,4.77,3.4,3.0,1.87,3.97,4.57,4.11,5.1,4.38,2.55,5.15,3.66,2.24,2.01,3.91,4.57,4.55,1.44,4.76,4.75,4.51,4.5,3.79,4.3,2.67,5.12,4.33,4.08,3.04,3.93,5.35
2018-08-03,3,5.02,4.52,0.97,5.43,2.2,4.3,3.06,5.36,3.9,1.86,4.55,4.85,3.9,4.55,2.4,4.8,5.25,4.03,4.76,4.12,4.48,4.25,4.62,1.95,4.67,4.21,2.89,4.11,4.62,4.46,3.91,2.76,4.13,3.7,3.2,4.27,3.89,4.4,4.38,2.4,3.32,4.68,4.38,4.08,2.25,4.82,2.36,5.23,1.92,1.71,4.31,3.85,5.26
2018-08-04,3,3.97,3.11,0.61,4.96,3.57,3.71,3.5,4.85,4.23,1.42,3.45,5.26,3.81,4.45,3.0,3.41,5.06,2.25,1.89,5.0,5.4,4.0,3.76,1.15,3.79,3.17,1.22,4.75,3.2,4.43,2.99,3.57,4.01,3.89,1.26,4.78,3.15,4.26,4.48,3.12,4.83,3.76,4.78,4.27,2.99,5.32,3.75,4.47,3.37,2.95,4.06,3.66,5.01
2018-08-05,3,5.45,2.65,3.45,4.48,4.28,4.23,1.07,4.31,4.42,4.07,3.4,5.31,3.52,4.83,1.26,3.76,3.66,1.41,1.85,4.91,4.62,3.15,2.91,2.09,3.09,3.81,3.34,4.61,3.8,2.25,2.41,4.9,4.72,3.96,1.51,1.17,3.31,3.77,4.48,3.16,4.88,4.26,4.5,4.27,1.51,4.68,3.81,3.62,3.09,3.62,4.02,3.56,4.87
2018-08-06,3,4.46,1.9,3.05,2.27,3.06,4.71,2.74,4.2,4.87,4.13,3.52,2.95,2.56,4.53,2.5,3.5,4.11,2.06,1.82,4.86,4.57,2.05,2.67,1.95,4.11,4.06,4.17,4.31,1.51,2.74,2.67,5.56,4.06,4.51,2.09,3.14,2.44,0.85,3.5,3.11,4.71,3.16,3.41,4.01,1.55,4.58,4.26,4.5,3.94,4.46,2.82,3.4,2.78
2018-08-07,3,4.86,2.74,4.95,3.29,3.85,4.33,2.36,5.32,4.75,3.46,3.81,2.42,1.01,4.33,0.66,4.32,3.45,1.39,3.11,3.69,4.88,0.97,2.17,2.89,3.51,3.69,3.7,4.48,2.26,3.75,2.8,5.13,4.37,3.7,5.15,4.02,2.67,1.84,2.91,3.32,4.51,3.15,2.0,3.24,3.47,4.5,3.8,4.33,3.66,4.55,2.31,3.45,3.68
2018-08-08,3,4.96,5.0,3.92,3.92,4.32,2.84,2.0,5.06,4.75,3.3,3.59,3.41,2.61,4.12,2.64,3.9,3.49,2.67,3.99,2.69,4.92,1.94,1.1,4.11,3.44,3.92,2.41,3.94,1.47,4.45,2.75,3.1,2.75,3.62,5.18,4.48,2.8,1.77,4.23,3.02,2.46,1.07,3.84,4.38,4.26,3.97,3.05,3.21,3.75,4.21,1.07,3.41,3.23
2018-08-09,3,4.3,4.96,3.96,4.51,4.08,2.29,3.59,4.92,2.24,3.41,3.16,3.9,2.97,4.18,2.39,4.03,2.92,2.86,2.4,2.06,4.55,3.77,1.57,4.17,3.29,3.87,2.62,3.82,3.85,3.42,1.77,5.15,3.97,3.79,4.92,4.31,3.9,1.56,4.28,4.83,2.99,2.1,4.23,4.58,4.22,4.5,2.85,2.86,4.05,3.66,0.87,3.52,2.75
2018-08-10,3,1.87,5.28,3.11,4.4,4.62,4.31,3.45,4.68,2.31,3.09,3.55,3.06,3.45,3.72,1.84,3.62,3.62,3.59,0.87,1.55,4.5,4.48,0.55,2.17,4.96,4.08,3.24,4.36,2.96,4.47,1.96,2.6,4.48,3.89,5.3,3.21,4.53,3.87,4.02,4.51,3.04,2.46,2.29,4.5,3.24,4.05,4.3,2.76,3.82,5.18,3.69,3.52,3.93
2018-08-11,3,4.28,4.88,3.64,3.36,3.71,3.17,1.82,5.2,1.55,3.9,4.16,4.4,4.28,4.58,3.56,4.38,3.91,3.3,2.25,1.84,3.1,6.0,1.04,2.67,3.34,4.43,3.2,4.26,3.55,4.71,2.72,3.37,3.02,3.97,4.26,2.51,3.9,2.62,4.73,3.6,4.68,2.74,4.01,3.91,3.22,3.94,3.29,2.52,3.57,5.46,4.53,3.63,4.61
2018-08-12,3,4.02,2.56,3.56,3.49,4.4,2.31,2.02,3.02,1.5,2.47,3.71,2.49,1.05,4.2,4.85,4.27,3.69,4.08,3.22,2.89,4.25,1.74,3.4,2.89,3.27,4.42,2.69,4.21,4.6,4.62,3.95,4.47,4.77,5.3,4.17,3.34,2.99,4.16,4.36,3.51,4.67,1.99,3.76,3.37,1.99,3.77,2.54,3.27,4.55,5.22,3.99,3.53,4.34
2018-08-13,3,3.21,3.06,2.45,3.27,4.01,4.5,2.04,2.99,3.34,2.44,3.34,3.04,1.97,4.46,4.48,5.0,2.82,4.57,2.94,3.37,4.46,3.52,1.51,3.87,2.31,4.26,1.42,4.16,3.31,4.98,2.71,3.69,4.22,4.67,5.02,4.88,4.92,3.96,2.45,3.75,4.53,1.84,4.23,3.07,3.51,3.66,4.22,3.47,3.99,4.4,3.67,3.57,4.0
2018-08-14,3,4.06,1.45,1.92,4.76,3.02,2.49,2.57,2.09,4.01,2.97,3.22,2.39,3.76,2.8,3.97,4.8,2.21,4.03,4.58,2.25,4.48,2.36,0.76,3.69,2.5,4.32,3.29,3.52,2.52,4.73,1.62,3.11,4.07,4.98,5.12,4.83,4.77,4.51,4.18,2.67,4.77,3.0,2.91,2.46,3.91,3.99,4.03,2.96,4.32,4.08,2.05,3.41,4.44
2018-08-15,3,2.87,1.96,3.97,4.82,1.31,2.64,2.32,4.21,4.45,3.97,3.87,2.52,3.51,2.15,4.66,4.47,2.35,2.9,5.32,4.45,4.36,2.22,4.82,4.38,2.74,3.32,3.61,2.8,2.31,4.37,2.94,3.24,3.91,4.18,4.7,4.0,3.27,2.21,4.53,2.66,4.0,0.7,1.76,3.0,3.04,4.68,3.97,3.14,5.01,4.55,2.56,3.45,4.53
2018-08-16,3,1.39,2.72,3.07,3.62,3.04,1.86,3.99,3.82,4.87,4.73,4.46,3.36,4.45,2.01,4.16,4.48,3.0,2.57,3.4,4.23,3.64,3.29,4.68,2.82,3.07,3.54,3.15,4.25,3.81,3.27,1.15,3.31,5.02,2.0,4.75,4.68,2.51,4.66,3.37,4.12,4.26,2.5,3.11,3.09,3.55,4.81,3.9,3.8,5.21,4.53,2.97,3.57,3.46
2018-08-17,3,1.82,3.91,4.42,3.91,3.91,2.49,4.11,3.72,5.03,3.9,2.6,4.3,4.88,2.87,4.16,4.25,3.66,2.77,5.06,3.3,2.22,2.95,2.7,4.25,2.62,4.2,2.37,3.21,3.94,2.95,2.36,2.52,4.76,2.84,3.51,4.8,3.91,4.32,4.01,3.75,3.97,3.29,1.9,2.57,4.11,4.46,4.5,4.43,5.07,1.02,2.76,3.56,4.07
2018-08-18,3,1.01,3.89,1.85,4.3,3.71,2.97,4.12,4.62,4.42,3.86,3.22,4.7,3.97,2.52,3.97,4.25,4.46,3.37,5.1,4.72,3.04,1.75,5.51,4.13,2.27,3.52,2.8,5.05,4.16,1.12,4.63,3.45,2.47,2.41,3.97,4.47,3.9,3.41,3.39,3.75,4.16,3.75,0.9,3.36,3.94,4.17,4.12,3.16,2.67,2.86,3.16,3.54,4.02
2018-08-19,3,1.86,2.97,2.97,2.82,3.22,3.6,5.05,5.16,4.57,4.52,2.75,4.75,3.55,3.17,4.41,4.13,3.22,3.01,4.63,2.17,3.74,4.21,3.8,2.89,2.81,2.51,4.43,5.58,3.0,3.89,4.78,3.81,2.96,3.12,4.33,4.71,2.25,2.22,4.42,2.49,4.26,3.66,2.7,2.77,3.72,4.3,4.18,3.94,4.1,3.77,3.09,3.63,3.61
2018-08-20,3,1.62,3.92,2.19,3.64,2.56,2.41,4.28,4.51,4.07,4.5,3.51,4.12,2.31,2.49,4.66,4.05,4.28,2.24,4.02,3.09,3.86,3.46,2.42,2.96,1.74,2.01,4.33,5.3,2.3,4.58,3.61,4.61,3.87,4.43,4.48,3.97,2.9,2.92,3.07,4.38,3.65,3.52,2.95,3.2,1.77,3.75,4.45,2.89,3.99,4.17,3.69,3.48,3.89
2018-08-21,3,3.07,4.35,3.5,3.54,2.77,2.25,4.02,4.33,3.05,4.93,3.35,4.63,4.22,2.56,4.38,4.28,2.95,0.92,3.85,3.91,3.45,4.43,4.25,3.7,2.31,1.55,4.51,5.01,3.27,4.23,2.82,4.2,3.26,4.3,3.59,3.15,3.81,2.65,2.22,3.34,3.44,3.7,1.66,3.95,2.9,3.72,4.17,2.57,4.03,4.73,3.61,3.52,3.07
2018-08-22,3,4.38,4.13,4.65,3.22,3.11,2.66,4.36,3.67,3.27,4.18,3.92,4.06,4.61,2.9,4.13,4.1,4.12,2.51,3.8,4.97,2.94,4.5,4.75,3.95,3.74,2.25,4.3,3.79,3.57,3.94,3.19,4.17,3.02,3.4,4.28,3.11,3.94,3.64,1.86,3.91,3.84,2.59,4.95,2.06,3.35,3.52,3.39,1.99,2.94,1.9,4.86,3.62,4.73
2018-08-23,3,3.14,3.77,4.33,3.22,2.82,3.05,4.93,2.44,5.1,4.61,3.45,4.55,4.73,2.8,3.8,2.61,2.32,1.49,2.76,4.41,3.3,4.78,3.91,4.1,3.97,2.76,4.01,4.3,2.2,3.77,3.97,4.55,3.01,3.21,3.29,3.25,3.54,4.15,4.66,4.82,3.01,2.25,3.19,2.84,4.33,3.81,2.27,2.14,3.49,3.2,2.77,3.51,2.38
2018-08-24,3,3.26,2.85,4.36,5.08,2.49,3.74,4.43,2.75,4.01,4.03,3.75,2.91,4.96,3.85,3.74,3.27,2.27,2.42,3.35,3.45,3.26,4.43,3.51,4.2,3.79,2.56,3.94,2.65,2.59,3.29,4.08,2.7,3.55,3.05,3.45,4.27,1.62,4.3,4.3,2.94,1.96,3.75,3.74,3.31,4.61,3.8,3.0,2.34,3.3,4.67,2.71,3.46,1.71
2018-08-25,3,4.63,4.15,2.5,4.16,4.56,4.46,3.72,2.81,2.76,4.31,4.53,2.99,4.8,4.17,4.47,2.7,2.12,0.95,1.7,1.14,3.57,4.77,2.84,4.66,2.86,2.55,3.79,2.55,4.13,3.45,4.43,1.16,3.66,2.81,4.03,2.44,1.84,4.56,4.72,3.4,2.22,2.91,4.78,3.64,4.53,4.03,4.28,2.44,3.25,4.33,3.45,3.45,3.36
2018-08-26,3,4.13,4.23,2.05,3.24,4.21,4.18,3.8,2.2,2.31,4.06,4.06,3.62,3.92,3.0,4.26,2.3,2.66,1.15,1.04,2.22,3.55,4.43,2.35,4.63,4.35,2.67,3.32,3.62,4.82,3.24,4.68,0.72,2.71,3.1,4.05,4.27,1.97,4.05,4.33,3.87,1.87,2.07,3.91,2.37,5.08,3.52,4.77,1.46,4.55,4.6,3.67,3.36,3.4
2018-08-27,3,3.26,2.01,1.95,3.19,3.42,4.06,3.37,3.94,4.16,2.36,2.9,3.87,4.22,3.09,3.82,2.99,2.76,1.6,3.01,1.49,2.27,3.94,2.91,3.96,2.34,2.54,5.63,4.4,5.0,1.87,4.87,4.0,1.82,3.92,4.17,2.76,3.4,4.27,1.26,0.16,2.11,1.35,2.54,2.09,2.52,3.14,4.11,1.22,4.71,4.36,2.11,3.08,1.88
2018-08-28,3,4.07,0.92,1.37,3.9,3.95,3.81,4.02,2.91,3.66,4.71,2.15,3.8,3.87,0.61,3.17,2.94,3.94,4.37,3.01,0.91,2.51,3.52,3.49,4.31,4.43,2.3,4.83,3.44,4.25,2.16,4.52,3.87,1.62,4.92,4.67,2.51,2.44,4.7,1.25,1.41,3.45,2.62,4.33,2.42,4.4,3.29,4.55,3.74,4.92,3.35,1.21,3.28,2.73
2018-08-29,3,3.42,1.52,3.77,1.96,1.77,4.35,4.1,4.8,2.81,4.57,3.79,3.55,4.12,3.91,3.91,3.11,3.57,2.41,3.35,1.17,3.25,2.15,3.29,3.79,1.62,0.82,3.42,2.87,4.23,3.19,5.12,3.42,3.56,2.9,4.38,4.66,2.75,4.87,1.95,3.52,3.75,1.61,3.35,4.16,3.45,2.62,2.6,4.08,4.97,3.3,1.41,3.27,1.69
2018-08-30,3,4.15,1.11,3.37,1.52,2.71,4.27,3.26,2.72,2.7,2.1,4.56,4.36,4.47,4.05,3.94,3.82,4.03,1.51,3.76,1.87,2.34,2.75,3.01,3.15,2.14,1.72,4.15,2.29,4.28,1.65,5.1,3.87,3.69,3.3,4.07,3.82,3.09,4.15,1.81,3.8,3.77,3.57,3.26,3.5,4.17,2.99,2.15,3.07,4.25,3.39,1.6,3.22,3.01
2018-08-31,3,4.43,1.67,5.55,1.17,2.34,4.77,3.27,3.1,3.01,1.76,3.11,4.1,4.5,4.11,3.99,3.0,4.12,2.94,2.77,2.67,2.44,3.41,3.29,3.15,2.92,2.41,2.64,3.79,4.11,2.2,4.55,4.55,4.65,3.37,3.3,3.35,3.42,3.94,3.59,3.67,3.5,2.84,3.35,2.71,3.75,2.77,2.7,2.24,4.46,3.15,1.82,3.3,3.34
2018-09-01,4,3.6,2.2,1.98,3.91,3.35,4.34,3.2,2.44,3.03,1.58,2.54,3.31,3.86,3.57,2.2,3.25,3.78,2.3,1.94,2.21,1.83,3.94,2.69,2.39,3.67,2.28,2.37,3.13,3.88,2.83,3.78,4.08,4.51,3.73,3.19,1.74,3.67,3.46,2.4,3.17,0.99,2.69,3.88,3.67,2.86,1.89,3.24,1.52,3.6,2.21,1.28,2.92,3.46
2018-09-02,4,2.6,2.71,1.87,3.89,3.48,4.09,3.64,2.92,1.66,3.01,2.82,3.68,1.3,2.17,1.54,2.33,3.77,2.52,1.72,3.26,2.11,2.5,4.47,3.48,3.83,4.22,2.94,4.31,3.18,3.32,3.88,3.75,4.46,3.31,3.66,1.69,3.02,4.86,4.03,2.79,2.94,3.34,4.29,3.44,2.74,1.47,2.82,3.17,3.8,2.14,3.05,3.1,3.32
2018-09-03,4,1.68,3.13,3.2,1.99,2.62,3.37,3.37,1.38,3.25,0.73,3.6,3.23,3.62,1.37,1.98,3.46,2.64,3.74,3.77,2.2,1.65,3.5,2.84,4.07,4.13,3.69,0.84,4.18,3.75,3.49,2.26,3.73,3.67,2.56,4.62,2.39,3.72,3.61,4.14,3.8,3.45,2.2,4.01,1.39,1.85,2.45,3.18,1.32,3.74,3.84,3.05,2.97,1.59
2018-09-04,4,2.54,3.39,2.6,3.5,2.07,3.49,3.64,3.24,1.57,1.4,3.92,1.85,2.26,3.23,2.25,3.75,3.05,4.03,4.1,1.79,2.06,3.36,3.49,3.93,4.43,3.69,1.71,3.8,3.57,4.25,2.29,4.08,2.92,3.25,2.58,2.8,3.28,2.85,3.83,2.58,0.96,1.47,2.77,3.11,3.23,4.42,4.35,3.15,3.0,3.93,3.53,3.07,3.11
2018-09-05,4,4.29,3.4,2.26,4.5,2.72,1.8,3.67,3.4,2.05,2.38,3.84,3.61,1.86,2.87,3.02,4.07,1.62,1.38,2.3,2.36,3.32,3.35,3.08,3.46,2.31,2.7,1.53,2.94,3.2,3.82,2.42,3.99,3.58,2.7,2.5,3.32,3.19,3.33,4.21,2.66,1.09,3.86,3.45,3.16,1.94,3.53,2.8,3.07,4.22,3.28,3.95,3.01,4.31
2018-09-06,4,4.24,4.3,2.99,3.56,4.02,2.25,4.47,3.48,3.44,2.93,4.09,4.01,2.95,4.52,3.0,1.44,5.05,3.36,2.58,2.22,3.92,2.92,2.54,2.86,3.92,3.1,2.21,2.45,3.69,1.15,3.25,2.66,2.74,3.88,2.17,3.84,2.35,4.13,3.86,3.16,2.4,4.21,3.73,3.89,1.88,2.66,2.15,1.58,3.41,3.7,3.26,3.19,2.64
2018-09-07,4,3.74,3.37,4.01,1.5,4.26,3.32,3.34,3.57,3.33,3.24,3.21,2.59,2.55,3.33,2.36,3.64,4.08,3.08,2.01,3.89,3.58,3.51,2.62,3.29,3.59,2.69,1.96,1.52,3.57,2.75,2.1,1.66,3.11,4.06,2.69,3.61,2.22,3.94,3.08,2.89,3.03,3.57,4.0,3.17,3.42,4.03,1.89,2.18,3.62,3.12,2.5,3.09,2.95
2018-09-08,4,2.71,2.23,4.09,3.73,4.32,2.27,2.74,4.16,3.66,2.06,3.62,2.38,2.84,2.52,3.65,3.67,4.66,2.22,1.61,4.05,3.44,3.18,2.72,2.75,2.67,3.25,1.28,2.92,3.02,3.6,2.78,2.28,3.95,2.84,2.34,0.68,2.39,3.09,3.54,2.23,3.49,1.63,3.77,3.11,2.45,3.51,2.38,2.02,1.28,3.18,2.09,2.88,3.05
2018-09-09,4,1.24,2.79,2.94,3.83,2.89,2.56,3.51,2.25,4.27,3.27,2.59,3.12,3.01,2.2,3.03,3.99,3.51,3.18,3.02,3.52,3.74,3.8,3.83,2.58,1.95,2.07,3.37,2.83,3.29,3.21,4.26,4.31,3.05,2.7,2.28,2.64,3.36,3.39,3.73,1.39,3.98,3.15,1.96,1.97,3.44,4.3,3.28,0.76,2.82,3.1,2.82,3.02,3.33
2018-09-10,4,2.86,4.24,3.73,0.71,3.76,2.71,3.08,2.3,2.46,2.64,1.94,3.44,3.15,0.83,1.33,4.08,3.29,2.6,3.12,1.79,3.25,3.45,0.84,2.39,1.48,3.04,3.37,2.34,2.79,2.7,3.93,3.11,2.36,3.25,2.48,2.91,3.04,3.76,3.91,2.38,2.8,3.56,1.68,4.13,2.91,3.73,2.79,2.01,1.52,3.36,2.07,2.77,2.42
2018-09-11,4,3.67,3.13,3.29,1.38,2.93,2.64,2.84,2.33,1.91,2.93,3.1,3.23,3.6,0.99,1.8,3.46,4.14,3.54,2.17,2.83,3.34,3.48,2.19,2.91,2.31,2.92,3.18,3.08,3.92,3.28,3.33,3.8,2.17,3.4,3.44,3.37,3.21,3.13,2.85,1.94,2.31,3.21,1.98,2.72,3.7,3.58,3.27,3.91,3.57,3.92,2.84,2.98,2.62
2018-09-12,4,2.8,3.19,2.87,4.11,1.48,1.81,2.58,1.33,2.93,2.26,2.3,3.09,2.91,2.28,3.27,3.62,2.74,3.77,1.82,3.1,2.99,2.39,2.1,3.57,3.1,2.7,3.03,3.35,3.08,3.37,2.58,2.33,2.78,3.36,3.24,2.93,3.75,3.0,2.64,3.32,2.26,1.58,1.79,3.89,3.85,3.83,3.83,3.17,3.92,3.1,3.11,2.91,2.73
2018-09-13,4,3.68,2.53,3.1,3.45,3.04,3.82,2.97,2.53,3.57,3.72,3.0,3.65,1.79,4.37,2.84,3.7,3.44,3.31,0.89,3.35,2.37,3.26,3.15,3.15,3.13,1.96,3.59,3.03,3.02,2.47,2.86,2.36,2.7,4.09,2.66,3.81,3.83,2.67,2.23,2.96,2.85,3.56,1.54,3.53,3.6,3.9,2.77,3.04,2.72,2.88,3.08,3.05,2.35
2018-09-14,4,3.44,2.12,1.5,1.69,3.93,3.84,3.5,3.26,2.91,3.59,3.07,3.39,2.21,2.99,1.78,1.91,2.2,2.51,3.07,3.84,3.37,2.6,2.1,3.41,2.07,2.5,3.65,3.25,2.51,3.05,2.34,1.36,3.6,3.12,3.21,2.8,3.43,2.21,2.43,3.59,3.2,3.89,2.96,3.04,2.25,3.08,3.25,3.05,3.5,2.12,2.04,2.86,1.95
2018-09-15,4,3.09,2.5,3.21,3.15,2.26,3.86,3.6,1.95,2.88,3.56,3.19,2.5,2.88,2.02,2.97,1.38,3.21,1.91,4.25,3.32,3.03,2.86,2.26,3.32,3.88,3.1,3.02,3.01,1.64,2.95,2.5,1.74,3.48,2.34,2.87,3.37,2.92,2.25,0.55,2.2,3.81,2.18,3.08,2.38,1.44,2.15,1.9,3.25,3.56,3.12,2.71,2.76,1.64
2018-09-16,4,2.76,1.99,2.01,3.33,2.71,3.6,2.07,2.96,2.75,2.7,3.5,2.63,3.35,1.94,2.68,1.5,3.42,2.82,3.61,3.05,2.8,2.53,2.02,3.16,3.94,3.31,3.26,2.66,3.54,3.09,1.33,1.48,3.08,3.08,2.93,2.97,2.58,1.07,2.42,3.45,3.4,2.23,3.5,2.45,2.13,3.28,1.19,2.96,2.95,3.52,2.02,2.74,1.73
2018-09-17,4,2.59,2.4,1.82,3.2,2.87,3.48,3.09,2.64,2.78,2.55,2.86,2.6,4.19,1.11,2.38,2.53,3.17,3.4,3.85,2.82,3.31,2.88,1.69,3.2,3.03,3.41,3.43,2.8,2.55,3.33,2.09,3.37,3.5,2.74,2.44,2.94,3.43,1.88,3.37,3.56,2.96,2.64,3.48,2.46,3.39,2.94,2.7,2.12,2.72,3.1,2.59,2.87,3.05
2018-09-18,4,2.36,3.17,2.04,4.18,2.74,3.34,2.96,3.48,3.78,2.75,1.9,3.24,3.34,3.33,2.3,3.68,3.16,3.18,3.16,2.93,3.4,2.4,3.35,3.26,3.07,1.73,2.84,2.71,2.23,1.5,1.89,3.66,3.15,1.82,3.35,2.92,2.93,1.46,3.6,2.5,3.31,2.11,3.21,1.71,3.02,3.12,2.02,3.26,2.86,2.89,2.68,2.84,2.7
2018-09-19,4,2.86,3.03,2.85,2.58,2.76,3.1,3.64,2.38,2.97,3.23,1.69,3.02,3.95,2.29,2.62,2.7,2.03,2.07,3.16,3.32,3.21,2.7,3.46,3.19,2.09,4.18,2.84,2.22,2.71,2.58,3.75,3.66,3.8,2.95,3.53,1.39,3.12,3.21,1.71,2.86,3.86,3.35,3.05,2.63,1.88,2.71,3.33,2.87,2.84,3.09,3.94,2.92,2.58
2018-09-20,4,2.77,2.91,2.52,2.45,2.72,3.54,2.5,2.48,2.82,2.04,2.78,2.62,3.15,2.39,1.76,1.57,2.77,2.52,3.49,2.79,3.65,2.39,2.56,3.26,2.29,3.44,3.49,2.06,1.73,2.79,2.7,3.23,3.7,3.24,3.49,1.53,2.36,2.6,2.15,2.42,3.27,2.46,2.39,1.88,1.9,2.77,3.25,2.55,2.06,2.02,2.89,2.65,1.27
2018-09-21,4,2.94,2.97,2.64,3.13,2.19,3.07,2.23,2.48,2.54,2.05,2.63,2.83,3.11,1.9,2.63,2.68,1.9,2.21,3.26,2.75,3.33,2.36,2.56,3.31,2.84,3.27,3.07,2.12,3.54,2.1,3.4,2.67,2.62,3.45,3.72,2.74,3.26,1.56,2.46,1.24,2.45,2.63,1.54,1.24,2.99,1.57,3.27,2.06,1.63,2.64,3.12,2.61,1.21
2018-09-22,4,2.85,2.25,1.94,2.52,1.99,3.48,0.88,3.2,2.56,2.7,2.51,2.69,3.68,2.03,1.73,2.59,2.55,2.43,3.51,2.66,2.77,2.69,3.21,2.17,2.89,3.29,2.86,2.37,2.69,2.92,2.95,2.34,2.1,3.13,1.97,2.2,3.36,3.19,2.33,2.53,1.68,1.89,2.91,1.85,3.37,2.42,3.37,2.03,1.7,3.5,3.4,2.6,2.7
2018-09-23,4,2.55,1.85,2.13,2.69,2.53,2.96,1.33,2.99,3.35,2.44,3.33,3.04,1.98,2.63,2.17,2.74,3.53,3.17,1.99,2.69,2.72,2.07,2.85,2.55,2.21,2.06,3.67,1.87,2.64,1.68,2.27,3.04,2.21,2.36,2.02,2.79,2.27,3.43,2.45,1.97,1.61,2.34,2.96,2.75,3.29,3.24,2.76,3.25,1.13,3.4,3.19,2.57,2.18
2018-09-24,4,2.04,2.14,2.45,2.48,2.3,2.46,2.75,2.89,3.02,1.73,2.12,3.62,2.8,2.96,2.05,3.42,2.58,3.07,2.72,2.61,3.11,2.04,1.7,2.95,2.53,1.91,2.87,1.77,1.76,2.91,2.26,4.8,2.77,2.88,2.34,3.27,2.96,3.27,2.5,3.03,2.8,2.01,2.66,3.09,3.05,2.25,3.09,3.34,1.73,2.8,2.62,2.65,2.54
2018-09-25,4,3.0,3.11,2.51,2.79,2.23,2.58,3.07,2.68,2.61,2.77,1.28,2.86,2.92,2.8,2.06,3.11,2.61,2.87,2.8,2.37,2.95,2.67,0.58,2.18,2.52,2.6,2.34,1.8,2.14,2.85,1.53,2.72,2.33,2.26,2.06,3.43,2.19,3.12,2.67,2.52,2.78,2.78,1.71,2.06,2.95,1.06,3.04,2.13,1.85,2.59,2.52,2.47,2.29
2018-09-26,4,2.95,2.38,2.26,2.53,2.19,1.45,1.61,2.96,2.85,2.51,2.1,2.68,2.97,2.58,2.22,3.18,2.03,2.58,2.28,2.04,2.96,2.74,0.56,1.71,2.18,2.75,2.71,2.15,2.45,1.32,2.22,2.04,1.94,3.03,2.6,2.6,2.19,3.76,2.59,2.61,2.18,3.21,3.11,2.8,1.98,3.48,2.8,2.68,3.29,3.03,2.44,2.48,2.12
2018-09-27,4,2.67,2.91,2.47,2.69,2.3,3.08,2.2,2.78,3.13,2.59,2.69,2.29,3.03,3.09,2.26,3.21,2.92,2.03,1.05,1.13,3.11,2.26,2.05,1.96,2.48,2.66,2.29,2.39,2.39,2.36,3.24,1.78,2.4,2.97,3.56,2.54,2.64,3.69,2.36,2.8,1.87,3.52,2.06,2.52,1.62,3.5,2.83,2.78,3.16,2.11,1.7,2.55,2.43
2018-09-28,4,2.51,2.46,1.66,3.04,1.56,2.52,2.47,2.56,3.07,3.08,3.07,2.51,3.18,2.74,2.19,1.86,3.19,2.42,0.96,4.01,2.4,1.79,3.42,1.73,2.2,3.26,2.56,2.07,2.48,2.71,2.36,1.79,2.37,2.4,2.21,1.8,2.45,2.05,2.4,2.37,2.5,2.47,3.07,1.96,2.17,3.18,1.73,2.12,3.03,2.27,1.42,2.43,1.4
2018-09-29,4,2.93,2.33,2.4,2.71,1.29,3.52,1.66,1.77,3.94,2.97,2.14,2.35,3.01,2.92,2.01,2.43,2.92,2.07,2.51,3.48,2.56,1.49,2.95,2.35,2.75,2.31,1.73,2.36,2.53,2.86,1.61,1.42,2.52,2.19,1.98,1.99,2.2,2.26,2.2,2.58,3.07,2.22,2.58,1.87,2.78,2.93,1.89,2.36,2.62,2.7,1.89,2.41,2.41
2018-09-30,4,2.85,1.34,1.54,2.91,2.19,3.28,2.89,2.59,5.72,2.55,1.87,3.29,3.5,2.43,1.9,1.87,2.95,1.94,2.71,3.0,2.35,0.82,2.18,2.11,1.95,2.53,1.24,2.56,2.83,2.74,2.27,3.02,2.3,2.28,3.18,2.23,2.53,2.51,2.44,3.09,2.58,1.22,2.7,1.29,1.73,2.85,2.17,2.04,2.52,2.69,2.53,2.45,2.68
2018-10-01,5,2.07,2.43,3.76,3.01,2.08,2.82,2.97,2.51,1.62,3.1,2.12,2.63,2.75,2.92,1.88,2.65,2.45,2.3,2.52,2.94,2.71,1.87,1.88,2.18,2.54,2.54,3.35,2.18,2.37,3.7,1.81,1.42,2.37,2.2,2.95,1.78,1.84,3.2,2.28,2.63,2.38,0.98,2.59,2.02,2.8,2.66,3.16,2.35,2.54,1.77,2.77,2.46,2.38
2018-10-02,5,2.4,2.36,2.91,1.56,2.51,2.29,2.7,2.73,2.29,3.57,3.09,2.35,2.59,2.58,1.59,2.74,2.36,2.12,2.86,2.16,2.85,2.73,2.33,2.1,2.8,2.06,2.68,1.4,2.32,2.26,2.32,2.58,2.44,2.11,2.76,2.07,2.25,2.17,1.82,1.85,2.45,0.7,2.23,1.74,3.25,3.03,2.08,2.48,2.33,1.92,2.83,2.37,1.94
2018-10-03,5,2.59,2.25,2.53,1.29,1.82,2.74,2.02,2.24,2.51,3.02,3.04,2.67,1.95,2.58,1.83,2.45,2.23,3.04,1.84,2.38,2.8,2.53,3.16,2.11,2.41,1.88,2.76,1.87,1.35,2.66,2.42,2.88,1.92,2.44,3.01,2.58,2.93,2.87,2.74,2.91,2.73,2.69,1.69,2.18,2.8,2.36,2.96,2.32,2.28,2.52,2.42,2.44,2.03
2018-10-04,5,2.61,2.44,2.04,2.44,1.43,2.42,2.35,1.9,2.19,2.66,2.93,2.38,2.26,2.49,2.2,1.07,2.0,2.8,3.1,1.78,2.7,2.46,4.1,1.75,1.64,2.61,2.52,1.76,2.27,2.48,2.9,2.74,1.17,2.45,2.86,1.9,2.27,2.36,2.21,2.33,2.66,2.46,2.79,2.79,2.19,2.34,2.38,2.93,2.76,2.49,2.33,2.37,1.94
2018-10-05,5,1.74,1.91,2.34,2.86,2.8,2.33,2.61,2.3,1.84,2.37,2.66,2.08,2.21,2.5,1.94,3.02,2.15,2.09,1.48,3.27,2.57,2.63,2.73,2.09,2.87,2.49,1.51,2.03,2.88,2.16,1.42,2.77,2.53,1.9,1.7,1.87,2.5,1.88,2.18,2.52,3.16,2.24,2.42,2.6,2.19,3.46,2.52,2.45,2.29,1.75,1.87,2.33,1.1
2018-10-06,5,2.29,1.71,1.93,1.59,2.41,1.64,2.71,2.97,2.42,2.1,2.75,1.96,2.04,2.59,1.41,2.68,2.1,1.7,1.27,1.95,2.7,2.06,2.16,2.58,2.85,2.25,2.02,1.59,2.1,2.97,3.3,2.75,1.93,2.24,2.06,1.76,1.84,2.16,1.83,2.33,2.87,1.88,2.5,2.66,3.22,2.53,1.65,2.32,2.3,3.19,2.43,2.26,1.13
2018-10-07,5,2.3,2.28,1.88,2.92,2.16,2.78,2.7,3.12,2.92,1.44,2.4,2.41,2.15,2.21,1.78,2.7,1.99,2.27,2.28,2.61,2.6,2.91,2.41,1.65,2.67,2.37,1.98,1.68,2.16,2.32,1.66,2.62,1.51,1.96,1.67,2.12,1.54,2.27,1.91,2.16,2.21,1.78,1.85,2.03,2.74,2.51,1.93,2.01,1.98,1.26,2.29,2.2,1.95
2018-10-08,5,2.52,2.54,1.17,2.09,1.96,2.52,2.96,2.74,1.7,1.78,2.52,2.45,1.99,2.7,1.45,3.07,2.28,1.65,2.02,1.9,2.15,2.43,2.16,2.32,1.77,2.0,1.77,1.92,2.63,3.07,2.1,2.15,1.54,2.34,1.25,1.65,2.02,3.2,1.98,1.98,2.3,1.74,1.94,1.62,2.32,1.85,2.71,2.15,1.44,2.6,2.02,2.14,1.66
2018-10-09,5,2.34,2.09,1.73,1.92,1.62,2.08,2.54,2.53,2.38,2.09,1.71,2.19,2.15,2.04,1.08,2.66,2.06,1.74,1.6,1.45,2.08,2.33,1.54,1.84,2.62,2.28,1.96,1.46,2.65,4.41,1.68,1.54,2.09,2.29,1.6,2.21,1.69,1.82,2.45,1.85,2.15,1.41,2.42,1.18,2.07,1.93,2.87,1.37,1.7,2.07,1.78,2.03,1.61
2018-10-10,5,2.18,1.59,1.88,1.45,2.19,1.95,1.4,2.54,2.23,2.03,1.96,1.93,1.62,1.62,1.58,2.43,2.17,1.82,2.12,1.99,1.7,1.48,1.88,2.35,2.74,2.78,1.73,1.41,2.24,3.8,2.29,1.26,2.28,2.36,3.27,2.27,2.52,1.96,1.99,2.02,1.94,2.02,2.15,2.74,1.54,2.16,2.5,1.42,1.91,1.69,2.21,2.06,1.81
2018-10-11,5,1.58,2.24,1.52,3.64,1.42,2.37,1.86,1.82,2.6,2.25,2.1,1.58,1.6,2.28,2.4,2.43,2.25,2.29,2.07,1.84,2.33,1.6,1.7,2.27,2.35,2.99,1.48,1.23,2.49,2.54,1.92,2.67,2.34,1.81,2.62,2.21,2.23,2.13,1.27,1.96,2.76,1.94,2.4,2.12,1.19,1.83,2.94,1.78,0.75,2.23,1.9,2.08,1.83
2018-10-12,5,2.25,1.68,2.02,2.87,1.76,2.53,1.59,2.17,1.98,1.96,1.49,1.62,1.42,2.38,1.58,1.69,2.11,2.09,1.66,1.95,1.48,2.96,1.92,2.07,2.13,2.42,1.77,2.17,2.36,1.93,2.2,2.71,1.83,2.04,1.68,1.62,1.93,1.95,1.94,2.15,2.34,1.96,1.88,2.88,2.1,1.35,2.65,1.31,1.51,2.82,1.84,2.01,1.03
2018-10-13,5,2.26,1.9,2.26,2.35,1.65,2.08,2.03,1.99,1.73,1.64,2.13,1.79,1.5,2.03,2.29,1.62,2.16,1.83,1.75,1.98,1.45,2.32,2.17,1.87,1.67,2.27,1.87,1.78,1.66,1.87,1.16,2.3,1.7,1.25,1.44,1.5,1.04,1.99,2.44,2.44,2.08,2.48,2.09,2.33,1.93,2.24,2.51,1.08,2.91,1.77,1.52,1.92,1.08
2018-10-14,5,1.59,3.01,2.28,2.15,1.4,1.41,1.66,2.16,1.86,1.53,1.14,1.86,2.86,1.84,1.66,1.73,2.42,1.95,3.42,2.07,2.0,1.74,1.35,1.76,1.71,1.91,2.0,1.64,2.3,1.45,2.3,2.35,1.69,1.69,2.24,1.39,1.59,1.77,1.98,2.23,2.66,2.58,1.82,1.82,2.02,2.25,2.26,2.33,2.26,2.17,1.62,1.98,1.8
2018-10-15,5,1.64,2.18,2.04,1.9,2.19,1.85,1.61,1.88,1.69,1.84,2.3,1.75,2.77,2.33,1.98,1.51,2.25,1.66,1.58,1.92,1.86,1.7,1.57,2.21,1.87,1.9,2.19,1.7,1.54,1.82,1.46,1.43,0.57,1.6,1.95,1.85,1.67,2.63,1.49,1.85,2.46,2.41,2.7,1.19,2.91,1.86,2.16,2.43,2.23,1.66,1.96,1.92,1.51
2018-10-16,5,2.19,2.03,1.6,1.79,2.83,2.27,1.44,2.03,1.08,1.34,1.65,1.71,2.2,1.78,1.82,1.6,1.68,1.84,1.4,1.96,1.45,0.35,1.19,2.28,2.01,1.85,2.15,1.86,1.61,1.71,1.92,2.49,1.57,0.97,1.33,1.85,1.61,1.57,1.92,1.96,1.79,2.15,2.03,1.9,2.28,2.77,1.99,2.3,1.41,1.96,0.91,1.79,1.49
2018-10-17,5,2.12,2.11,2.77,1.9,2.12,1.57,1.43,2.38,1.58,2.02,2.67,1.27,1.77,1.44,1.93,1.37,1.37,1.66,1.65,1.21,1.49,1.31,1.43,1.95,1.52,1.62,0.94,1.77,1.71,2.3,1.57,1.79,1.73,1.27,1.95,1.77,1.99,2.11,2.03,1.78,1.78,2.01,2.2,1.39,2.0,1.86,1.96,1.78,1.31,1.36,1.96,1.76,1.7
2018-10-18,5,1.88,1.98,1.75,1.82,1.85,2.48,1.43,1.19,2.02,2.1,2.42,1.36,1.81,1.33,2.3,1.82,1.5,1.66,2.32,1.45,2.15,1.85,1.65,1.92,1.91,1.69,0.47,2.0,1.21,2.23,1.86,1.92,2.78,1.44,1.67,1.71,1.77,3.1,1.85,1.28,1.61,1.37,1.81,1.86,1.71,2.07,2.21,1.64,1.12,1.26,1.76,1.79,1.19
2018-10-19,5,1.7,1.62,1.67,1.79,1.29,2.88,1.37,1.84,1.91,2.41,1.78,1.57,2.03,1.31,1.96,1.6,1.37,1.9,2.01,1.21,0.9,1.52,1.26,2.87,1.71,1.78,1.36,1.59,1.69,1.85,1.67,1.87,4.39,1.94,1.82,1.58,1.84,2.52,1.98,1.98,1.91,1.37,1.88,1.39,1.59,2.0,2.01,1.32,1.42,2.38,1.32,1.8,1.61
2018-10-20,5,1.84,1.56,1.67,1.88,1.59,2.3,0.94,1.81,2.0,1.65,1.42,1.58,2.33,2.18,1.14,1.54,0.95,2.33,2.11,1.71,1.53,1.44,1.71,2.17,3.64,2.09,0.97,1.28,1.46,1.85,1.58,2.49,2.09,2.21,1.98,1.54,1.75,2.02,1.78,2.17,1.46,1.58,1.66,1.71,1.73,1.27,1.78,1.06,1.62,1.74,2.1,1.76,1.65
2018-10-21,5,2.2,1.83,1.83,2.24,1.35,1.92,1.64,1.69,1.41,1.66,1.83,1.78,2.12,1.76,1.51,1.18,1.41,2.06,1.48,1.42,1.88,1.18,1.59,1.93,1.54,2.03,1.66,2.01,0.58,1.86,1.52,2.41,2.16,1.66,1.54,1.36,1.31,1.6,1.88,1.02,1.62,2.17,1.78,1.75,1.75,1.73,1.77,1.62,1.95,2.06,1.65,1.7,1.63
2018-10-22,5,1.21,1.53,1.78,2.01,0.81,1.66,2.06,1.83,0.66,1.41,1.93,1.71,1.74,1.74,0.81,1.57,1.71,1.93,1.35,1.68,2.33,1.48,1.61,2.1,1.45,1.9,0.9,1.62,1.39,1.9,3.07,1.48,2.18,1.75,1.4,1.1,1.7,2.17,1.26,1.48,1.14,1.9,1.43,1.69,1.94,1.85,1.83,1.62,1.26,1.43,1.36,1.62,1.48
2018-10-23,5,1.43,1.57,1.2,1.62,1.94,1.84,2.13,1.41,0.69,2.15,1.31,1.76,1.08,1.88,1.01,1.76,1.42,1.78,1.43,1.64,2.21,1.79,1.09,1.41,1.29,1.65,1.56,1.44,1.95,1.51,1.58,1.57,1.92,1.84,1.73,1.76,1.77,1.69,1.39,1.29,2.03,2.12,0.82,1.46,1.83,1.82,1.67,1.36,1.62,1.92,1.58,1.6,1.11
2018-10-24,5,1.58,1.44,1.7,1.24,1.87,1.7,2.03,1.1,1.09,1.73,1.36,1.44,1.68,1.46,1.66,2.16,1.02,1.53,1.27,1.02,1.65,1.83,1.58,1.61,1.26,1.53,2.1,1.46,3.18,2.0,2.35,1.67,1.86,1.88,1.41,1.85,1.66,1.62,1.66,1.27,1.9,2.06,2.62,1.66,1.96,1.73,1.42,1.59,1.37,2.28,1.64,1.68,1.5
2018-10-25,5,0.92,1.06,2.0,1.57,1.92,1.37,1.92,2.01,1.73,1.45,1.87,1.45,2.01,1.59,0.74,1.68,1.69,0.89,1.99,1.49,1.16,1.99,1.37,1.58,1.39,1.08,1.6,1.21,1.52,1.69,2.03,1.68,1.52,0.78,1.57,1.95,1.28,1.28,2.51,1.51,2.35,1.25,1.93,1.69,1.86,0.72,2.24,2.44,1.56,1.84,0.95,1.59,1.55
2018-10-26,5,1.12,1.19,1.75,1.62,1.45,1.58,1.66,1.56,2.61,1.25,0.99,1.53,2.18,1.44,1.4,1.35,3.02,1.16,1.51,1.61,1.69,1.41,1.67,1.49,1.12,1.34,1.91,0.87,1.77,1.87,1.29,1.65,1.74,0.87,1.34,1.57,1.33,1.28,1.93,1.74,1.95,1.69,1.54,1.83,1.48,1.64,1.77,1.98,1.19,1.85,1.67,1.58,0.84
2018-10-27,5,1.51,1.2,1.62,1.86,0.51,1.32,1.83,1.6,2.11,1.31,1.54,1.36,2.16,1.62,1.65,1.91,2.18,1.9,1.65,1.06,1.96,1.41,1.21,1.26,2.51,1.26,1.51,1.32,1.23,1.93,1.19,1.39,1.28,1.31,1.31,1.4,1.15,1.29,1.41,1.68,1.51,1.35,1.69,1.17,1.53,2.5,1.74,1.33,2.2,2.13,1.68,1.56,1.95
2018-10-28,5,1.27,0.95,1.76,2.37,0.72,1.77,1.69,1.65,1.81,1.74,1.44,2.61,1.65,1.83,1.2,1.78,1.68,1.34,1.71,1.61,1.78,1.33,1.21,0.97,2.26,0.99,1.83,2.18,1.21,1.75,1.25,1.52,1.37,1.45,1.36,2.29,1.96,2.27,1.08,1.51,1.67,1.35,1.33,1.78,1.24,1.86,1.65,1.17,2.57,1.81,1.16,1.6,0.85
2018-10-29,5,3.86,1.48,1.46,2.25,1.26,1.54,1.67,1.5,1.91,1.9,1.46,1.69,1.42,1.74,1.48,1.48,1.0,0.83,1.21,1.15,1.1,1.27,1.23,1.35,1.88,1.11,1.57,1.71,0.98,1.45,1.0,0.94,1.57,2.4,1.39,1.74,1.59,1.46,1.59,1.07,2.2,1.59,1.08,1.73,1.07,1.65,1.82,2.1,1.69,0.67,1.39,1.52,1.35
2018-10-30,5,2.82,1.6,1.39,1.75,1.27,1.58,1.19,2.7,1.83,2.02,1.29,1.68,1.77,1.54,1.46,1.1,0.72,1.81,1.23,1.33,1.56,1.51,1.25,1.23,1.79,1.52,0.94,1.36,1.66,1.71,1.86,1.73,1.44,1.52,2.06,1.44,1.43,1.2,1.68,1.36,1.68,1.36,1.24,2.12,1.42,0.94,2.3,2.13,1.09,1.32,1.45,1.56,1.21
2018-10-31,5,1.37,1.54,0.92,2.0,1.66,1.28,0.66,2.11,1.94,1.6,1.48,1.77,1.59,1.39,1.33,1.53,0.11,1.14,1.07,1.4,1.37,1.71,0.87,1.37,1.14,1.39,1.07,1.4,0.98,1.12,1.95,1.68,1.48,2.21,1.57,1.28,1.15,1.4,1.66,2.1,1.76,0.81,1.14,1.66,1.42,1.33,1.5,1.42,0.81,1.12,2.08,1.41,1.23
2018-11-01,6,0.9,1.11,0.91,2.14,1.01,0.82,1.58,1.53,1.46,0.98,1.13,1.54,0.98,1.36,1.25,1.41,0.58,1.36,0.75,1.18,0.58,1.52,1.6,1.25,1.29,1.37,1.46,1.0,0.89,1.1,1.31,1.45,0.65,1.46,1.1,1.25,0.84,1.25,1.55,1.44,2.34,0.99,1.2,1.34,1.58,1.21,1.17,1.41,1.44,1.84,0.89,1.25,1.16
2018-11-02,6,1.47,2.01,0.92,1.49,1.27,0.93,1.27,1.29,2.37,1.45,1.27,1.38,0.88,1.64,0.32,1.36,2.23,1.33,0.76,1.4,1.07,1.31,1.33,1.39,1.51,1.28,1.53,0.95,1.0,1.04,1.25,1.09,2.03,1.38,1.06,0.93,1.33,0.9,1.18,0.93,1.85,1.5,0.85,1.03,1.99,1.38,1.21,1.61,1.18,1.0,0.81,1.29,1.23
2018-11-03,6,1.19,1.75,2.1,1.15,1.42,0.78,1.32,2.07,2.16,1.11,1.29,1.13,0.9,1.34,1.22,1.89,2.11,1.54,1.33,1.63,1.18,0.94,0.98,1.26,1.42,0.82,1.99,0.79,1.59,0.89,1.09,0.99,1.1,1.8,1.19,1.31,1.14,1.06,0.78,2.56,1.55,1.74,1.48,1.03,2.08,0.96,1.3,1.4,1.86,1.33,0.64,1.37,1.3
2018-11-04,6,1.11,1.45,1.36,0.94,1.75,1.41,1.1,1.79,1.48,0.98,1.5,1.42,1.46,1.51,0.99,1.06,1.32,1.68,2.25,1.58,1.53,1.02,1.08,1.29,1.12,0.98,1.87,0.82,1.47,0.75,0.85,1.04,1.06,1.9,0.91,0.31,0.94,1.34,1.21,1.66,1.32,1.36,1.47,0.95,1.53,1.35,0.64,1.15,1.13,1.25,1.23,1.27,1.24
2018-11-05,6,1.31,1.56,1.57,1.0,1.37,1.47,1.11,1.55,0.92,1.22,1.28,0.55,1.02,1.45,0.91,1.15,2.36,1.38,1.31,1.27,1.18,1.69,1.52,1.27,1.17,0.96,1.34,0.87,1.34,0.49,1.27,1.13,0.98,1.6,1.08,2.1,0.57,1.12,1.02,1.69,1.15,1.36,0.78,1.26,1.42,1.14,1.61,0.36,1.28,1.0,0.83,1.22,1.23
2018-11-06,6,1.68,1.65,1.38,1.22,1.46,1.25,0.96,1.23,1.28,1.1,1.54,0.65,1.11,1.09,1.17,0.9,1.77,1.08,1.27,1.15,1.83,1.46,1.44,1.31,1.06,0.94,0.94,1.37,1.3,1.16,2.35,1.19,0.87,1.64,1.25,2.33,1.17,0.82,0.75,1.42,0.99,1.18,2.74,1.14,1.02,1.4,1.53,1.18,1.1,1.07,1.28,1.3,1.22
2018-11-07,6,1.74,1.23,1.18,1.6,0.92,0.98,1.06,0.97,2.48,0.91,1.35,1.82,0.96,0.52,0.21,1.54,1.12,0.96,1.08,1.27,1.55,1.22,1.09,0.94,1.4,1.17,1.25,1.46,1.55,1.69,2.2,1.3,1.13,2.11,0.98,1.72,1.27,1.49,1.16,1.69,0.89,1.68,1.75,0.87,0.63,0.8,1.27,1.07,0.81,1.06,1.25,1.26,0.71
2018-11-08,6,1.1,0.56,0.55,0.64,0.75,1.35,1.79,1.0,1.59,0.75,0.66,2.05,1.08,0.87,1.12,1.86,1.19,1.04,0.74,0.85,1.31,1.0,1.33,1.11,0.65,1.26,1.73,1.27,1.0,1.82,1.44,1.07,2.06,1.5,0.6,1.47,1.16,0.7,0.96,1.3,0.92,1.54,1.52,0.98,0.43,1.17,0.65,1.63,0.92,1.03,1.31,1.14,1.01
2018-11-09,6,1.1,2.07,0.64,1.13,0.76,1.38,1.38,1.19,1.52,1.18,1.02,0.85,0.79,1.32,0.99,1.19,0.82,0.82,1.54,1.38,0.5,0.89,2.48,1.15,1.32,1.04,1.29,1.14,0.95,1.25,1.0,0.61,1.63,0.95,1.01,1.26,0.91,0.95,0.93,1.06,1.23,1.04,1.49,1.19,0.97,1.13,1.11,1.39,1.56,0.97,1.31,1.15,1.78
2018-11-10,6,1.13,1.21,1.19,1.23,1.13,1.01,1.29,1.56,1.14,1.33,1.25,1.35,1.22,1.07,2.31,0.69,0.33,0.95,0.85,0.78,1.53,1.6,1.55,1.27,1.31,0.7,1.39,0.71,0.99,1.52,0.77,0.52,1.09,1.11,2.36,1.31,0.76,1.61,0.59,0.95,1.53,0.85,1.44,0.72,1.89,1.41,0.64,1.67,1.16,0.51,1.66,1.18,1.37
2018-11-11,6,0.54,1.22,1.14,0.99,0.73,1.65,1.46,1.06,0.89,1.03,1.37,1.29,0.87,1.11,1.49,0.69,1.76,1.19,1.18,0.98,1.08,1.18,0.94,1.18,1.33,1.23,0.98,2.03,0.83,1.26,1.15,0.84,1.1,2.04,1.58,1.21,0.96,1.22,0.64,1.04,0.76,0.92,1.19,0.72,1.56,0.45,0.39,1.01,0.98,1.44,1.28,1.12,0.8
2018-11-12,6,1.44,1.03,1.39,0.88,0.68,1.71,0.65,0.62,1.1,1.0,1.22,1.02,1.08,1.28,1.35,1.19,1.07,0.78,2.2,1.37,0.89,1.25,0.65,1.17,0.87,1.32,1.12,1.61,1.63,0.2,1.59,0.8,1.0,1.46,1.35,0.76,1.79,1.12,2.44,1.23,1.26,2.21,0.96,1.39,0.96,1.7,0.45,0.83,0.37,1.22,1.17,1.17,0.73
2018-11-13,6,1.29,1.32,1.19,1.04,0.56,1.26,1.33,0.28,0.84,1.08,1.19,0.95,2.25,0.89,1.65,1.14,0.93,0.6,1.01,0.98,0.53,0.69,0.96,0.39,0.8,2.37,0.85,1.53,0.95,0.75,1.1,0.84,1.22,1.08,1.38,0.74,1.59,0.75,1.61,1.28,2.02,1.16,0.71,1.35,0.91,1.45,0.41,0.63,1.1,1.16,0.55,1.07,1.04
2018-11-14,6,1.3,1.23,0.53,0.82,0.55,0.82,1.09,0.62,1.26,1.04,1.21,0.17,1.48,0.7,1.32,1.17,2.1,1.14,0.84,1.06,1.73,0.52,1.85,1.32,1.22,1.57,1.49,0.78,0.84,0.7,0.81,0.56,0.79,0.96,0.74,1.02,1.92,0.37,1.34,0.76,1.49,0.94,0.66,1.36,0.63,1.02,0.68,0.84,1.08,1.68,0.04,1.02,0.96
2018-11-15,6,0.95,1.17,0.83,0.89,1.17,1.56,0.94,0.89,0.6,1.8,0.7,1.73,1.35,0.66,1.58,0.76,1.23,0.73,0.98,1.48,1.01,1.37,0.93,1.75,1.14,1.26,1.15,0.77,1.44,1.08,0.7,0.89,0.92,1.0,0.78,0.92,1.17,0.66,1.01,0.97,1.28,0.71,1.03,0.96,0.24,1.07,0.9,0.9,0.88,1.04,0.64,1.03,0.96
2018-11-16,6,0.85,1.88,1.18,1.26,1.3,0.58,2.14,1.55,1.07,1.52,1.2,1.25,0.82,0.75,0.98,1.8,1.02,0.51,0.82,1.07,1.04,1.04,0.62,1.49,1.39,1.17,0.79,0.88,1.23,1.01,0.36,0.93,0.97,0.79,0.75,1.38,0.96,0.64,0.91,0.76,1.33,0.99,0.47,1.26,0.58,1.25,0.85,0.44,0.74,1.06,1.1,1.03,0.83
2018-11-17,6,0.89,1.09,1.15,1.19,1.4,0.92,1.27,0.9,1.1,0.75,1.01,1.0,0.93,0.58,0.65,1.28,0.62,0.74,1.15,1.52,1.16,0.92,0.43,0.73,0.93,1.06,1.27,0.97,1.03,1.01,0.44,0.92,0.93,1.29,0.65,0.87,1.82,0.68,0.39,1.27,1.11,0.62,0.88,1.63,1.22,1.37,0.5,0.54,0.76,0.88,1.29,0.97,0.82
2018-11-18,6,0.93,0.94,1.29,0.83,1.0,0.6,0.91,0.98,1.45,0.54,1.19,1.06,0.63,1.02,0.89,1.17,0.72,0.97,1.37,1.48,0.92,0.93,0.27,0.35,0.98,0.62,1.34,1.02,1.16,0.59,0.38,0.79,0.92,1.07,0.7,0.77,1.45,0.24,0.94,1.26,0.94,0.74,1.13,0.96,0.75,1.03,0.78,0.46,0.72,0.9,0.99,0.9,0.88
2018-11-19,6,0.69,1.27,1.23,0.83,0.6,0.82,0.69,0.41,1.33,0.42,1.22,0.39,0.55,0.65,0.98,0.8,0.64,1.77,1.46,0.96,0.83,1.01,0.43,0.58,0.92,0.68,0.78,0.71,0.97,0.96,0.79,1.38,0.92,1.28,0.81,1.48,1.56,0.78,1.2,0.9,1.03,0.74,0.97,0.92,0.5,0.79,0.71,0.68,0.76,0.66,0.87,0.89,0.82
2018-11-20,6,0.72,2.03,0.57,1.42,0.82,0.74,0.4,0.38,1.03,0.16,1.21,0.33,0.54,1.14,0.71,0.5,1.06,1.26,1.35,0.96,0.85,0.92,0.81,0.63,0.78,1.3,0.68,1.31,0.51,1.29,1.2,1.31,0.75,0.73,0.82,1.26,0.9,1.87,1.13,0.88,0.7,0.75,0.62,0.98,0.5,0.39,1.1,0.8,1.93,1.15,1.38,0.93,1.22
2018-11-21,6,0.62,1.25,0.47,1.02,0.83,1.28,0.96,1.66,0.64,0.93,1.44,1.11,0.53,1.26,0.16,0.52,1.06,1.09,1.13,0.75,1.74,0.62,0.76,0.64,0.78,1.14,1.99,1.08,0.37,0.68,2.32,1.0,0.98,0.62,0.92,0.93,0.58,1.3,1.0,0.99,0.73,1.08,1.04,0.95,0.35,0.12,1.37,0.73,1.44,1.71,1.2,0.98,0.96
2018-11-22,6,0.79,0.6,0.61,0.59,0.89,0.82,1.04,1.57,0.66,0.46,0.95,1.12,0.59,0.76,0.85,0.9,1.5,0.94,0.74,0.79,1.19,0.85,0.83,1.88,0.79,0.95,1.42,1.29,0.89,1.32,1.34,1.47,0.96,0.65,1.68,0.8,0.53,0.06,0.87,1.18,0.69,1.33,0.93,0.77,0.71,0.83,0.87,0.77,1.36,0.97,1.17,0.95,0.93
2018-11-23,6,0.52,1.17,0.94,0.37,0.54,0.59,1.15,1.53,0.95,0.39,0.78,0.71,0.77,0.97,0.88,0.81,1.34,0.98,0.94,0.73,1.96,1.31,1.07,1.77,0.63,0.68,0.63,0.98,0.79,1.03,1.15,0.97,1.03,0.38,1.58,1.15,0.53,0.68,0.75,0.73,0.27,1.17,0.8,0.56,0.8,0.63,1.01,1.19,1.06,0.58,1.19,0.9,0.82
2018-11-24,6,1.63,1.0,0.78,0.34,0.62,0.55,0.74,0.93,0.81,0.76,0.73,1.18,0.33,0.49,0.7,0.69,0.82,0.76,0.21,1.76,0.93,1.12,0.78,1.26,0.7,0.82,0.01,1.12,0.83,1.72,0.8,1.31,0.91,1.04,0.99,0.9,0.33,0.81,0.62,0.49,0.45,1.01,0.82,0.16,1.1,0.83,0.82,0.77,1.51,0.5,1.21,0.83,0.45
2018-11-25,6,2.17,0.77,0.82,0.5,1.17,1.27,0.81,0.65,0.42,0.9,0.63,1.74,0.49,1.39,0.22,0.52,1.46,1.21,0.99,1.08,0.2,0.94,0.82,0.84,0.96,0.61,0.58,0.44,0.65,0.68,0.68,0.8,0.71,0.2,0.63,0.75,0.59,1.03,0.39,0.61,0.4,0.65,0.69,0.52,0.64,0.98,0.85,1.15,0.92,0.24,0.61,0.78,0.68
2018-11-26,6,1.37,0.69,0.69,0.46,0.99,0.65,0.71,0.41,1.15,0.79,0.49,1.11,0.56,1.48,0.66,1.02,1.17,0.94,1.04,0.94,1.6,0.91,1.0,0.68,1.06,0.8,0.46,1.33,1.22,0.68,0.58,0.26,0.78,0.85,0.42,0.59,0.77,1.29,0.22,0.49,0.4,1.0,-0.04,1.1,0.36,1.32,0.81,0.69,0.54,0.61,0.39,0.79,0.79
2018-11-27,6,0.55,0.49,0.65,0.47,0.75,0.47,1.21,0.33,0.6,0.56,0.92,0.95,0.41,0.91,0.69,0.85,0.54,0.56,0.47,0.84,0.81,0.82,0.71,1.26,0.95,0.89,1.96,0.85,1.25,0.55,0.62,0.44,1.34,0.59,0.58,0.76,0.71,0.27,0.27,0.83,0.57,0.96,1.37,1.21,1.42,0.9,0.78,0.3,1.35,0.53,0.69,0.78,0.89
2018-11-28,6,0.66,0.36,0.53,0.59,0.61,0.44,1.49,1.8,0.97,1.1,0.61,0.72,0.34,0.58,0.76,1.5,0.44,0.36,1.33,1.39,0.66,1.77,0.76,1.76,1.03,0.78,0.95,0.46,0.53,0.9,0.88,0.59,1.53,0.62,0.73,1.09,0.8,1.67,0.76,0.98,0.44,1.04,1.15,0.83,0.95,0.72,0.88,0.14,1.41,1.54,1.16,0.9,0.75
2018-11-29,6,0.35,0.33,0.96,0.6,0.49,0.79,0.69,0.94,0.69,0.59,0.98,0.58,0.66,0.55,0.79,0.55,0.31,0.18,0.85,1.26,1.25,1.03,0.35,1.03,0.96,0.82,0.96,0.94,0.54,0.98,0.94,0.83,0.85,0.12,1.02,1.3,2.04,1.19,0.73,1.49,0.56,1.17,0.55,0.69,0.04,0.53,0.95,0.66,0.74,1.26,0.77,0.79,0.82
2018-11-30,6,1.65,0.52,0.78,0.75,0.77,-0.2,0.32,0.49,0.72,0.51,0.92,1.06,0.58,0.28,0.42,0.73,1.04,1.11,0.58,1.12,0.72,0.35,0.87,0.51,1.27,0.87,0.69,0.82,0.49,0.59,0.66,0.99,0.76,0.76,0.82,1.18,0.87,0.43,0.55,1.08,1.85,0.77,0.66,0.83,1.08,0.74,0.94,0.77,0.37,0.74,0.59,0.76,0.81
2018-12-01,7,1.7,1.07,0.67,0.52,0.78,0.76,0.95,0.86,0.84,0.53,0.91,1.0,0.18,0.16,0.62,1.08,1.45,1.16,0.44,0.92,0.77,0.43,0.76,0.39,0.97,1.03,0.34,0.62,0.63,0.62,1.3,0.63,0.67,1.18,1.17,1.18,0.91,0.83,0.32,0.74,1.64,0.76,0.45,0.98,1.33,0.66,0.9,0.25,0.66,0.49,0.47,0.8,0.79
2018-12-02,7,0.78,0.97,0.64,0.75,0.7,0.21,1.6,0.47,0.95,0.14,0.38,0.59,1.91,0.31,0.79,0.69,0.93,1.31,0.21,0.93,0.66,1.52,1.28,0.46,0.72,0.71,0.38,0.78,0.99,0.53,0.94,0.75,0.51,0.87,0.62,0.92,0.51,1.2,0.11,0.59,1.49,0.7,0.03,1.32,0.61,1.33,0.91,0.75,0.39,0.38,0.47,0.76,0.57
2018-12-03,7,1.48,0.89,0.53,0.85,0.44,1.78,0.97,0.37,0.46,0.9,0.67,1.31,0.82,1.06,0.71,0.55,0.48,1.44,0.37,0.68,0.16,1.13,0.39,1.52,0.53,0.97,0.43,0.9,0.89,0.37,1.23,0.56,0.36,1.48,0.6,0.72,0.2,0.97,0.57,0.46,0.84,0.94,0.7,0.94,0.71,1.07,0.9,0.56,0.41,0.14,0.67,0.77,0.43
2018-12-04,7,0.94,1.16,1.44,0.59,0.84,0.75,1.01,1.4,0.53,0.51,0.69,0.64,0.45,0.48,0.62,0.84,0.39,0.78,0.4,0.61,0.14,0.57,0.63,0.53,0.59,0.61,0.46,0.76,0.69,0.52,0.62,0.86,0.59,1.37,0.93,1.12,1.38,0.98,0.7,0.8,0.74,1.14,0.44,0.33,-0.07,0.85,1.45,0.63,1.15,0.62,0.68,0.74,0.61
2018-12-05,7,0.59,0.79,1.03,0.53,0.71,1.33,0.75,0.85,1.21,1.18,0.98,0.41,0.97,-0.06,1.13,0.49,1.39,1.69,0.43,0.44,0.56,0.82,0.75,0.29,0.28,0.72,0.94,1.01,0.79,0.24,0.86,0.98,0.49,0.72,1.03,1.0,0.99,0.74,0.68,0.54,0.63,0.57,1.01,1.03,0.23,0.62,1.18,1.38,1.15,0.49,0.48,0.79,0.52
2018-12-06,7,0.3,0.84,0.52,0.47,0.87,0.8,0.63,0.61,0.99,0.43,1.13,1.2,0.64,1.05,1.1,0.49,1.49,0.77,0.8,0.59,0.99,0.47,0.54,0.92,0.18,1.49,1.12,1.16,1.03,0.45,1.02,0.85,0.56,0.16,0.77,0.77,0.75,0.76,0.29,0.51,0.43,0.39,1.28,1.36,1.09,0.62,0.76,1.0,1.45,1.31,0.48,0.8,0.68
2018-12-07,7,1.1,1.83,0.51,0.46,0.57,0.68,0.67,0.25,0.7,0.41,0.63,0.56,0.66,0.49,0.72,0.4,1.14,0.31,0.6,0.62,0.82,0.49,0.32,0.52,0.23,0.95,0.49,0.63,0.64,0.31,0.76,1.16,0.55,0.44,0.64,0.54,0.62,0.76,0.1,0.46,1.49,1.46,0.54,1.02,0.86,0.59,0.72,1.61,0.63,0.97,0.63,0.69,1.04
2018-12-08,7,0.7,0.95,0.56,0.34,1.91,0.89,1.13,-0.18,0.75,0.33,0.55,0.7,1.05,0.41,1.03,0.91,0.74,1.31,0.33,0.44,0.98,0.23,1.25,1.0,0.78,1.1,0.23,0.67,0.44,0.7,0.56,0.45,0.79,1.78,0.4,0.52,0.38,0.55,0.47,0.82,0.92,0.77,0.71,1.39,0.48,0.51,1.84,0.91,0.31,0.53,0.66,0.74,0.88
2018-12-09,7,0.79,0.71,0.34,0.21,1.08,0.86,0.62,1.51,1.38,0.28,0.9,0.52,0.56,0.56,0.74,0.93,0.55,0.99,0.31,0.16,1.67,1.16,0.87,0.74,0.72,0.83,1.16,0.76,0.46,0.7,1.06,0.37,0.64,0.69,0.43,1.01,0.16,0.54,1.09,1.2,0.83,0.59,0.85,1.78,0.47,0.57,1.77,0.36,0.31,0.3,1.02,0.77,0.56
2018-12-10,7,0.54,0.44,0.77,0.78,0.68,0.38,0.55,1.05,1.02,1.01,0.68,1.22,0.53,0.44,1.12,2.4,0.77,0.39,0.72,0.4,1.06,1.07,0.47,0.87,0.33,0.6,0.89,0.91,0.68,0.63,0.89,0.23,0.94,0.9,1.39,0.47,0.43,0.25,0.55,0.8,0.47,0.59,0.3,0.92,0.31,0.85,0.79,0.87,0.97,0.32,0.72,0.73,0.53
2018-12-11,7,0.44,0.37,0.87,0.82,0.6,-0.01,0.38,0.76,0.78,0.71,0.55,0.84,0.92,0.8,0.77,0.99,0.6,0.18,1.12,0.46,0.99,0.76,0.4,0.94,0.23,0.45,0.43,0.38,0.71,0.67,0.71,0.54,0.59,0.59,0.76,0.48,0.75,0.7,0.33,0.49,0.31,0.85,0.02,0.78,0.71,0.71,0.98,0.49,0.99,0.91,0.26,0.62,0.33
2018-12-12,7,0.48,0.55,0.37,0.4,0.87,1.3,0.61,0.46,0.62,0.53,1.21,0.64,0.53,0.91,0.49,1.09,0.3,0.76,0.51,0.83,0.57,0.68,0.75,0.79,0.45,0.64,0.6,0.34,0.2,0.61,0.28,0.38,0.44,0.49,0.56,0.86,0.33,0.39,0.47,0.43,1.52,1.22,1.05,0.37,0.46,0.78,1.4,1.16,0.66,0.6,0.32,0.65,0.49
2018-12-13,7,0.56,0.55,1.2,0.43,0.84,0.99,0.7,0.61,1.06,-0.02,1.17,1.08,0.45,1.08,0.92,0.78,0.31,1.0,0.39,0.48,0.31,0.91,0.57,1.17,0.56,1.32,1.12,1.13,0.75,0.93,1.3,0.4,0.43,0.43,0.52,1.83,0.94,0.49,0.2,0.89,1.0,0.89,0.95,0.29,1.07,0.79,0.89,0.72,0.56,0.52,0.4,0.76,0.5
2018-12-14,7,0.05,0.94,0.53,0.38,0.77,0.89,1.44,0.67,0.92,0.79,0.93,0.79,0.09,0.56,-0.23,0.84,0.39,0.6,0.45,0.31,0.77,0.85,0.64,0.91,1.28,1.06,0.79,1.54,0.52,0.82,0.61,0.21,0.48,0.86,0.99,0.77,0.45,0.86,0.94,0.34,1.24,0.53,0.89,0.94,1.07,0.71,0.82,0.33,0.26,0.39,0.47,0.7,0.4
2018-12-15,7,0.75,0.76,0.4,0.31,0.51,1.05,0.75,0.46,0.95,0.21,1.0,0.6,0.21,0.45,0.66,0.49,1.02,0.34,0.37,0.45,1.01,0.53,0.68,0.6,0.97,1.46,0.46,1.2,1.03,0.91,0.25,0.74,0.53,0.59,0.87,0.67,0.74,0.93,0.97,0.52,0.82,0.37,0.62,1.1,1.0,1.08,0.43,0.48,-0.16,0.34,0.64,0.67,0.49
2018-12-16,7,0.63,0.66,0.36,0.1,0.38,0.49,0.54,0.22,0.62,0.23,0.69,0.32,0.47,1.02,0.68,-0.75,-0.07,0.64,0.46,0.25,0.83,0.37,0.62,0.4,0.55,0.57,0.83,0.74,0.86,1.07,0.38,1.1,0.7,0.46,0.57,1.07,0.37,0.64,0.9,0.78,0.7,0.8,1.23,0.61,0.45,0.84,0.36,0.76,-0.06,0.07,0.95,0.56,0.53
2018-12-17,7,1.01,0.49,0.85,0.7,0.28,0.33,0.59,0.14,0.49,0.18,0.68,0.3,0.92,0.53,0.51,0.08,0.43,0.92,0.75,0.25,0.68,0.29,0.67,1.41,0.55,0.55,0.83,0.29,0.71,0.92,1.12,0.64,0.63,0.38,0.16,0.79,0.38,0.52,0.4,0.47,0.77,1.1,1.26,0.66,0.38,1.4,1.26,0.47,1.2,1.05,1.06,0.66,0.8
2018-12-18,7,0.56,0.53,0.55,1.1,0.69,0.25,0.49,-0.2,0.49,0.52,1.14,0.08,0.07,0.31,0.32,0.25,0.68,0.79,0.48,0.72,0.44,0.24,0.7,1.23,0.41,0.46,0.67,0.66,0.15,0.61,0.63,0.46,0.7,0.2,0.72,0.37,0.45,0.57,0.83,0.91,0.61,0.62,0.78,0.18,0.33,0.54,1.29,0.55,0.56,0.39,0.76,0.55,0.68
2018-12-19,7,0.62,0.38,0.61,0.68,0.36,0.3,0.77,1.06,0.74,0.43,1.06,0.45,0.2,0.31,1.09,0.89,0.77,0.9,0.61,0.46,-0.11,0.2,0.63,0.94,0.18,0.17,0.38,0.68,0.87,0.41,0.63,0.3,0.55,0.62,0.85,0.47,0.26,0.34,0.6,0.51,0.31,0.44,0.9,0.67,0.49,0.52,0.9,0.62,0.49,0.51,0.54,0.56,1.07
2018-12-20,7,0.69,0.57,0.51,0.4,0.55,0.28,0.98,0.84,0.91,0.32,0.69,0.3,0.79,0.31,1.1,0.99,0.74,0.69,0.78,0.51,0.84,0.31,0.6,0.83,0.33,1.0,1.06,0.56,0.69,0.48,0.6,0.82,0.36,0.61,0.67,1.35,0.38,0.28,0.67,0.23,0.68,-0.56,0.86,0.43,0.33,0.6,0.69,0.34,0.16,1.33,0.57,0.61,0.55
2018-12-21,7,0.43,0.69,0.54,0.44,0.6,0.66,1.55,0.55,0.99,0.47,1.25,0.46,0.55,0.89,0.59,0.74,0.64,0.44,0.75,0.64,0.24,0.83,0.45,0.77,0.69,0.38,0.71,0.25,0.61,0.18,0.56,0.6,1.36,0.64,0.33,0.79,0.09,0.34,0.61,0.34,0.85,-0.18,0.64,0.44,0.31,0.49,0.45,0.43,0.53,0.59,0.52,0.58,0.68
2018-12-22,7,0.24,0.99,0.72,0.92,0.61,0.62,0.74,0.45,0.64,0.99,0.64,0.44,0.15,0.62,1.09,1.14,0.51,0.54,0.55,0.57,0.13,0.56,0.59,0.8,-0.25,0.13,0.51,0.71,0.62,0.61,0.72,0.53,0.92,0.44,0.17,0.64,0.67,0.39,0.33,0.52,0.64,1.18,0.25,0.57,0.25,0.41,0.51,0.46,0.77,0.25,1.15,0.58,0.59
2018-12-23,7,0.44,0.55,0.54,0.7,0.49,0.46,0.61,0.21,0.63,1.23,0.63,0.3,0.39,0.07,0.9,0.79,1.0,0.55,0.56,0.48,0.38,0.52,0.22,0.72,0.75,1.28,0.69,0.54,0.78,0.67,0.66,0.2,0.89,0.4,0.37,0.66,0.57,-0.08,0.44,0.46,0.51,0.52,0.25,0.3,0.16,0.16,0.29,0.8,0.76,0.34,0.82,0.54,0.89
2018-12-24,7,1.08,1.3,0.53,0.63,0.66,0.36,0.68,1.03,0.22,0.47,0.4,0.03,0.22,0.48,0.85,0.29,0.48,0.63,0.59,0.26,0.55,0.36,0.29,0.69,1.03,0.71,0.72,0.56,0.53,0.26,0.77,0.82,0.78,0.53,0.37,0.59,0.36,-0.16,0.2,0.31,0.91,0.45,0.44,0.56,1.01,0.97,0.37,1.13,0.64,0.18,0.94,0.57,0.68
2018-12-25,7,0.83,0.68,1.16,0.47,0.48,1.09,0.84,0.57,0.72,0.61,0.7,0.56,0.14,0.55,0.86,0.2,0.33,0.45,0.47,0.37,0.83,0.33,0.07,0.39,0.59,0.4,0.49,0.93,0.53,0.09,0.46,0.48,0.56,0.61,0.67,0.7,0.39,1.12,0.22,0.64,0.72,0.64,0.14,0.6,0.68,1.1,0.48,0.57,0.23,0.36,0.8,0.57,0.64
2018-12-26,7,0.71,-0.37,0.89,1.08,0.6,0.8,0.66,0.47,1.0,0.78,0.66,0.99,1.63,0.28,0.72,0.72,0.46,0.74,0.41,0.22,0.78,0.66,0.53,0.11,0.34,0.44,0.87,0.48,0.22,0.44,0.57,0.56,0.32,0.26,0.37,0.53,0.26,0.49,0.28,0.97,0.4,0.44,0.64,0.51,0.63,0.78,-0.09,0.76,0.2,0.38,0.51,0.55,0.91
2018-12-27,7,0.8,0.98,0.85,0.34,0.29,0.34,0.41,-0.24,0.87,0.38,0.79,0.82,1.09,0.24,0.43,0.55,0.61,0.49,0.44,0.56,0.91,0.71,0.61,0.75,0.49,0.57,0.69,0.26,0.53,0.79,0.43,0.57,0.64,0.18,0.26,0.71,0.69,0.83,0.56,0.69,0.18,0.14,0.66,0.44,0.67,0.66,0.76,0.64,0.82,0.63,0.55,0.57,0.83
2018-12-28,7,0.56,0.62,0.02,0.62,0.39,0.57,0.37,0.75,0.67,0.4,0.79,0.68,0.53,0.17,0.99,0.36,0.3,0.2,0.6,1.0,0.54,0.67,0.85,0.63,0.84,0.41,0.63,0.25,0.67,0.17,0.38,1.21,0.9,0.26,1.05,0.84,0.95,0.57,0.78,0.52,0.11,0.69,0.82,0.62,0.85,0.57,0.62,0.56,0.49,0.41,0.64,0.59,0.61
2018-12-29,7,0.51,0.54,0.2,1.16,0.3,0.99,0.47,0.33,0.83,0.43,0.84,0.49,0.38,0.44,0.79,1.23,0.24,0.69,0.62,0.46,0.57,0.72,0.32,1.07,0.57,0.26,0.49,-0.03,0.7,1.01,1.03,0.63,1.03,0.63,1.07,0.55,0.79,0.66,0.37,0.32,-0.08,0.33,0.56,0.4,0.66,0.48,0.57,0.48,0.78,1.08,0.3,0.59,0.77
2018-12-30,7,0.6,0.05,1.41,1.13,1.36,0.59,0.74,0.67,0.78,0.56,0.68,0.61,0.9,0.13,0.71,1.2,0.24,1.17,0.79,0.29,0.46,0.47,0.8,0.83,0.71,1.51,0.45,0.98,0.47,0.74,0.62,0.52,0.71,0.57,0.85,0.48,0.74,0.55,0.39,0.47,0.3,0.21,1.21,0.8,0.4,0.61,0.57,0.74,0.72,0.98,0.46,0.68,0.48
2018-12-31,7,0.82,0.44,1.01,0.92,0.97,0.51,0.08,0.64,0.66,0.78,0.57,0.31,1.15,0.3,0.54,0.43,0.25,0.41,0.4,0.18,0.6,0.53,0.7,0.68,0.61,1.46,0.31,0.67,0.59,0.51,0.24,0.39,0.62,0.56,0.8,0.51,1.07,0.86,0.76,0.36,0.29,0.17,0.95,0.38,0.41,0.57,0.54,0.86,0.77,0.33,0.23,0.58,0.59
2019-01-01,8,1.02,0.3,1.27,0.6,1.02,0.52,0.23,0.93,0.88,0.63,1.1,0.08,0.93,0.38,1.12,0.3,1.07,-0.02,0.37,1.8,1.18,0.93,1.35,0.67,0.87,1.3,0.33,0.87,1.08,1.02,0.42,0.68,0.52,0.83,1.05,1.23,1.85,1.42,0.73,0.43,0.98,1.2,0.82,0.53,0.6,0.35,0.48,1.08,1.22,0.05,1.25,0.82,0.63
