date,1966,1967,1968,1969,1970,1971,1972,1973,1974,1975,1976,1977,1978,1979,1980,1981,1982,1983,1984,1985,1986,1987,1988,1989,1990,1991,1992,1993,1994,1995,1996,1997,1998,1999,2000,2001,2002,2003,2004,2005,2006,2007,2008,2009,2010,mean,obs
2011_1,2.423225806451613,2.423225806451613,2.6038709677419356,4.105161290322581,2.423548387096774,5.698709677419354,7.8100000000000005,3.160322580645161,2.4229032258064516,2.4229032258064516,2.436451612903226,2.423225806451613,2.4229032258064516,4.1574193548387095,2.918709677419355,2.423548387096774,3.4561290322580644,2.423225806451613,2.423548387096774,2.423225806451613,2.423225806451613,2.4719354838709675,2.4648387096774194,7.339677419354839,2.625483870967742,2.423225806451613,2.423225806451613,2.423548387096774,2.423548387096774,2.444516129032258,2.423225806451613,2.423225806451613,2.4325806451612904,3.0074193548387096,2.8287096774193548,2.423225806451613,18.026774193548388,2.4661290322580647,2.422258064516129,2.4225806451612906,2.574193548387097,2.4403225806451614,2.4225806451612906,2.4229032258064516,4.477741935483871,3.282258064516129,2.7606129032258067
2011_2,2.399642857142857,5.820357142857143,2.3992857142857145,3.212142857142857,11.409285714285714,4.429285714285714,2.399642857142857,2.414285714285714,2.6839285714285714,2.6782142857142857,8.223928571428571,2.882857142857143,3.0396428571428573,5.243928571428571,2.3989285714285713,2.577142857142857,2.6525,2.3992857142857145,2.399642857142857,2.4400000000000004,2.399642857142857,5.433928571428572,2.3989285714285713,3.029285714285714,8.320357142857143,2.400714285714286,2.8164285714285713,2.6939285714285717,2.399642857142857,2.399642857142857,2.817142857142857,3.1142857142857143,6.415,2.5028571428571427,2.399642857142857,4.048571428571429,2.4989285714285714,3.0625,18.509285714285713,2.3992857142857145,3.095357142857143,3.181785714285714,2.4414285714285713,15.391071428571427,6.365,4.1475,5.294714285714285
2011_3,33.321612903225805,31.40741935483871,27.620322580645162,40.50741935483871,24.386129032258065,39.45193548387097,36.04354838709677,20.103225806451615,17.40741935483871,24.7758064516129,20.238387096774193,33.48870967741936,31.07483870967742,32.61870967741935,15.591612903225805,27.155806451612904,33.54290322580645,33.82806451612903,5.62,20.726129032258065,14.853870967741935,19.032258064516128,12.963548387096774,32.494516129032256,33.6158064516129,22.036129032258064,20.51258064516129,15.420322580645161,10.431612903225806,20.00516129032258,23.75741935483871,27.943870967741937,33.045806451612904,42.93967741935484,21.656451612903226,30.320967741935487,31.503548387096775,25.596451612903227,30.010645161290324,22.588709677419356,18.66,50.62419354838709,29.635806451612904,48.71451612903226,30.644193548387097,27.065161290322582,11.572516129032257
2011_4,29.137666666666668,37.24033333333333,28.561,128.13433333333333,19.545333333333335,29.494000000000003,36.905,50.59166666666667,77.23933333333333,53.16266666666666,35.14,140.99266666666665,32.345,87.898,133.72266666666667,40.271,34.155,66.99266666666666,49.38,45.336,39.90133333333333,31.41433333333333,37.11866666666666,20.461666666666666,58.122,47.784666666666666,42.97,46.242333333333335,39.00233333333333,32.14833333333333,36.398,39.28666666666666,89.92766666666667,77.42366666666666,29.675,28.246333333333332,64.028,93.14033333333333,48.913000000000004,65.57733333333333,74.22233333333334,41.501333333333335,31.773,51.44666666666667,42.568,52.56766666666667,46.88303333333333
2011_5,78.96741935483871,70.27645161290323,70.83258064516129,120.13709677419355,68.93451612903226,89.5974193548387,63.278387096774196,111.10193548387096,156.89935483870968,84.71064516129033,66.37709677419355,74.4,55.64129032258065,100.6316129032258,75.06612903225806,120.5941935483871,151.14290322580646,68.28,80.49741935483871,131.39000000000001,74.79806451612903,89.91903225806452,63.81258064516129,75.66935483870968,119.03483870967742,89.33870967741936,119.6658064516129,140.21451612903223,110.80193548387098,63.567741935483866,58.90806451612904,238.4748387096774,106.48354838709677,93.93290322580646,98.93258064516128,53.225806451612904,81.87645161290322,103.07870967741935,106.23612903225806,90.16064516129032,108.52064516129032,117.0741935483871,92.46677419354837,98.26548387096774,111.09451612903226,96.54064516129033,130.84496774193548
2011_6,175.79866666666666,48.37133333333333,41.114000000000004,35.10933333333333,56.227,43.479,10.960333333333333,27.519000000000002,30.636333333333333,51.80333333333333,41.36333333333334,36.18833333333334,245.68033333333332,220.612,29.538666666666664,117.52633333333333,23.892,22.94066666666667,71.21499999999999,20.565333333333335,44.50033333333333,80.69800000000001,47.440666666666665,61.56066666666666,212.31333333333333,29.033,49.222,101.259,44.07666666666667,32.184333333333335,119.372,103.72466666666666,96.264,47.77066666666666,43.998333333333335,74.256,39.68866666666667,52.52166666666667,88.29933333333334,115.60566666666665,100.06700000000001,22.908333333333335,50.56333333333334,142.07933333333332,23.221,70.516,213.6945333333333
2011_7,580.1735483870968,265.1941935483871,231.24612903225807,290.08,221.29548387096773,202.8358064516129,148.74870967741936,99.0583870967742,174.80580645161288,386.11,122.42612903225806,188.17870967741936,183.55161290322582,145.81903225806454,246.41806451612902,397.333870967742,120.48387096774194,268.96806451612906,251.82193548387096,121.55193548387098,172.52096774193546,276.83838709677417,313.1183870967742,256.53580645161287,324.6725806451613,290.3332258064516,145.59806451612903,219.10032258064516,129.11709677419356,293.9274193548387,291.7054838709677,206.7725806451613,241.05290322580643,180.05483870967743,132.68967741935484,291.14,204.3,226.8158064516129,411.6051612903226,208.66258064516128,614.238064516129,169.6590322580645,325.74838709677414,456.5761290322581,154.23,248.5132258064516,656.4616129032258
2011_8,153.9751612903226,160.93064516129033,282.8048387096774,249.03225806451613,159.3667741935484,168.9641935483871,456.38,140.21548387096774,180.04967741935485,94.19935483870967,380.5009677419354,129.76,258.5548387096774,221.7722580645161,130.06709677419354,155.5258064516129,263.18612903225807,113.44129032258064,236.3274193548387,177.72612903225806,192.38645161290322,320.72258064516126,63.14677419354839,131.42709677419353,144.3293548387097,125.02677419354839,267.19387096774193,201.01548387096773,148.44290322580645,574.7554838709679,71.17387096774193,106.38193548387098,379.12032258064517,396.01290322580644,293.4212903225806,90.49258064516128,380.3041935483871,398.4087096774194,215.80612903225807,198.2606451612903,72.11645161290323,340.9590322580645,230.16451612903228,230.76870967741937,283.57516129032257,221.51483870967743,118.37909677419354
2011_9,139.619,84.42433333333334,61.019999999999996,68.869,238.36766666666665,65.616,68.78999999999999,77.28099999999999,55.493,129.906,27.11733333333333,36.81333333333334,39.189,25.233,49.626666666666665,165.92000000000002,8.651,87.20333333333333,341.2683333333333,144.609,70.70100000000001,24.883333333333333,54.309999999999995,80.116,418.4713333333333,112.94366666666666,65.93233333333333,32.541000000000004,29.830333333333332,32.68866666666666,14.347,124.21833333333333,35.36066666666667,228.94933333333333,128.97366666666667,20.596666666666668,35.48833333333334,252.435,146.58800000000002,118.071,23.13,203.21466666666666,49.28933333333334,11.052,255.25333333333336,99.653,26.058766666666667
2011_10,50.21225806451613,21.25548387096774,136.8458064516129,18.73,32.04838709677419,19.536129032258064,33.15032258064517,29.214193548387097,38.94967741935484,32.14225806451613,23.746774193548386,25.03322580645161,42.552258064516124,23.635483870967743,27.590322580645164,27.753225806451614,24.364838709677418,50.10612903225806,17.595806451612905,129.8890322580645,93.74612903225807,20.59258064516129,17.247096774193547,41.490967741935485,21.264193548387098,24.318064516129034,28.438387096774196,17.88,112.89290322580645,19.938064516129035,38.75806451612903,24.51451612903226,35.37129032258064,59.077741935483864,18.808064516129033,72.87129032258063,40.785806451612906,26.455806451612904,17.364193548387096,38.28806451612903,85.43451612903225,22.899354838709677,22.111290322580647,29.94129032258065,39.73612903225806,39.43516129032258,11.36116129032258
2011_11,16.108333333333334,13.946,20.731333333333332,10.328333333333335,19.909,8.338,33.409666666666666,19.899333333333335,7.890666666666666,27.842666666666666,13.481,54.28066666666667,12.008999999999999,8.105666666666666,11.459666666666667,28.033666666666665,47.043,7.556,18.888666666666666,17.621,11.269,29.308,10.585666666666667,73.10333333333332,29.538999999999998,11.005666666666666,19.65,27.851,26.259666666666664,11.875333333333334,18.140333333333334,34.919333333333334,29.503333333333334,13.935666666666666,16.422,8.429,6.507000000000001,48.20233333333333,21.238666666666667,23.550333333333334,38.257333333333335,6.609,6.938999999999999,41.548,12.760333333333334,21.650333333333332,13.239366666666665
2011_12,17.16290322580645,17.41548387096774,31.916129032258063,22.687419354838706,25.438709677419357,27.589032258064517,24.006129032258066,17.695483870967742,20.307096774193546,26.11935483870968,28.298387096774192,29.476129032258065,32.67225806451613,26.42032258064516,20.835806451612903,17.98709677419355,23.75774193548387,20.997096774193547,26.42774193548387,18.213225806451614,23.061612903225804,18.718064516129033,21.03322580645161,20.75225806451613,22.80483870967742,26.156451612903226,25.453870967741935,18.07483870967742,23.503225806451614,17.496129032258064,20.07,27.730967741935483,24.401935483870968,19.36193548387097,22.83709677419355,18.246451612903225,27.143870967741936,20.15548387096774,28.898387096774194,16.749032258064517,18.828064516129032,18.14,24.78451612903226,25.30322580645161,22.48,22.835806451612903,13.119000000000002
2012_1,2.927096774193548,2.9361290322580644,4.357096774193548,6.999032258064516,2.964193548387097,8.076774193548387,11.652903225806451,4.329032258064516,2.9116129032258065,2.9370967741935483,3.3148387096774194,2.9106451612903226,2.913870967741935,8.235806451612904,4.507096774193548,2.953225806451613,4.838387096774194,2.9874193548387096,2.946774193548387,2.9338709677419357,2.9264516129032256,3.1516129032258067,3.4158064516129034,11.508387096774193,3.8067741935483874,2.919032258064516,2.9306451612903226,2.984193548387097,3.0999999999999996,3.32,2.9109677419354836,2.926129032258064,3.1406451612903226,5.042258064516129,4.195483870967742,2.917741935483871,22.241935483870968,3.3548387096774195,2.866129032258064,2.8893548387096772,3.222258064516129,3.329354838709677,2.8970967741935483,2.902258064516129,5.8674193548387095,4.430322580645162,5.110677419354839
2012_2,2.3510344827586205,7.287586206896552,2.452758620689655,5.425172413793104,23.243448275862068,7.077586206896552,2.3596551724137926,3.6986206896551725,4.0296551724137935,3.186551724137931,11.370689655172415,4.802413793103447,3.502413793103448,8.41551724137931,2.503448275862069,3.907241379310345,4.2924137931034485,2.463103448275862,2.5,2.7934482758620693,2.3510344827586205,7.585172413793104,2.5741379310344827,5.596206896551724,12.677586206896551,2.506896551724138,4.211379310344827,3.825172413793103,2.406206896551724,2.3510344827586205,4.758620689655173,4.434137931034483,9.418620689655173,4.151724137931034,2.3510344827586205,6.487241379310345,4.4382758620689655,4.5037931034482765,23.444827586206895,2.3506896551724137,5.114827586206897,7.283793103448276,2.5420689655172413,21.173448275862068,10.320689655172414,5.922413793103448,3.0214827586206896
2012_3,26.107741935483872,22.82903225806452,18.673548387096773,28.80258064516129,13.825483870967743,27.16483870967742,26.498064516129034,12.186129032258064,12.870322580645162,19.549032258064514,12.841612903225805,21.495483870967742,24.223225806451612,21.850645161290323,9.707096774193548,20.059677419354838,25.60967741935484,26.63225806451613,3.688064516129032,14.411612903225807,8.860645161290323,12.103870967741935,7.819999999999999,24.636774193548387,23.091290322580647,12.91451612903226,13.109032258064516,9.678387096774193,6.420322580645161,13.40516129032258,19.051290322580645,19.70741935483871,23.648387096774194,34.553548387096775,12.406451612903227,19.75548387096774,20.85225806451613,17.851290322580645,18.911290322580644,16.59,10.864193548387098,41.589999999999996,22.17290322580645,36.83870967741935,24.181935483870966,19.111612903225808,15.390129032258065
2012_4,26.428333333333335,31.297,22.869333333333334,122.645,16.555333333333333,25.009,32.160666666666664,45.041666666666664,70.78,47.562333333333335,30.403666666666666,134.69899999999998,27.650666666666666,81.36166666666666,127.24433333333333,34.788000000000004,28.21033333333333,61.343333333333334,44.400666666666666,40.46033333333333,35.75933333333333,26.668999999999997,32.21333333333333,16.981666666666666,52.186,42.97,37.10633333333333,43.126999999999995,33.33133333333333,28.17233333333333,32.433,34.63066666666667,84.11233333333332,71.262,24.633666666666667,23.420333333333335,58.03666666666666,87.224,45.583,59.504000000000005,68.39233333333333,36.245,26.714,47.144,38.27933333333333,47.49033333333333,101.27173333333333
2012_5,37.03387096774193,29.732903225806453,29.33677419354839,77.65548387096774,27.77709677419355,47.20451612903226,22.21516129032258,68.15032258064515,115.12129032258063,42.538709677419355,24.728387096774195,33.438709677419354,16.751935483870966,58.72161290322581,34.17774193548387,79.31870967741936,109.09354838709677,26.820645161290326,40.107419354838704,89.24774193548386,32.94838709677419,49.28967741935484,22.82774193548387,34.777741935483874,76.73096774193547,48.03935483870968,77.59096774193549,98.77677419354839,68.54225806451613,23.031290322580645,17.77258064516129,196.2390322580645,63.70903225806452,52.17387096774194,57.04129032258064,13.140322580645162,39.89967741935484,61.079354838709676,64.15032258064517,48.33870967741935,66.50612903225807,75.01451612903226,51.2641935483871,57.417419354838714,69.75451612903225,55.00516129032258,21.45816129032258
2012_6,167.725,39.844,32.959666666666664,26.903333333333332,47.906333333333336,35.388,5.0633333333333335,19.770333333333333,22.744333333333334,43.324,33.035,28.958000000000002,236.9743333333333,212.0896666666667,21.784666666666666,109.52833333333334,16.32133333333333,16.098666666666666,62.538000000000004,13.2,36.531666666666666,72.441,39.04600000000001,53.09733333333334,203.64933333333332,21.791666666666668,40.714333333333336,92.32033333333334,36.986999999999995,24.468666666666667,111.05266666666667,95.52466666666668,87.361,39.687999999999995,36.413333333333334,65.68599999999999,31.824666666666666,44.309999999999995,80.60933333333332,107.857,91.55266666666667,15.977666666666666,42.294666666666664,133.22833333333332,15.991000000000001,62.501,9.317133333333334
2012_7,550.1541935483871,235.27709677419355,201.48387096774192,260.04290322580647,191.33741935483872,172.8622580645161,119.50935483870968,69.38096774193548,144.95548387096773,356.0312903225806,92.66387096774193,158.45225806451612,153.73999999999998,115.95903225806451,216.54903225806453,367.3806451612903,90.88032258064516,238.96516129032258,222.16645161290322,91.8974193548387,142.6825806451613,246.87483870967742,283.1061290322581,226.58612903225807,294.61806451612904,260.43290322580646,115.8225806451613,189.13225806451615,100.2709677419355,264.0164516129032,262.0067741935484,177.20032258064515,211.03096774193548,150.15322580645162,102.92032258064515,261.12129032258065,174.35967741935482,196.8790322580645,381.75290322580645,178.911935483871,584.1777419354839,139.86967741935484,295.93290322580646,426.6716129032258,124.38709677419355,218.68,149.25254838709677
2012_8,115.92548387096774,123.54806451612903,244.69870967741934,210.6283870967742,121.2625806451613,131.13709677419354,418.3441935483871,102.36,141.76032258064515,56.30870967741935,342.0403225806452,92.43709677419355,220.70516129032256,183.22645161290322,92.91451612903225,118.40774193548387,226.57806451612905,75.33870967741936,198.59709677419355,139.68096774193546,154.38967741935483,282.3564516129032,28.029999999999998,94.18677419354839,107.3883870967742,86.68032258064517,229.67419354838708,162.9674193548387,109.85193548387096,536.1551612903227,36.03935483870968,68.20806451612903,340.5774193548387,357.43290322580646,255.75387096774193,52.45709677419355,342.34774193548384,360.41387096774196,177.97193548387096,159.78451612903226,37.24290322580645,302.65258064516127,191.84225806451613,193.20387096774192,245.61064516129034,183.75774193548386,156.4832258064516
2012_9,169.11233333333334,114.08733333333333,89.57066666666667,98.26333333333334,268.25866666666667,94.65833333333333,98.278,107.01966666666667,85.11266666666667,159.485,55.315000000000005,66.087,68.07266666666666,52.55133333333333,78.848,195.96833333333333,32.907333333333334,116.89066666666668,371.30199999999996,173.98033333333333,99.68433333333334,53.467,82.65766666666667,108.90599999999999,448.436,142.21300000000002,94.92733333333334,58.913333333333334,58.29866666666667,61.736,40.38633333333333,154.12533333333334,63.22233333333334,257.7266666666667,158.04533333333333,48.05133333333333,65.20566666666667,281.92699999999996,175.16466666666665,147.24200000000002,50.189,232.66899999999998,79.409,36.18266666666667,284.8206666666666,128.43033333333332,138.5519
2012_10,43.13129032258065,14.323548387096775,129.64935483870968,12.37258064516129,25.572580645161292,12.962903225806452,25.74290322580645,22.153548387096773,31.84709677419355,24.80838709677419,16.77806451612903,18.081935483870968,35.43774193548387,16.838709677419356,20.539677419354838,20.65838709677419,18.259354838709676,42.52129032258065,11.59483870967742,122.25064516129032,86.25612903225807,14.095161290322581,10.980322580645161,34.23096774193549,14.53483870967742,17.29290322580645,21.281290322580645,12.230967741935483,105.5816129032258,13.530967741935482,31.419354838709676,18.171290322580642,28.144193548387097,51.41290322580645,12.838387096774193,65.18612903225807,33.47709677419355,19.73483870967742,11.383870967741936,30.76483870967742,79.3258064516129,16.289677419354838,15.72741935483871,23.353870967741937,32.130322580645164,32.55290322580645,23.785387096774194
2012_11,24.680999999999997,22.60533333333333,29.367666666666665,18.836333333333336,28.590666666666667,16.93433333333333,42.163000000000004,28.592666666666666,16.18466666666667,36.510999999999996,22.194000000000003,63.09866666666667,20.701999999999998,16.718333333333334,19.843999999999998,36.873000000000005,55.62533333333333,16.156,27.353,26.282333333333334,19.959333333333333,38.147333333333336,19.066333333333333,82.015,38.27333333333333,19.719333333333335,28.31066666666667,36.35966666666666,34.906333333333336,20.558666666666667,26.813333333333333,43.379666666666665,38.181000000000004,22.653000000000002,24.845333333333333,17.137333333333334,14.939333333333334,56.879000000000005,29.923333333333336,32.342666666666666,46.971333333333334,14.846666666666666,15.076666666666666,50.464333333333336,21.267666666666667,30.274333333333335,32.9221
2012_12,5.8425806451612905,5.903548387096774,15.095483870967742,8.986451612903226,11.764193548387096,13.267096774193547,9.95774193548387,6.03774193548387,7.910322580645161,12.488709677419354,14.59290322580645,14.909032258064517,18.307419354838707,12.558387096774194,8.131935483870969,6.0680645161290325,10.764838709677418,7.846774193548387,12.538709677419355,6.307096774193549,9.16483870967742,6.4638709677419355,7.75,7.099677419354839,8.76,11.684516129032259,11.547419354838711,6.091290322580646,9.590645161290322,5.897741935483872,7.360322580645161,14.273548387096774,10.266774193548386,6.5438709677419356,9.0,6.1251612903225805,13.016129032258064,7.210322580645161,14.436451612903227,5.72258064516129,6.316129032258065,6.07774193548387,10.790322580645162,11.146451612903226,9.184516129032259,9.574193548387097,14.275935483870967
2013_1,2.4661290322580647,2.4948387096774196,4.7461290322580645,8.131612903225808,2.5183870967741933,8.564516129032258,12.866774193548387,4.1329032258064515,2.463225806451613,2.503548387096774,3.0780645161290323,2.4587096774193546,2.462258064516129,10.115483870967742,4.4719354838709675,2.479032258064516,4.504516129032258,2.5538709677419353,2.4754838709677416,2.468709677419355,2.4612903225806453,2.753548387096774,3.299032258064516,13.095483870967742,3.5929032258064515,2.459354838709677,2.4674193548387096,2.511935483870968,2.7235483870967743,3.111290322580645,2.458064516129032,2.4629032258064516,2.794516129032258,5.6977419354838705,3.9048387096774193,2.458064516129032,24.069032258064517,3.091290322580645,2.4387096774193546,2.4635483870967745,2.858064516129032,3.085806451612903,2.4529032258064514,2.4561290322580644,5.897096774193549,4.333225806451614,9.202967741935483
2013_2,3.442142857142857,9.750714285714285,3.6089285714285713,10.180357142857144,40.13107142857143,10.759642857142856,3.7721428571428572,9.093928571428572,7.436428571428571,6.079642857142857,16.07357142857143,7.455357142857143,4.323214285714285,13.157857142857143,3.9789285714285714,7.749285714285714,7.4053571428571425,3.3953571428571427,4.091785714285714,5.773214285714286,3.4460714285714285,12.440714285714284,4.390357142857143,9.640357142857143,18.799642857142857,3.907142857142857,4.595714285714286,8.403571428571428,3.935714285714286,3.4707142857142856,9.291071428571428,5.6725,13.882499999999999,9.080357142857142,3.4375,9.675357142857143,9.212857142857143,7.807857142857143,29.275714285714287,3.3160714285714286,10.063928571428573,13.834999999999999,3.9257142857142857,31.32,15.586071428571428,9.468928571428572,24.499035714285718
2013_3,48.086774193548386,48.955161290322586,44.56677419354838,59.979354838709675,41.2641935483871,58.891935483870974,54.071612903225805,38.38645161290323,29.903225806451612,38.38354838709678,36.134838709677425,54.22741935483871,46.47064516129032,51.40677419354839,29.686774193548384,43.1541935483871,49.931935483870966,49.57387096774193,13.285483870967743,35.5816129032258,28.186129032258062,33.57096774193548,24.86193548387097,49.150000000000006,52.869032258064514,40.04096774193548,36.12483870967741,28.94741935483871,22.31451612903226,33.850322580645155,35.788709677419355,44.83870967741935,51.29096774193548,60.18387096774194,39.47709677419355,50.607419354838704,50.92354838709678,42.36709677419355,49.28645161290322,35.98870967741936,33.906451612903226,68.51483870967742,45.05451612903226,69.48838709677419,45.899032258064516,43.233225806451614,56.83216129032258
2013_4,32.64966666666667,40.400666666666666,31.586333333333336,131.447,22.784666666666666,32.794,40.24033333333333,53.849666666666664,80.40866666666666,56.373333333333335,38.44733333333333,144.201,35.568666666666665,91.05766666666666,136.903,43.50366666666666,37.16233333333333,70.27333333333333,52.747,48.638333333333335,43.103,34.60566666666667,40.407333333333334,23.684666666666665,61.32366666666667,51.09166666666667,46.160999999999994,49.69433333333333,42.156666666666666,35.495,39.836666666666666,42.510999999999996,93.19133333333333,80.54400000000001,32.885333333333335,31.422,67.19666666666667,96.41633333333333,52.34533333333333,68.75433333333334,77.479,44.781,34.983333333333334,54.766666666666666,45.962999999999994,55.818333333333335,51.80566666666667
2013_5,39.22838709677419,31.208064516129035,31.363548387096774,80.03064516129032,29.52064516129032,49.48161290322581,24.071290322580648,70.68387096774192,117.11193548387098,44.82548387096774,26.82193548387097,35.25096774193548,17.681290322580644,60.85354838709677,35.90548387096774,81.0525806451613,111.35096774193549,28.76032258064516,41.630322580645164,91.53935483870967,35.127419354838715,50.90161290322581,24.515483870967742,36.36870967741935,79.07129032258065,49.9841935483871,79.76645161290323,100.70161290322581,70.84483870967742,24.51483870967742,19.664193548387097,198.5651612903226,66.19483870967741,54.28225806451613,59.23483870967742,14.580322580645161,42.11290322580645,63.178064516129034,66.39258064516129,50.458387096774196,68.57645161290323,77.24709677419354,53.14677419354839,59.16870967741936,71.74387096774193,56.994193548387095,39.05912903225807
2013_6,180.77966666666669,53.41233333333333,46.10433333333334,40.21066666666666,61.080333333333336,48.477333333333334,15.088666666666667,32.336333333333336,35.678,56.83266666666667,46.45933333333333,41.345,250.76766666666666,225.72299999999998,34.45633333333333,122.34099999999998,28.606,27.246,76.40266666666666,25.242,49.323,85.932,52.57866666666666,66.697,217.30833333333334,33.546,54.33833333333334,106.557,48.598,37.193333333333335,124.21033333333334,108.97966666666666,101.46333333333334,52.715,48.65133333333333,79.19966666666666,44.34866666666667,57.316,92.90933333333332,120.36833333333334,105.136,27.38066666666667,55.58833333333334,147.36566666666667,27.740000000000002,75.42366666666666,21.391099999999998
2013_7,541.1500000000001,225.75870967741938,192.15645161290323,251.06935483870967,182.08290322580643,163.40612903225806,109.56451612903226,60.167741935483875,135.69774193548386,347.01612903225805,83.32483870967742,149.0251612903226,144.39580645161288,106.7258064516129,207.29967741935485,357.90903225806454,81.68741935483871,229.63741935483873,212.53548387096777,82.51806451612903,133.63387096774193,237.92645161290324,273.91387096774196,217.59483870967745,285.5435483870968,251.33709677419355,106.47354838709677,180.11387096774192,89.58612903225807,254.79580645161292,252.74064516129033,167.3051612903226,201.6258064516129,141.13645161290322,93.82129032258065,252.15451612903226,165.1538709677419,187.7367741935484,372.2625806451613,169.2141935483871,574.8183870967741,130.29129032258064,286.70677419354837,417.4132258064516,115.11322580645161,209.3667741935484,500.51019354838706
2013_8,149.44516129032257,156.32096774193548,278.2287096774194,244.49903225806452,154.80645161290323,164.40129032258065,451.82290322580644,135.6458064516129,175.5,89.63419354838709,375.9687096774194,125.16774193548386,253.96,217.2616129032258,125.44096774193548,150.90032258064517,258.52064516129036,108.92645161290322,231.7090322580645,173.1583870967742,187.79709677419356,316.1906451612903,58.395806451612906,126.81645161290322,139.69516129032257,120.48806451612903,262.6009677419355,196.42774193548388,143.92967741935482,570.2454838709677,66.43548387096774,101.8283870967742,374.61064516129034,391.4977419354839,288.84258064516126,85.97516129032257,375.7374193548387,393.83290322580643,211.21806451612903,193.75032258064516,67.34258064516129,336.44387096774193,225.63193548387096,226.16354838709677,278.991935483871,216.93806451612903,77.23454838709678
2013_9,156.74866666666668,101.594,77.05166666666668,85.91266666666667,255.82033333333337,82.17666666666668,85.857,94.52833333333334,72.61733333333333,147.12366666666668,43.13366666666666,53.568333333333335,55.69466666666666,40.477333333333334,66.50733333333334,183.3046666666667,20.811,104.46166666666666,358.6446666666667,161.70133333333334,87.36166666666666,40.965333333333334,70.47933333333334,96.74266666666668,435.94,129.916,82.63133333333333,46.867666666666665,46.047333333333334,49.315000000000005,28.288999999999998,141.675,50.992666666666665,245.5,145.79399999999998,35.789,52.535999999999994,269.54833333333335,162.977,135.00799999999998,38.09433333333333,220.424,66.568,24.055999999999997,272.4533333333333,116.08266666666667,59.193933333333334
2013_10,62.101290322580645,32.851612903225806,148.82161290322583,30.184516129032257,43.83096774193548,31.066451612903226,44.998709677419356,40.939354838709676,50.726129032258065,43.93677419354839,35.39612903225807,36.67161290322581,54.29741935483871,35.41580645161291,39.28677419354839,39.56838709677419,35.80548387096774,62.03677419354838,28.901935483870968,141.91064516129032,105.75354838709679,32.163870967741936,28.413870967741936,53.388387096774196,32.89967741935484,36.0616129032258,40.317741935483866,29.07451612903226,124.86290322580645,31.493548387096777,50.55129032258064,36.07096774193548,47.22032258064516,71.13548387096773,30.187741935483874,84.92903225806452,52.73483870967742,38.16903225806452,28.413548387096775,50.189032258064515,96.98258064516129,34.40806451612904,33.501612903225805,41.726129032258065,51.4341935483871,51.12967741935484,25.951290322580647
2013_11,12.800666666666666,10.666,17.31566666666667,7.401333333333333,16.550666666666665,5.508666666666667,29.874000000000002,16.361666666666668,5.321333333333333,24.538,10.068000000000001,50.62733333333333,8.668333333333333,5.5296666666666665,8.495333333333333,24.467,43.673,4.667666666666666,15.827333333333334,14.079,7.902,25.713,7.381333333333333,69.47333333333333,26.213,7.837,16.192666666666664,24.751666666666665,22.904,8.648,14.590666666666666,31.711666666666666,25.966333333333335,10.466666666666667,13.506333333333334,5.4543333333333335,4.256666666666667,44.919999999999995,17.799,20.53533333333333,34.92133333333334,4.2843333333333335,4.653333333333333,37.88433333333333,9.713,18.447,13.546333333333333
2013_12,7.769032258064517,7.991935483870968,23.100967741935484,13.129354838709677,15.879677419354838,18.07,14.566451612903226,8.25451612903226,10.752258064516129,16.565161290322582,18.71451612903226,20.210967741935484,23.311290322580643,16.91290322580645,11.05,8.494516129032258,13.962258064516128,11.37741935483871,16.955161290322582,8.739032258064515,13.541290322580645,9.289032258064516,11.508709677419354,11.276451612903225,13.511612903225807,16.844193548387096,15.944193548387096,8.531935483870969,13.981935483870968,7.929677419354839,10.245483870967742,18.062258064516126,14.927741935483871,9.876774193548387,13.30516129032258,8.813225806451612,17.713870967741936,10.723548387096775,19.557741935483868,7.549354838709678,9.153225806451612,8.525483870967742,15.338064516129032,15.897419354838709,13.098387096774195,13.35483870967742,11.841774193548387
2014_1,2.8593548387096774,2.88741935483871,4.564193548387097,7.242903225806452,2.9335483870967742,8.38483870967742,12.179032258064517,4.534516129032258,2.839032258064516,2.8438709677419354,3.4967741935483874,2.8229032258064515,2.8419354838709676,8.719032258064518,4.820645161290322,2.903225806451613,5.013225806451612,2.946451612903226,2.8941935483870966,2.8693548387096777,2.838709677419355,3.145483870967742,3.466451612903226,11.984838709677419,3.9332258064516132,2.83,2.8651612903225803,2.941290322580645,3.154193548387097,3.3770967741935483,2.8354838709677415,2.819354838709677,3.2119354838709677,5.20258064516129,4.512903225806451,2.831290322580645,22.68032258064516,3.431935483870968,2.7529032258064516,2.817096774193548,3.17258064516129,3.5309677419354837,2.7974193548387096,2.815806451612903,6.022258064516129,4.500967741935484,7.9065806451612906
2014_2,2.9617857142857145,8.292142857142858,3.032857142857143,7.535357142857143,26.59,8.5925,3.1350000000000002,5.971428571428571,5.589285714285714,4.777857142857143,13.313214285714285,5.351785714285714,3.7582142857142857,9.879999999999999,3.172857142857143,5.504642857142857,5.4696428571428575,2.924642857142857,3.3264285714285715,4.2875,2.965357142857143,10.041428571428572,3.3992857142857145,6.902500000000001,14.623571428571427,3.2742857142857145,3.7539285714285713,5.958928571428571,3.135357142857143,2.963214285714286,6.5460714285714285,4.613928571428572,11.258928571428571,6.0182142857142855,2.959285714285714,7.5303571428571425,6.199285714285714,5.881428571428572,24.673571428571428,2.8771428571428572,7.273571428571429,9.427142857142856,3.250357142857143,25.15107142857143,11.28892857142857,7.231428571428571,9.782285714285715
2014_3,37.85838709677419,36.067096774193544,31.621290322580645,42.675161290322585,24.001612903225805,40.96,39.54870967741935,23.65774193548387,23.34225806451613,30.373548387096776,25.186451612903223,35.76806451612903,36.417419354838714,35.87516129032257,21.35516129032258,31.63483870967742,38.134838709677425,39.1658064516129,10.480967741935483,25.788387096774194,20.095483870967744,24.04612903225806,17.73516129032258,37.49354838709677,37.36774193548387,25.858387096774194,25.51838709677419,20.911290322580644,16.33967741935484,24.807419354838707,28.82774193548387,32.589677419354835,37.36387096774193,47.86838709677419,25.88193548387097,33.46354838709677,35.16516129032259,30.436129032258062,32.03032258064516,27.31451612903226,23.008064516129032,55.431612903225805,34.04483870967742,51.78,36.32225806451613,31.368387096774192,26.377225806451612
2014_4,13.925999999999998,17.022000000000002,9.474333333333334,107.97233333333334,4.926,11.565666666666667,18.418,30.96366666666667,55.90133333333333,33.025666666666666,17.086000000000002,120.03266666666667,13.179,66.33866666666667,112.21333333333334,21.294666666666668,13.784666666666668,46.823,30.003333333333334,26.115666666666666,23.707666666666668,13.168666666666667,18.907333333333334,5.499666666666667,37.785999999999994,29.686333333333334,23.203,29.82766666666667,20.457333333333334,15.197000000000001,18.770666666666667,19.853333333333335,69.22266666666665,56.18266666666667,11.472000000000001,10.741333333333333,43.81633333333333,72.91366666666666,31.904333333333334,44.82866666666666,53.449666666666666,22.298333333333336,12.802333333333333,33.80566666666667,24.875666666666667,33.654666666666664,30.7353
2014_5,33.299032258064514,25.84,25.699354838709677,73.72193548387096,23.955483870967743,43.47870967741935,18.483225806451614,64.62645161290322,110.61580645161291,38.63967741935484,20.90741935483871,29.72225806451613,12.837096774193547,54.42290322580645,30.187419354838706,75.00161290322582,104.83903225806452,23.169032258064515,36.12129032258064,85.13870967741936,28.965161290322584,45.3458064516129,18.823225806451614,30.440645161290323,72.62290322580645,43.97741935483871,73.3141935483871,94.50870967741936,64.39677419354838,18.871290322580645,14.319677419354838,191.88806451612902,59.98838709677419,48.31935483870968,52.824838709677415,9.859032258064516,35.82838709677419,57.413870967741936,59.836451612903225,44.18064516129032,62.39645161290323,70.84225806451613,47.02612903225806,53.075161290322576,65.5941935483871,51.00774193548387,22.292806451612904
2014_6,163.98766666666668,35.96266666666667,28.922,22.711333333333336,44.172333333333334,31.659,3.3786666666666667,15.727,18.413,39.25066666666667,29.134,24.459666666666667,232.87033333333332,208.25166666666667,18.145333333333333,106.06899999999999,13.005333333333335,13.641666666666667,58.70466666666667,10.301333333333334,33.02166666666667,67.763,34.397666666666666,49.36366666666667,199.525,18.872,36.89266666666666,87.54033333333334,34.339333333333336,20.229666666666667,107.32600000000001,90.718,82.824,35.535999999999994,33.31433333333334,61.699333333333335,28.43,40.766333333333336,77.60166666666667,104.38466666666666,87.73333333333333,13.484333333333332,38.156333333333336,128.72733333333335,13.166,58.769,7.658633333333333
2014_7,535.0619354838709,219.56483870967742,186.08258064516127,244.95419354838708,175.93774193548387,157.19838709677418,103.48322580645161,54.14064516129033,129.61064516129034,340.89290322580644,77.21903225806452,142.90709677419355,138.2590322580645,100.6183870967742,201.20322580645163,351.6996774193548,75.69967741935484,223.45225806451612,206.38064516129032,76.45612903225806,127.62967741935483,231.89000000000001,267.78548387096777,211.52645161290323,279.40645161290325,245.24032258064514,100.35451612903225,174.01967741935482,83.42645161290322,248.66645161290322,246.68967741935484,161.1158064516129,195.41806451612902,135.10870967741934,87.79064516129033,246.10064516129032,159.02935483870968,181.63677419354838,366.08032258064515,163.01612903225808,568.6293548387097,124.11322580645161,280.63354838709677,411.2764516129032,108.99774193548386,203.25290322580645,15.033548387096776
2014_8,126.88290322580644,133.9016129032258,255.65354838709678,221.8309677419355,132.20774193548385,141.838064516129,429.18451612903226,113.15129032258065,152.8790322580645,67.18645161290323,353.2374193548387,102.88870967741936,231.47548387096774,194.49129032258062,103.0858064516129,128.60290322580644,236.36612903225807,86.24774193548386,209.29,150.57806451612905,165.26387096774195,293.4416129032258,36.75838709677419,104.39774193548386,117.39129032258064,97.9990322580645,240.08741935483872,173.91580645161292,121.23064516129033,547.4387096774193,44.78354838709677,79.31451612903226,351.84,368.86129032258066,266.31580645161296,63.44193548387097,353.15032258064514,371.24096774193544,188.74064516129033,170.96903225806452,45.79419354838709,313.7574193548387,202.93774193548387,203.71774193548387,256.41903225806453,194.44774193548386,111.37287096774195
2014_9,146.19933333333336,90.985,66.80633333333334,75.45,245.07366666666667,71.75733333333334,75.298,83.88833333333334,61.995666666666665,136.554,33.13666666666667,43.273,45.440666666666665,31.12633333333333,56.13533333333333,172.56,12.976,93.81066666666668,347.9,151.22366666666667,77.12933333333334,30.962,60.47366666666667,86.61433333333333,425.18433333333337,119.426,72.37133333333333,37.92666666666666,36.12733333333333,39.06366666666667,19.32133333333333,130.91666666666666,41.367666666666665,235.20533333333333,135.464,26.109333333333332,41.949333333333335,259.0283333333333,152.79,124.63266666666667,28.691,209.88966666666664,55.833,15.761666666666665,261.872,105.903,80.69483333333332
2014_10,39.067096774193544,10.493870967741936,125.46709677419355,8.688709677419356,21.646129032258063,9.209032258064516,21.845483870967744,18.24483870967742,27.914516129032258,20.97741935483871,12.97,14.144516129032258,31.583548387096776,12.971290322580646,16.600645161290323,16.716129032258067,14.365483870967742,38.59903225806451,7.903225806451613,118.24806451612903,82.1741935483871,10.241935483870968,7.347741935483871,30.188387096774196,10.596774193548388,13.476774193548387,17.35,8.535806451612904,101.47645161290322,9.761290322580646,27.59935483870968,14.29967741935484,24.198064516129033,47.49225806451613,9.121290322580645,61.24612903225807,29.443870967741937,15.911935483870968,7.928064516129033,26.811612903225804,75.35,12.54483870967742,11.89774193548387,19.33516129032258,28.502903225806453,28.677419354838708,21.444774193548387
2014_11,17.832333333333334,15.668333333333333,22.453,12.056000000000001,21.631666666666668,10.066,35.131,21.621333333333332,9.625,29.56566666666667,15.205,56.001666666666665,13.732,9.838,13.187666666666667,29.755333333333333,48.766666666666666,9.283666666666667,20.616666666666667,19.342666666666666,12.994666666666665,31.029999999999998,12.313333333333333,74.82333333333332,31.262,12.729000000000001,21.371,29.576,27.983666666666668,13.598,19.861333333333334,36.644,31.22533333333333,15.658666666666667,18.151999999999997,10.157,8.246666666666666,49.925,22.961333333333336,25.276666666666664,39.981,8.347333333333333,8.678666666666667,43.269666666666666,14.489,23.375333333333334,9.653699999999999
2014_12,9.433225806451613,9.540322580645162,17.378709677419355,12.699354838709677,15.41741935483871,16.776774193548388,13.526129032258064,9.59741935483871,11.8,16.198064516129033,18.37516129032258,18.219354838709677,21.73774193548387,16.191612903225806,12.194193548387096,9.768064516129032,14.828387096774193,11.77290322580645,16.17032258064516,10.126129032258065,12.846451612903227,9.94741935483871,11.391612903225806,10.662258064516129,12.215806451612902,15.05225806451613,15.213870967741935,9.831612903225805,13.242903225806451,9.671935483870968,11.288709677419355,18.173548387096773,13.826451612903226,10.300322580645162,12.656774193548388,9.842258064516129,16.567741935483873,10.936129032258064,17.81,9.117096774193548,10.105806451612905,9.738064516129032,14.391612903225806,14.659032258064517,12.739032258064515,13.199677419354838,6.410935483870968
2015_1,2.235161290322581,2.235483870967742,2.520322580645161,4.194193548387097,2.2364516129032257,5.800000000000001,8.239032258064515,3.0900000000000003,2.235483870967742,2.23,2.2874193548387094,2.232258064516129,2.2329032258064516,4.4319354838709675,2.944516129032258,2.240645161290322,3.4980645161290322,2.237741935483871,2.239032258064516,2.237096774193548,2.2329032258064516,2.303225806451613,2.305483870967742,7.70483870967742,2.51741935483871,2.2312903225806453,2.236774193548387,2.235161290322581,2.2425806451612904,2.271290322580645,2.23258064516129,2.230967741935484,2.269354838709677,2.9777419354838712,2.8419354838709676,2.2316129032258067,18.32935483870968,2.301290322580645,2.223225806451613,2.228709677419355,2.4016129032258067,2.3,2.2283870967741937,2.2312903225806453,4.45741935483871,3.186451612903226,3.1100322580645163
2015_2,2.1542857142857144,6.539642857142857,2.1825,4.627142857142857,19.48107142857143,5.793214285714286,2.155357142857143,2.9514285714285715,3.4175,2.823928571428571,9.880357142857141,3.674642857142857,2.8921428571428573,7.033214285714286,2.2232142857142856,3.264642857142857,3.4735714285714288,2.1539285714285716,2.234642857142857,2.417857142857143,2.1542857142857144,6.878571428571428,2.255,4.15,10.968928571428572,2.2410714285714284,2.799642857142857,3.185,2.187857142857143,2.1539285714285716,3.96,3.318214285714286,8.152142857142858,3.2582142857142857,2.1542857142857144,5.333928571428571,3.255,3.5103571428571425,21.338214285714287,2.153571428571429,4.1825,5.484285714285714,2.2925,19.322499999999998,7.963928571428572,5.023214285714286,4.6085714285714285
2015_3,31.720645161290324,29.37548387096774,25.03548387096774,35.63387096774194,17.785806451612903,33.89709677419355,32.87483870967742,17.409354838709678,17.561612903225804,24.524193548387096,18.753870967741936,28.392258064516128,30.096129032258066,28.883225806451613,15.218709677419353,25.37709677419355,31.708387096774196,32.80129032258064,5.990645161290323,19.68935483870968,14.19032258064516,17.844193548387096,12.28032258064516,30.985806451612902,30.29290322580645,19.072580645161292,19.105483870967742,14.94258064516129,10.671935483870968,18.824193548387097,23.440322580645162,26.00483870967742,30.49967741935484,41.200322580645164,19.07967741935484,26.558387096774194,28.07935483870968,23.92838709677419,25.28290322580645,21.596129032258066,16.73967741935484,48.51096774193548,27.77258064516129,44.34645161290322,30.062258064516133,24.979032258064517,9.241451612903226
2015_4,14.613333333333333,18.141000000000002,10.212333333333333,109.161,5.487333333333334,12.413333333333332,19.351666666666667,31.902333333333335,57.094,34.175,17.925333333333334,121.10533333333333,14.453666666666667,67.608,113.339,22.209,15.060333333333334,47.943999999999996,31.048,27.282333333333334,24.34733333333333,14.019666666666666,19.781,5.987333333333334,38.80333333333333,30.557666666666666,24.114666666666665,30.73,21.232666666666667,15.980333333333334,19.652,21.199666666666666,70.444,57.47066666666667,12.29,11.498,44.74633333333333,73.93266666666666,32.974000000000004,45.89633333333334,54.675666666666665,23.292333333333332,13.834,34.747,25.82133333333333,34.63433333333333,53.41296666666667
2015_5,31.07677419354839,24.226774193548387,23.526451612903227,71.64935483870968,22.05806451612903,41.19516129032258,16.453548387096774,62.04451612903226,109.31935483870969,36.55129032258064,18.796774193548387,27.713870967741936,11.538709677419355,52.90677419354839,28.466451612903228,73.64870967741936,103.11354838709677,21.246451612903225,34.49516129032258,83.3083870967742,27.015806451612903,43.619677419354836,17.31967741935484,29.19645161290323,70.71645161290323,42.35354838709677,71.79193548387097,92.9541935483871,62.52967741935484,17.49451612903226,11.926774193548388,190.2125806451613,57.61677419354839,46.237741935483875,51.07258064516129,7.879354838709677,33.920967741935485,55.46806451612903,58.16580645161291,42.56516129032258,60.828709677419354,69.1032258064516,45.575161290322576,51.685806451612905,64.01290322580645,49.21322580645161,11.909193548387098
2015_6,161.3576666666667,33.13966666666667,26.129666666666665,20.061333333333334,41.257666666666665,29.21033333333333,2.667333333333333,13.361333333333334,15.866666666666667,36.510999999999996,26.356333333333335,22.491333333333333,229.82833333333335,205.25,15.937999999999999,103.63499999999999,10.831666666666667,12.107,55.806666666666665,8.413,30.603,64.91933333333333,31.465666666666667,46.516666666666666,196.33800000000002,16.952,33.92766666666667,84.19633333333333,32.59733333333333,17.89,104.61466666666666,87.91233333333334,79.63366666666667,32.92433333333334,31.231,58.72533333333333,26.105,38.355333333333334,75.45166666666665,102.02266666666668,84.67633333333333,11.891,35.391666666666666,125.484,11.441666666666666,56.256,8.120466666666665
2015_7,529.9606451612902,214.40967741935484,181.11290322580646,239.83032258064515,170.79483870967744,151.99387096774194,98.72967741935483,49.25032258064516,124.58774193548386,335.7141935483871,72.22387096774193,137.91193548387096,133.20354838709676,95.58387096774193,196.28064516129032,346.47709677419357,70.99935483870968,218.25322580645164,201.37,71.55096774193548,122.84387096774194,226.9606451612903,262.6425806451613,206.59516129032258,274.24709677419355,240.18193548387097,95.33161290322582,169.0025806451613,78.79677419354839,243.56483870967742,241.7693548387097,156.1241935483871,190.18870967741935,130.12387096774194,82.87258064516129,241.07548387096776,153.91096774193548,176.5490322580645,360.95677419354837,157.92129032258066,563.3990322580645,119.02741935483871,275.6916129032258,406.17,103.9474193548387,198.22451612903225,95.29493548387097
2015_8,133.7983870967742,140.8416129032258,262.59354838709675,228.73451612903227,139.12709677419355,148.74677419354836,436.1474193548387,120.05000000000001,159.78645161290322,74.04838709677419,360.19354838709677,109.62806451612903,238.39161290322582,201.42000000000002,110.0183870967742,135.4725806451613,243.2625806451613,93.10741935483871,216.20612903225805,157.501935483871,172.2106451612903,300.41129032258067,43.488064516129036,111.30741935483871,124.30483870967741,104.76096774193549,247.03806451612905,180.83645161290323,128.1041935483871,554.397741935484,51.491290322580646,86.13354838709677,358.77032258064514,375.68129032258065,273.26290322580644,70.24806451612903,360.09064516129035,378.19935483870967,195.64645161290323,177.9083870967742,52.52161290322581,320.70354838709676,209.86354838709678,210.64612903225805,263.37774193548387,201.34387096774194,96.87683870967741
2015_9,149.268,94.069,69.65166666666667,78.489,248.198,74.73233333333333,78.36633333333333,86.92766666666667,65.05866666666667,139.61766666666665,36.00333333333333,46.23866666666667,48.394666666666666,33.736000000000004,59.13633333333333,175.686,14.851666666666667,96.91133333333333,351.02566666666667,154.25666666666666,80.084,33.824666666666666,63.281,89.52566666666667,428.319,122.47666666666667,75.32033333333334,40.288000000000004,38.967333333333336,42.00933333333333,21.68433333333333,134.05433333333335,44.02466666666667,238.107,138.42833333333334,28.75133333333333,44.92433333333334,262.07,155.65466666666669,127.63966666666667,31.202333333333335,212.95633333333333,58.95133333333333,17.775666666666666,264.9123333333333,108.79666666666667,24.8436
2015_10,31.897096774193546,4.926774193548387,117.90741935483871,3.7519354838709678,16.054193548387097,4.095161290322581,14.561290322580644,11.130645161290323,20.716451612903228,13.76032258064516,7.1577419354838705,7.945161290322581,25.14032258064516,6.767096774193549,10.258064516129032,10.123870967741937,8.988709677419354,30.90258064516129,3.453225806451613,110.63419354838709,74.16,5.152258064516129,3.255483870967742,22.57677419354839,4.859354838709678,7.179354838709678,10.590645161290322,4.488709677419355,93.63387096774194,4.5680645161290325,20.546774193548387,8.628709677419355,17.07903225806452,39.578709677419354,4.6809677419354845,53.28516129032258,21.684838709677418,9.614193548387098,3.455806451612903,19.09967741935484,69.52161290322582,6.43741935483871,6.837096774193548,13.317741935483872,21.52548387096774,22.35451612903226,8.205419354838709
2015_11,14.550666666666666,12.370666666666667,19.046333333333333,8.835333333333333,18.284666666666666,6.963666666666667,31.749000000000002,18.237666666666666,6.591333333333334,26.181333333333335,11.92,52.59466666666666,10.459333333333332,6.955,10.021999999999998,26.360333333333333,45.32866666666667,6.196333333333333,17.343666666666667,15.976666666666667,9.762333333333334,27.668,9.117333333333333,71.42933333333333,27.886666666666667,9.481333333333334,17.99233333333333,26.300333333333334,24.627000000000002,10.278333333333334,16.496,33.29866666666667,27.838,12.395333333333333,14.989666666666666,6.9879999999999995,5.374666666666667,46.54766666666667,19.659,22.049,36.598333333333336,5.4399999999999995,5.783666666666666,39.879333333333335,11.225333333333333,20.112333333333332,58.1788
2015_12,11.599354838709678,11.764516129032257,23.73548387096774,15.988064516129032,18.73032258064516,20.57741935483871,17.174516129032256,11.940645161290323,14.275806451612903,19.45774193548387,21.615806451612904,22.431290322580644,25.70387096774194,19.651935483870968,14.560322580645161,12.131935483870967,17.36967741935484,14.580322580645161,19.66741935483871,12.422258064516129,16.294516129032257,12.662258064516129,14.488064516129032,14.036451612903226,16.010645161290324,19.146774193548385,18.679354838709674,12.168064516129032,16.705483870967743,11.752258064516129,13.735806451612904,21.148387096774194,17.51516129032258,13.118387096774194,16.07677419354839,12.339677419354839,20.28258064516129,13.880322580645162,21.872903225806454,11.38516129032258,12.59483870967742,12.099677419354839,17.983548387096775,18.419032258064515,16.018387096774195,16.350645161290323,30.32967741935484
2016_1,3.3787096774193546,3.394838709677419,4.3912903225806454,6.509354838709677,3.446451612903226,8.105161290322581,11.29225806451613,4.780645161290322,3.3448387096774193,3.3629032258064515,3.6877419354838707,3.356451612903226,3.3509677419354835,7.311290322580645,4.85,3.4303225806451616,5.388709677419355,3.439032258064516,3.417741935483871,3.4003225806451614,3.3880645161290324,3.6303225806451613,3.708387096774193,10.81,4.230645161290322,3.3696774193548387,3.3803225806451613,3.468709677419355,3.529677419354839,3.6670967741935487,3.354193548387097,3.379032258064516,3.5509677419354837,4.861935483870968,4.741612903225807,3.3738709677419356,21.33709677419355,3.7732258064516127,3.2793548387096774,3.305483870967742,3.635806451612903,3.6929032258064516,3.324193548387097,3.3270967741935484,6.21225806451613,4.710322580645162,7.74641935483871
2016_2,2.0841379310344825,6.224482758620689,2.1079310344827586,3.737931034482759,14.039310344827586,5.4799999999999995,2.0844827586206893,2.34,2.893448275862069,2.646206896551724,9.684137931034481,3.199655172413793,3.1251724137931034,6.13655172413793,2.10551724137931,2.651724137931035,2.8806896551724135,2.1813793103448273,2.113793103448276,2.263448275862069,2.0841379310344825,6.131034482758621,2.1093103448275863,3.6355172413793104,9.697241379310345,2.137241379310345,3.3758620689655174,2.709655172413793,2.096551724137931,2.0841379310344825,3.082413793103448,3.613103448275862,7.521379310344828,2.5127586206896555,2.0841379310344825,4.855172413793104,2.666896551724138,3.5193103448275864,20.19689655172414,2.083448275862069,3.3806896551724135,4.226206896551724,2.1706896551724135,16.84793103448276,7.7972413793103446,4.501724137931035,14.452
2016_3,33.97161290322581,31.856451612903225,27.596451612903227,38.79387096774194,20.844193548387096,37.089677419354835,35.593870967741935,19.886129032258065,19.281935483870967,26.36193548387097,21.024193548387096,31.511612903225807,32.24193548387097,31.83451612903226,17.17064516129032,27.636129032258065,34.06903225806452,34.969032258064516,7.201935483870967,21.72774193548387,16.163548387096775,20.002903225806453,14.071290322580644,33.28806451612903,33.14387096774194,21.753225806451614,21.321290322580648,16.894193548387097,12.348387096774195,20.918387096774193,25.17290322580645,28.398709677419355,33.13290322580645,43.58838709677419,21.705806451612904,29.366129032258065,30.93548387096774,26.233870967741936,28.319032258064517,23.57483870967742,19.076451612903227,51.05612903225806,30.057419354838707,47.53258064516129,32.0816129032258,27.351935483870967,36.288
2016_4,14.068666666666667,16.783666666666665,9.578666666666667,107.49633333333333,5.2603333333333335,11.626333333333333,18.284,30.709333333333333,55.461,32.74066666666667,17.05966666666667,119.57733333333334,12.915333333333333,65.822,111.75366666666667,21.139000000000003,13.584333333333335,46.43766666666667,29.692999999999998,25.843,23.782,13.165666666666668,18.740666666666666,5.777333333333333,37.48133333333333,29.557666666666666,22.955666666666666,29.787,20.445333333333334,15.253666666666668,18.686333333333334,19.517333333333333,68.673,55.66233333333333,11.505333333333335,10.850333333333333,43.54066666666667,72.50233333333334,31.665666666666667,44.48533333333333,52.90933333333333,22.06866666666667,12.630333333333335,33.64366666666667,24.69633333333333,33.46233333333333,58.6847
2016_5,31.719032258064516,25.04,24.220967741935485,72.3158064516129,22.79064516129032,41.82225806451613,17.23548387096774,62.65483870967742,110.0067741935484,37.182580645161295,19.44709677419355,28.437419354838713,12.465483870967741,53.601612903225806,29.246129032258064,74.39387096774193,103.76645161290324,22.04612903225806,35.266129032258064,83.98870967741935,27.682580645161288,44.3716129032258,18.13935483870968,29.9741935483871,71.3341935483871,43.096774193548384,72.48838709677419,93.63806451612903,63.148387096774194,18.30838709677419,12.62774193548387,190.8425806451613,58.21612903225807,46.88612903225807,51.71483870967742,8.723225806451614,34.57387096774193,56.25741935483871,58.791935483870965,43.276774193548384,61.57064516129032,69.76161290322581,46.32354838709677,52.406451612903226,64.75387096774195,49.92290322580645,32.22587096774193
2016_6,170.87533333333334,43.36,36.184666666666665,29.89966666666667,51.588,38.403999999999996,7.535666666666667,22.553,25.377666666666666,46.63433333333333,36.43833333333334,30.692999999999998,240.608,215.78066666666666,24.68166666666667,112.999,19.392999999999997,19.12933333333333,66.13433333333333,16.233999999999998,39.89333333333333,75.152,42.022000000000006,56.58433333333333,207.37333333333333,24.85,44.30766666666667,95.727,39.87,26.919,114.69766666666668,98.075,90.895,42.69433333333333,39.62866666666667,69.44033333333333,35.28866666666667,47.954,84.01700000000001,110.94066666666666,95.29633333333332,18.950666666666667,45.41466666666667,136.66933333333333,19.13566666666667,65.69533333333332,8.745833333333334
2016_7,534.7541935483871,219.17935483870966,185.7358064516129,244.6377419354839,175.58193548387098,156.80967741935484,103.06225806451613,53.81193548387097,129.26903225806453,340.5712903225807,76.86290322580645,142.54677419354837,137.88806451612902,100.27806451612904,200.86451612903227,351.3158064516129,75.38000000000001,223.08225806451614,205.99483870967742,76.10967741935484,127.3367741935484,231.5958064516129,267.4425806451613,211.2341935483871,279.0758064516129,244.90870967741935,99.99225806451614,173.70225806451614,82.90870967741935,248.31612903225806,246.3551612903226,160.68064516129033,195.03290322580648,134.80387096774194,87.47258064516129,245.8006451612903,158.6822580645161,181.30709677419352,365.6945161290322,162.60354838709677,568.2632258064516,123.71451612903226,280.3003225806452,410.91483870967744,108.64548387096774,202.9009677419355,316.8106451612903
2016_8,129.6732258064516,136.74774193548387,258.46838709677417,224.58677419354837,134.99774193548387,144.6167741935484,432.0325806451613,115.92193548387097,155.64580645161288,69.90903225806451,356.0590322580645,105.46290322580644,234.27096774193546,197.27225806451614,105.92677419354838,131.37064516129033,239.18967741935484,88.95129032258063,212.08774193548388,153.3774193548387,168.09548387096774,296.28483870967744,39.413870967741936,107.20677419354838,120.21451612903226,100.57677419354839,242.93548387096774,176.7125806451613,123.94580645161291,550.2574193548387,47.414838709677426,81.96903225806452,354.6222580645161,371.5038709677419,269.1593548387097,66.09645161290322,355.97064516129035,374.08612903225804,191.52193548387098,173.76193548387096,48.47064516129032,316.57645161290327,205.72258064516132,206.53483870967742,259.26709677419353,197.22032258064516,36.170032258064516
2016_9,163.18733333333333,108.14366666666666,83.588,92.338,262.3686666666666,88.699,92.35266666666666,101.11333333333333,79.18133333333334,153.5773333333333,49.34766666666667,60.12266666666667,62.10633333333333,46.534666666666666,72.90566666666668,190.01433333333335,26.723000000000003,110.98,365.34933333333333,168.075,93.718,47.42166666666666,76.73166666666665,102.97766666666666,442.5293333333333,136.30833333333334,88.95033333333335,52.92033333333333,52.345666666666666,55.74466666666667,34.31766666666667,148.23333333333332,57.190666666666665,251.82433333333336,152.112,42.040333333333336,59.24766666666667,276.0303333333333,169.25233333333333,141.32866666666666,44.19666666666667,226.77233333333334,73.39866666666667,30.087666666666667,278.9286666666667,122.47333333333333,33.84063333333333
2016_10,43.04451612903226,14.115806451612904,129.63064516129032,11.86774193548387,25.20225806451613,12.588709677419354,25.82709677419355,22.14032258064516,31.77741935483871,24.825806451612905,16.633548387096774,17.894516129032258,35.39903225806452,16.654193548387095,20.437096774193545,20.643225806451614,17.76483870967742,42.67161290322581,11.01774193548387,122.43290322580646,86.37451612903226,13.70032258064516,10.486451612903226,34.291935483870965,14.215483870967741,17.221290322580646,21.274838709677418,11.47967741935484,105.68451612903225,13.158387096774193,31.41741935483871,17.79064516129032,28.100322580645162,51.58483870967742,12.191290322580645,65.36322580645161,33.56258064516129,19.50225806451613,10.788064516129033,30.883225806451613,78.84129032258065,16.04774193548387,15.249032258064517,23.00967741935484,32.229354838709675,32.37806451612904,35.165741935483865
2016_11,18.487666666666666,16.354666666666667,23.157666666666668,12.645666666666667,22.333666666666666,10.682333333333334,35.852333333333334,22.315333333333335,10.073,30.266333333333332,15.884666666666668,56.74366666666666,14.423666666666666,10.393666666666666,13.750333333333334,30.484666666666666,49.440000000000005,9.905666666666667,21.202333333333335,20.040333333333333,13.657666666666668,31.764000000000003,12.914,75.584,31.977333333333334,13.414333333333333,22.067999999999998,30.204666666666665,28.671666666666667,14.291333333333334,20.558666666666667,37.266,31.932000000000002,16.343333333333334,18.707,10.810333333333334,8.659666666666668,50.591,23.650333333333332,25.938666666666666,40.66833333333333,8.750333333333334,9.043666666666667,44.022666666666666,15.072,24.022,12.344066666666667
2016_12,2.7261290322580645,2.7319354838709677,6.336451612903226,4.11258064516129,6.630322580645161,7.410645161290322,4.533870967741936,2.7635483870967743,4.03483870967742,7.47258064516129,9.465483870967741,8.588064516129032,12.247741935483871,7.353548387096773,4.331612903225807,2.7529032258064516,6.497419354838709,3.6906451612903224,7.3103225806451615,2.9238709677419354,3.975806451612903,2.7270967741935483,3.3474193548387094,2.7922580645161292,3.3380645161290325,5.5841935483870975,6.1970967741935485,2.7580645161290325,4.435161290322581,2.7603225806451612,3.465161290322581,9.505161290322581,4.66258064516129,2.7651612903225806,4.160967741935484,2.734193548387097,7.371612903225807,2.9541935483870967,8.34741935483871,2.6838709677419357,2.804193548387097,2.7393548387096773,5.2703225806451615,5.7783870967741935,4.406774193548387,4.920967741935484,26.644516129032258
2017_1,7.964193548387097,8.045483870967741,10.432580645161291,13.044193548387097,8.157741935483871,14.243548387096775,18.434193548387096,10.079032258064515,7.938064516129033,7.984193548387096,8.938387096774195,7.906451612903226,7.9316129032258065,15.078387096774193,10.558064516129033,8.163548387096775,10.702903225806452,8.251935483870968,8.111935483870967,8.041290322580645,7.937096774193549,8.442258064516128,8.848064516129034,18.227096774193548,9.503225806451614,7.901612903225806,8.000322580645161,8.191290322580645,8.577096774193548,8.868064516129033,7.884838709677419,7.935483870967742,8.670967741935485,10.878387096774194,10.21032258064516,7.902903225806452,28.858709677419355,8.875806451612902,7.608064516129032,7.817096774193549,8.299032258064516,8.980967741935485,7.805161290322581,7.833225806451613,11.559032258064516,9.90258064516129,12.808741935483871
2017_2,2.3260714285714283,7.7749999999999995,2.4292857142857143,7.07,29.27857142857143,7.968571428571429,2.3921428571428573,5.390357142857143,5.0525,3.952142857142857,12.61,5.080357142857143,3.1632142857142855,9.673214285714286,2.629642857142857,5.0525,5.093571428571429,2.329285714285714,2.7032142857142856,3.5089285714285716,2.3249999999999997,9.376428571428573,2.89,6.6225000000000005,14.578928571428571,2.63,3.2357142857142853,5.347857142857143,2.5185714285714282,2.3178571428571426,6.230714285714286,4.0675,10.739642857142856,5.653928571428572,2.323928571428571,7.181428571428571,5.636071428571428,5.143571428571429,24.97714285714286,2.301428571428571,6.848928571428572,9.441785714285714,2.6589285714285715,25.27392857142857,11.381428571428572,6.826428571428571,8.02025
2017_3,35.33870967741935,33.91677419354839,29.688064516129035,42.09645161290322,24.589354838709678,40.703870967741935,38.01387096774194,21.74967741935484,19.598709677419357,26.93935483870968,22.57,35.25516129032258,33.509032258064515,34.66580645161291,18.113548387096774,29.130967741935482,35.73741935483871,36.399354838709684,6.702903225806451,23.015806451612903,16.975161290322582,21.20967741935484,14.647096774193548,35.026774193548384,35.99322580645161,24.15,22.877741935483872,17.66290322580645,12.566451612903226,21.98516129032258,25.473870967741938,30.30258064516129,35.53258064516129,45.535483870967745,23.98516129032258,32.3741935483871,33.86806451612903,28.019354838709678,31.386451612903226,24.396129032258063,20.647096774193546,53.26096774193548,31.589354838709678,51.02967741935484,33.27516129032258,29.144193548387097,11.76958064516129
2017_4,27.747333333333337,34.705666666666666,25.996,125.84666666666666,17.807000000000002,27.541,34.823,48.227999999999994,74.54566666666666,50.78033333333334,33.05233333333333,138.34266666666664,30.211000000000002,85.15966666666667,131.03133333333332,37.904333333333334,31.504666666666665,64.62233333333333,47.364333333333335,43.122,37.815000000000005,29.116666666666667,34.94866666666667,18.564,55.62866666666667,45.641333333333336,40.492,44.692,36.49166666666667,30.250666666666667,34.59166666666667,37.11033333333333,87.51133333333334,74.76966666666667,27.392999999999997,25.983999999999998,61.49433333333333,90.71866666666666,47.35966666666666,62.98866666666667,71.80166666666668,39.241,29.50766666666667,49.32633333333333,40.69233333333333,50.32066666666666,43.526666666666664
2017_5,26.528709677419354,20.71451612903226,19.455483870967743,67.05806451612904,18.044193548387096,36.645806451612906,12.796774193548387,57.15709677419355,104.72322580645161,31.865483870967743,14.373548387096774,23.60258064516129,8.803870967741936,48.3841935483871,24.70387096774194,69.54451612903226,98.3625806451613,17.766774193548386,30.682258064516127,78.72419354838709,22.42322580645161,39.818387096774195,13.845161290322581,25.26483870967742,65.76903225806451,38.325161290322576,67.35161290322581,88.4990322580645,57.71,13.898387096774194,7.969032258064516,185.32,52.62935483870968,41.64709677419355,46.36354838709677,5.32,29.344516129032257,51.835161290322574,53.31322580645161,38.18870967741936,56.72354838709678,64.35806451612903,41.47548387096774,47.4241935483871,59.91258064516129,44.99258064516129,9.188612903225806
2017_6,162.57333333333332,34.45666666666667,27.447333333333333,21.28166666666667,42.617,30.30933333333333,2.7876666666666665,14.402333333333335,17.041999999999998,37.76166666666666,27.658333333333335,23.304,231.28166666666667,206.692,16.862000000000002,104.687,11.738,12.745000000000001,57.17966666666667,9.132,31.669666666666668,66.266,32.872,47.867333333333335,197.89566666666667,17.670333333333335,35.349333333333334,85.85033333333334,33.35366666666667,18.921333333333333,105.86466666666666,89.24766666666666,81.15466666666666,34.134,32.05,60.10133333333333,27.16866666666667,39.486666666666665,76.43166666666666,103.06233333333333,86.15466666666666,12.494666666666667,36.673,127.08066666666667,12.196,57.39933333333333,6.581566666666666
2017_7,526.1996774193549,210.44354838709677,177.3141935483871,236.0793548387097,166.9016129032258,148.00032258064516,94.76870967741935,45.67258064516129,120.77032258064517,331.9548387096774,68.38451612903226,134.041935483871,129.29677419354837,91.78580645161291,192.49870967741936,342.48580645161286,67.50290322580646,214.3041935483871,197.3967741935484,67.74064516129032,119.26354838709678,223.3825806451613,258.7870967741935,202.98870967741934,270.46806451612906,236.43741935483868,91.45290322580645,165.39032258064518,74.61870967741935,239.72354838709677,237.9983870967742,152.06129032258065,186.2016129032258,126.47806451612902,79.29451612903226,237.41709677419357,150.19419354838712,172.75677419354838,356.9825806451613,153.88935483870966,559.4541935483871,115.0341935483871,271.92967741935485,402.27032258064514,100.08774193548388,194.40225806451613,312.84390322580646
2017_8,129.6741935483871,136.81870967741935,258.4467741935484,224.52967741935484,134.98387096774192,144.60903225806453,432.0145161290323,115.93548387096774,155.61451612903227,69.94419354838709,355.99096774193544,105.52064516129032,234.29032258064515,197.1867741935484,106.0141935483871,131.51290322580647,239.38225806451615,88.9858064516129,212.11483870967743,153.37838709677422,168.09290322580645,296.23870967741937,39.76903225806451,107.28806451612903,120.32193548387097,100.54838709677419,242.96870967741935,176.71,123.86935483870967,550.1648387096774,47.78612903225806,81.94903225806452,354.53612903225803,371.4406451612903,269.19709677419354,66.12387096774194,355.9648387096774,374.08645161290326,191.54806451612902,173.7035483870968,48.92387096774194,316.5364516129032,205.6690322580645,206.5783870967742,259.2690322580645,197.24967741935484,282.3138064516129
2017_9,154.98966666666666,99.79233333333333,75.366,84.20333333333333,253.92933333333335,80.44866666666667,84.08766666666666,92.644,70.78433333333334,145.337,41.69666666666667,51.94266666666667,54.09666666666667,39.392,64.84700000000001,181.41666666666666,20.409,102.63799999999999,356.75766666666664,159.97400000000002,85.78733333333334,39.514,68.966,95.22,434.05,128.19366666666667,81.027,45.919,44.650666666666666,47.712333333333326,27.323666666666668,139.78533333333334,49.696000000000005,243.82133333333334,144.14066666666668,34.43533333333333,50.655,267.7846666666667,161.36333333333332,133.35,36.853,218.67533333333333,64.68066666666667,23.362000000000002,270.63033333333334,114.49633333333333,27.189566666666668
2017_10,38.01516129032258,9.360967741935484,124.52032258064517,7.542258064516129,20.711290322580645,8.162903225806453,20.57225806451613,16.96193548387097,26.664516129032258,19.585806451612903,11.85741935483871,13.128387096774194,30.429032258064513,11.778064516129032,15.573548387096775,15.618064516129033,13.43774193548387,37.24709677419355,6.819354838709677,117.09,80.9874193548387,9.284516129032259,6.339354838709678,28.98225806451613,9.625483870967741,12.238064516129032,16.153225806451612,7.589032258064516,100.36967741935484,8.648387096774194,26.208387096774196,13.306129032258065,22.963870967741936,46.11741935483871,8.135483870967741,59.8841935483871,28.22,14.656774193548388,6.541290322580645,25.493548387096773,74.47935483870968,11.202258064516128,10.966451612903224,18.445483870967742,26.911612903225805,27.529354838709676,15.041290322580647
2017_11,13.919999999999998,11.752,18.526333333333334,8.437,17.701,6.476,31.091333333333335,17.56433333333333,6.245,25.727,11.212666666666667,51.86333333333334,9.757333333333332,6.401,9.493333333333334,25.677333333333333,44.88666666666666,5.592666666666667,16.936,15.283666666666667,9.007333333333333,26.919333333333334,8.427,70.69666666666667,27.386333333333333,8.874666666666666,17.380333333333333,25.857333333333333,24.072333333333333,9.769333333333332,15.793666666666667,32.85733333333334,27.188333333333333,11.610333333333333,14.534333333333334,6.415,5.065333333333333,46.105333333333334,18.967666666666666,21.613333333333333,36.117,5.127,5.497333333333333,39.11233333333333,10.815,19.549666666666667,7.862399999999999
2017_12,2.4851612903225804,2.4941935483870967,10.257096774193547,4.750645161290323,7.470322580645161,8.694193548387096,5.5683870967741935,2.568064516129032,3.9174193548387097,8.214516129032258,10.141612903225806,10.343548387096773,13.716774193548385,8.244838709677419,4.1570967741935485,2.564516129032258,6.451612903225806,3.8141935483870966,8.228709677419355,2.7283870967741937,4.727741935483871,2.859677419354839,3.790645161290323,3.109677419354839,4.549354838709678,7.07774193548387,7.053870967741935,2.5674193548387096,5.263225806451612,2.507096774193548,3.383225806451613,9.932580645161291,5.7783870967741935,2.7158064516129032,4.710322580645162,2.5570967741935484,8.481612903225807,3.1648387096774195,9.901290322580644,2.4538709677419352,2.661290322580645,2.5567741935483874,6.293548387096774,6.790322580645161,5.0287096774193545,5.48258064516129,5.155741935483871
2018_1,2.0116129032258065,2.0116129032258065,2.4538709677419352,4.67741935483871,2.0119354838709675,5.857741935483871,8.445483870967742,2.8570967741935482,2.0116129032258065,2.0116129032258065,2.048064516129032,2.0116129032258065,2.0116129032258065,5.030322580645161,2.6941935483870965,2.0119354838709675,3.1251612903225805,2.0119354838709675,2.0119354838709675,2.0119354838709675,2.0119354838709675,2.0874193548387097,2.1616129032258065,8.221612903225807,2.313548387096774,2.0116129032258065,2.0116129032258065,2.0119354838709675,2.0216129032258063,2.0706451612903227,2.011290322580645,2.0116129032258065,2.0406451612903225,3.214193548387097,2.4861290322580643,2.0116129032258065,19.065806451612904,2.1148387096774193,2.0109677419354837,2.0109677419354837,2.214516129032258,2.0667741935483868,2.011290322580645,2.0109677419354837,4.3183870967741935,3.063548387096774,4.366741935483871
2018_2,1.9910714285714286,6.085357142857142,1.9982142857142857,3.939285714285714,17.675,5.0460714285714285,1.9914285714285713,2.435714285714286,2.880357142857143,2.4796428571428573,9.070714285714285,3.2842857142857147,2.698571428571429,6.364642857142857,2.035357142857143,2.784642857142857,2.9682142857142857,1.9910714285714286,2.0100000000000002,2.1435714285714282,1.9910714285714286,6.108928571428572,2.032142857142857,3.4864285714285717,10.065,2.0335714285714284,2.5889285714285712,2.707142857142857,2.0053571428571426,1.9910714285714286,3.3649999999999998,3.011428571428571,7.371785714285714,2.7139285714285712,1.9907142857142859,4.741785714285714,2.7217857142857143,3.0689285714285717,20.452142857142857,1.9907142857142859,3.482142857142857,4.6085714285714285,2.0864285714285713,17.8875,7.248571428571428,4.525714285714286,5.041285714285714
2018_3,33.99516129032258,32.44225806451613,28.134838709677418,39.63354838709677,22.373870967741937,38.42193548387097,36.0158064516129,20.29516129032258,19.518709677419356,26.41,21.56483870967742,32.918064516129036,32.49935483870968,32.44096774193548,17.51967741935484,28.10516129032258,34.475806451612904,35.27258064516129,7.1809677419354845,22.280645161290323,16.23774193548387,20.323548387096775,14.224516129032258,33.84774193548387,34.0658064516129,22.46483870967742,21.889032258064514,17.039354838709677,12.36,21.050967741935484,25.073225806451614,29.073225806451614,33.87451612903225,44.21709677419355,22.419032258064515,30.491612903225807,31.90806451612903,26.84709677419355,29.177096774193547,23.614193548387096,19.40741935483871,51.711290322580645,30.328387096774193,48.55032258064516,32.44225806451613,27.86935483870968,28.498225806451615
2018_4,13.880666666666666,16.569,9.387,107.26366666666667,5.099333333333333,11.431666666666667,18.075666666666667,30.490666666666666,55.230000000000004,32.52666666666667,16.858,119.341,12.710333333333333,65.59466666666667,111.51766666666666,20.933,13.387333333333334,46.208666666666666,29.46966666666667,25.624666666666666,23.600666666666665,12.967,18.528666666666666,5.607666666666666,37.257666666666665,29.349,22.734333333333332,29.583333333333332,20.24566666666667,15.059666666666665,18.481,19.330666666666666,68.44466666666668,55.44766666666667,11.308,10.658666666666667,43.31766666666667,72.269,31.467333333333332,44.26,52.684999999999995,21.853333333333335,12.430666666666667,33.44266666666667,24.497333333333334,33.254,86.79503333333334
2018_5,36.41903225806452,29.144516129032258,28.733225806451614,77.02967741935484,27.177419354838708,46.5858064516129,21.611290322580647,67.52935483870968,114.49870967741936,41.917419354838714,24.11483870967742,32.83870967741935,16.18516129032258,58.100322580645155,33.57419354838709,78.71000000000001,108.46483870967741,26.223548387096773,39.51483870967742,88.62096774193549,32.32806451612903,48.693548387096776,22.231290322580644,34.17290322580646,76.10225806451614,47.431935483870966,76.96903225806452,98.16,67.91451612903225,22.434838709677418,17.174516129032256,195.6051612903226,63.083548387096776,51.55870967741935,56.41451612903226,12.570645161290322,39.27645161290322,60.48161290322581,63.519999999999996,47.71967741935484,65.89709677419354,74.39064516129032,50.65225806451613,56.80290322580645,69.14,54.39322580645162,156.4697741935484
2018_6,173.86166666666668,46.315333333333335,39.12166666666667,32.824333333333335,54.55866666666667,41.38433333333333,10.660333333333334,25.50133333333333,28.307000000000002,49.573,39.382333333333335,33.561,243.55100000000002,218.74066666666667,27.642666666666667,115.98966666666666,22.372333333333334,22.194333333333336,69.08933333333333,19.265666666666668,42.87733333333333,78.05933333333334,44.891,59.55733333333333,210.29533333333333,27.88533333333333,47.275,98.61633333333333,42.907000000000004,29.853,117.66733333333333,100.97566666666667,93.80833333333334,45.60733333333334,42.641,72.38533333333334,38.284666666666666,50.93066666666667,87.02966666666666,113.93166666666666,98.25466666666667,22.009,48.367666666666665,139.587,22.180666666666664,68.66166666666666,17.3471
2018_7,535.1316129032259,219.91516129032257,186.4890322580645,245.01870967741937,176.15193548387097,157.4890322580645,104.5974193548387,54.59548387096774,129.91806451612902,340.91580645161287,77.65193548387097,143.39322580645162,138.67032258064515,100.91935483870968,201.66354838709677,352.0241935483871,76.28967741935485,223.66225806451612,207.00870967741935,76.98548387096774,128.0793548387097,232.09483870967742,267.9383870967742,211.7306451612903,279.4729032258064,245.46580645161288,100.77258064516128,174.1648387096774,85.19,248.92225806451614,247.18,161.9325806451613,195.6448387096774,135.27645161290323,88.09677419354838,246.2,159.23612903225805,181.8158064516129,366.49032258064517,163.59806451612903,568.78,124.61387096774195,281.04387096774195,411.56548387096774,109.32903225806452,203.62548387096774,156.71790322580645
2018_8,106.63516129032259,114.38870967741936,235.27193548387098,201.33967741935484,112.00935483870968,122.12645161290322,408.90516129032255,93.2316129032258,132.48258064516128,47.49645161290322,332.49225806451614,84.4574193548387,211.4225806451613,173.80903225806452,83.9016129032258,109.69322580645161,217.87645161290322,66.38354838709677,189.42903225806452,130.40354838709678,144.96129032258065,272.7951612903226,20.559677419354838,85.7158064516129,98.59709677419356,78.0841935483871,220.48129032258063,153.63548387096773,100.68096774193549,526.5880645161291,28.821290322580648,59.37580645161291,331.15903225806454,348.59612903225803,246.47096774193545,43.70193548387097,333.1883870967742,350.96322580645165,168.7438709677419,150.32612903225805,29.627419354838707,293.16580645161287,182.53,184.27129032258065,236.15935483870967,174.73258064516128,168.31758064516129
2018_9,171.53566666666666,116.48766666666667,91.97133333333333,100.68633333333334,270.6573333333333,97.06166666666667,100.68666666666667,109.41366666666666,87.51033333333334,161.90333333333334,57.772666666666666,68.46933333333332,70.49600000000001,55.043,81.279,198.33700000000002,35.404333333333334,119.297,373.67266666666666,176.415,102.12466666666666,55.88766666666667,85.10766666666667,111.36666666666666,450.8276666666667,144.64133333333334,97.375,61.400333333333336,60.74633333333334,64.16233333333334,42.870333333333335,156.523,65.69033333333333,260.166,160.49066666666667,50.49966666666667,67.57566666666666,284.3403333333334,177.612,149.68733333333333,52.66466666666667,235.10933333333332,81.75333333333333,38.658,287.236,130.85766666666666,63.696466666666666
2018_10,42.63387096774194,13.799354838709677,129.15387096774194,11.818387096774194,25.031935483870967,12.420645161290324,25.26451612903226,21.6658064516129,31.35516129032258,24.322903225806453,16.26451612903226,17.562903225806455,34.93677419354839,16.331612903225807,20.019354838709678,20.16290322580645,17.70967741935484,42.049677419354836,11.03516129032258,121.78225806451613,85.7841935483871,13.547741935483872,10.410645161290324,33.751935483870966,14.003225806451614,16.796451612903223,20.794516129032257,11.649032258064516,105.10612903225807,12.993870967741936,30.93,17.63741935483871,27.651290322580646,50.943548387096776,12.270645161290322,64.7158064516129,32.99967741935484,19.22193548387097,10.832258064516129,30.289677419354838,78.77677419354839,15.776774193548386,15.170645161290322,22.82225806451613,31.651290322580643,32.041612903225804,51.68041935483871
2018_11,25.363999999999997,24.002333333333336,30.903333333333332,20.313333333333333,30.082333333333334,18.146666666666665,43.729000000000006,28.933,17.232000000000003,37.99766666666667,22.353333333333335,64.72433333333333,22.00766666666667,17.637666666666668,21.132,36.732,57.25666666666667,17.516000000000002,28.775666666666666,27.688,20.167333333333332,39.715333333333334,19.990333333333336,83.74333333333334,39.81766666666667,21.104333333333333,28.980999999999998,37.85033333333333,36.34866666666667,21.715333333333334,28.229,44.442,39.659,23.93166666666667,26.207,17.504666666666665,15.153666666666668,58.475,31.351333333333333,33.742333333333335,48.559666666666665,15.411,16.21933333333333,52.050333333333334,22.721999999999998,31.458000000000002,46.94143333333333
2018_12,4.6325806451612905,4.650967741935484,9.00290322580645,6.320645161290322,8.912580645161292,9.798064516129033,6.827419354838709,4.6890322580645165,6.111290322580645,9.717096774193548,11.769354838709678,11.033548387096776,14.66709677419355,9.636129032258065,6.414193548387097,4.708387096774194,8.691290322580645,5.785483870967742,9.578064516129032,4.9,6.212580645161291,4.680322580645162,5.456774193548387,4.831935483870968,5.576129032258064,7.953225806451614,8.477741935483872,4.710322580645162,6.678064516129033,4.6980645161290315,5.565806451612903,11.771612903225806,6.997096774193548,4.739032258064516,6.338387096774194,4.668387096774193,9.69483870967742,4.991935483870968,10.740967741935485,4.548387096774194,4.795483870967741,4.694193548387097,7.590322580645162,8.033870967741935,6.581935483870968,7.086774193548387,13.72241935483871
2019_1,2.3174193548387096,2.3174193548387096,2.5161290322580645,3.749032258064516,2.3270967741935484,5.7625806451612895,8.097096774193549,3.200322580645161,2.3080645161290323,2.296774193548387,2.3664516129032256,2.3048387096774197,2.303548387096774,3.913548387096774,3.086451612903226,2.3390322580645164,3.8203225806451617,2.320322580645161,2.3332258064516127,2.321935483870968,2.314516129032258,2.39,2.3374193548387097,7.339677419354839,2.6822580645161294,2.308709677419355,2.3196774193548384,2.3390322580645164,2.332258064516129,2.349354838709677,2.3045161290322578,2.3167741935483868,2.351290322580645,2.7070967741935483,3.133225806451613,2.309032258064516,17.741935483870968,2.3970967741935483,2.270322580645161,2.279677419354839,2.4470967741935485,2.373548387096774,2.2870967741935484,2.298064516129032,4.497741935483871,3.209032258064516,6.855645161290322
2019_2,1.9610714285714284,5.083928571428571,1.960357142857143,2.34,7.473214285714286,3.5839285714285714,1.9607142857142856,1.9614285714285715,2.092857142857143,2.1992857142857143,7.295714285714285,2.0189285714285714,2.5717857142857143,4.0424999999999995,1.960357142857143,1.9878571428571428,2.0135714285714283,1.960357142857143,1.960357142857143,1.9814285714285713,1.9610714285714284,4.596071428571428,1.960357142857143,2.3353571428571427,6.786785714285714,1.960357142857143,2.269642857142857,2.140357142857143,1.9607142857142856,1.960357142857143,2.08,2.544642857142857,5.373214285714285,1.9614285714285715,1.9607142857142856,3.1110714285714285,1.9610714285714284,2.467142857142857,16.902857142857144,1.960357142857143,2.4139285714285714,2.120357142857143,1.9832142857142858,13.742857142857144,5.267857142857143,3.3814285714285717,7.904107142857143
2019_3,32.94483870967742,30.891612903225806,26.468387096774194,37.13,19.186451612903223,35.53193548387097,34.25709677419355,18.709032258064518,18.888709677419353,25.77,20.244193548387095,30.054193548387094,31.50483870967742,30.36193548387097,16.640645161290323,26.74258064516129,33.11096774193548,34.2,6.9399999999999995,21.095806451612905,15.404516129032258,19.213225806451614,13.448064516129032,32.483225806451614,31.924516129032256,20.581935483870968,20.583548387096776,16.233870967741936,11.870645161290323,20.05838709677419,24.51225806451613,27.535806451612903,32.07032258064516,42.719032258064516,20.64258064516129,28.18032258064516,29.723548387096773,25.410967741935483,26.739032258064515,22.75709677419355,18.05258064516129,50.07322580645161,29.081935483870968,46.03387096774193,31.49258064516129,26.38774193548387,17.025193548387094
2019_4,27.915666666666667,35.074666666666666,26.408333333333335,126.221,18.072666666666667,27.846666666666668,35.15366666666667,48.61033333333333,74.96033333333334,51.14866666666667,33.38533333333333,138.75333333333336,30.53666666666667,85.61133333333333,131.43233333333333,38.28733333333333,31.894333333333336,65.01333333333334,47.67133333333334,43.44133333333333,38.190333333333335,29.483333333333334,35.29266666666667,18.886000000000003,55.99966666666667,45.99033333333333,40.87066666666667,44.872,36.876666666666665,30.51966666666667,34.873333333333335,37.354,87.86766666666668,75.13266666666667,27.774,26.352333333333334,61.860666666666674,91.08200000000001,47.586666666666666,63.391666666666666,72.13033333333333,39.60733333333334,29.879666666666665,49.63766666666667,40.993,50.66566666666667,26.880233333333333
2019_5,34.15548387096774,26.624193548387098,26.406451612903226,74.83967741935484,24.754516129032258,44.36064516129032,19.250967741935483,65.3741935483871,112.18032258064517,39.693548387096776,21.83483870967742,30.430967741935483,13.479354838709678,55.788709677419355,31.163225806451614,76.29935483870969,106.24645161290321,23.791612903225804,37.039032258064516,86.41,30.066129032258065,46.24290322580645,19.739354838709676,31.712903225806453,73.89387096774193,45.04354838709677,74.65774193548387,95.82387096774194,65.70483870967742,19.933870967741935,14.81967741935484,193.41387096774193,60.92,49.28290322580645,54.17774193548387,10.020967741935483,37.04096774193548,58.060967741935485,61.29322580645161,45.40354838709678,63.50838709677419,72.13806451612903,48.27322580645161,54.41903225806452,66.79129032258065,52.0558064516129,10.661548387096774
2019_6,161.96566666666666,33.837666666666664,26.831000000000003,20.677,42.13933333333333,29.714,2.497,13.816333333333334,16.448333333333334,37.14666666666667,27.03966666666667,22.764666666666667,230.64466666666667,206.05733333333333,16.289,104.29333333333334,11.25,12.410666666666666,56.55266666666667,8.682333333333334,31.191666666666666,65.65233333333333,32.25,47.244,197.248,17.316,34.718666666666664,85.19833333333332,32.989333333333335,18.337666666666667,105.44633333333333,88.63833333333334,80.50666666666666,33.53366666666667,31.676333333333332,59.62433333333333,26.779,39.07899999999999,76.04066666666668,102.473,85.516,12.104000000000001,36.057,126.432,11.834,56.865,16.1189
2019_7,530.2790322580646,214.48709677419356,181.27322580645162,240.16774193548386,170.96612903225807,152.07290322580647,98.54774193548387,49.49483870967742,124.77387096774193,336.02096774193546,72.35903225806452,138.01741935483872,133.29225806451612,95.79967741935484,196.42903225806452,346.57645161290327,71.25419354838711,218.3906451612903,201.35870967741934,71.66870967741936,123.12967741935483,227.32709677419356,262.8593548387097,206.95483870967743,274.5490322580645,240.44354838709677,95.44,169.3725806451613,78.24193548387096,243.76193548387096,241.92387096774195,155.96870967741935,190.29451612903227,130.4325806451613,83.20483870967742,241.42322580645163,154.18451612903226,176.7935483870968,361.01129032258063,157.88032258064516,563.5600000000001,119.02935483870968,275.8793548387097,406.30806451612904,104.09677419354838,198.3835483870968,64.8047741935484
2019_8,145.1406451612903,151.96290322580646,273.88774193548386,240.18612903225804,150.4777419354839,160.07225806451612,447.4854838709677,131.31451612903226,171.17774193548388,85.33806451612904,371.6454838709677,120.86032258064516,249.61322580645162,212.95451612903227,121.07645161290323,146.55161290322582,254.1448387096774,104.62838709677419,227.3541935483871,168.82387096774193,183.44838709677418,311.86483870967743,54.01064516129032,122.46645161290323,135.33290322580643,116.21129032258065,258.25032258064516,192.09870967741938,139.6290322580645,565.9329032258064,62.06,97.52258064516128,370.30451612903227,387.2103225806452,284.4990322580645,81.69032258064516,371.40193548387094,389.48967741935485,206.87806451612903,189.43967741935484,62.950645161290325,332.1329032258065,221.31354838709677,221.81032258064516,274.643870967742,212.6074193548387,118.1951935483871
2019_9,141.25333333333336,86.02033333333334,62.035,70.50766666666667,240.113,66.839,70.35033333333334,78.94633333333333,57.06266666666667,131.60533333333333,28.30633333333333,38.342999999999996,40.516,26.333000000000002,51.205333333333336,167.579,8.490666666666666,88.85,342.9183333333333,146.28833333333333,72.20700000000001,26.049666666666667,55.61300000000001,81.713,420.2103333333333,114.481,67.45866666666667,33.248000000000005,31.240333333333336,34.14533333333333,14.712,125.94733333333333,36.541000000000004,230.36366666666666,130.55666666666667,21.35533333333333,37.016,254.08866666666665,147.95833333333334,119.71033333333334,23.978333333333335,204.945,50.843333333333334,11.201666666666666,256.93533333333335,101.02333333333333,89.37259999999999
2019_10,44.83483870967741,15.907741935483871,131.3832258064516,13.818709677419355,27.11032258064516,14.48225806451613,27.539032258064516,23.899677419354838,33.56806451612903,26.561935483870965,18.440645161290323,19.684516129032257,37.163870967741936,18.486451612903227,22.193870967741937,22.396774193548385,19.720322580645163,44.350645161290316,13.008709677419354,124.09870967741935,88.07935483870968,15.58290322580645,12.380322580645162,36.02225806451613,16.089354838709678,19.004193548387097,23.03451612903226,13.540645161290323,107.39774193548386,15.05483870967742,33.15935483870968,19.701612903225808,29.866774193548387,53.251612903225805,14.21483870967742,67.02451612903225,35.28064516129032,21.356129032258064,12.796129032258065,32.57225806451613,80.80193548387098,17.901612903225807,17.169354838709676,24.907096774193548,33.91483870967742,34.1941935483871,44.87296774193548
2019_11,12.808,10.670666666666667,17.33,7.421333333333333,16.562,5.5280000000000005,29.884,16.357333333333333,5.343666666666667,24.551333333333332,10.074,50.62133333333334,8.660666666666666,5.550666666666667,8.507333333333333,24.471333333333334,43.686,4.687666666666667,15.845333333333334,14.073,7.906333333333333,25.705,7.374666666666667,69.48066666666666,26.227333333333334,7.854,16.204666666666665,24.768666666666668,22.914666666666665,8.664,14.584333333333332,31.72733333333333,25.97233333333333,10.456,13.524333333333335,5.468666666666667,4.281333333333333,44.934666666666665,17.805333333333333,20.552666666666667,34.93533333333333,4.309333333333333,4.678,37.87766666666666,9.730666666666668,18.457666666666668,22.1323
2019_12,9.840967741935483,10.019032258064515,21.976451612903226,14.293870967741936,17.035806451612903,18.870967741935484,15.469354838709679,10.198709677419355,12.565483870967743,17.761612903225807,19.924516129032256,20.712903225806453,23.99225806451613,17.955483870967743,12.893548387096773,10.404193548387095,15.69,12.899677419354838,17.969032258064516,10.70516129032258,14.59741935483871,10.94,12.797419354838711,12.334838709677419,14.301935483870968,17.432258064516127,16.981290322580644,10.454193548387096,15.007096774193549,10.03483870967742,12.041290322580645,19.464193548387097,15.810322580645161,11.417741935483871,14.379999999999999,10.62774193548387,18.57774193548387,12.175483870967742,20.159032258064517,9.60483870967742,10.91451612903226,10.399032258064516,16.28451612903226,16.71451612903226,14.299032258064516,14.64258064516129,9.874548387096773
2020_1,2.7116129032258067,2.715161290322581,3.163870967741935,4.742580645161291,2.740645161290322,6.714193548387097,9.404193548387095,3.856129032258065,2.6851612903225806,2.675806451612903,2.8464516129032256,2.6896774193548385,2.6874193548387098,5.112903225806452,3.807741935483871,2.750322580645161,4.521612903225807,2.7316129032258067,2.7419354838709675,2.7261290322580645,2.7170967741935486,2.8693548387096777,2.8196774193548384,8.692903225806452,3.306451612903226,2.703225806451613,2.7138709677419355,2.7696774193548386,2.7683870967741933,2.8132258064516127,2.691290322580645,2.710322580645161,2.7838709677419353,3.44,3.8461290322580646,2.7051612903225806,19.088064516129034,2.9158064516129034,2.6312903225806448,2.6441935483870966,2.887741935483871,2.855161290322581,2.6635483870967738,2.674516129032258,5.199677419354838,3.7761290322580647,46.98951612903225
2020_2,11.765172413793103,18.521379310344827,12.126551724137931,18.74551724137931,44.33103448275862,20.019655172413795,12.190689655172413,17.499655172413792,15.89655172413793,14.951724137931036,25.400689655172414,16.45689655172414,13.079310344827586,22.104482758620687,12.400689655172414,16.14103448275862,15.967241379310344,11.841379310344827,12.511379310344827,14.969310344827587,11.735172413793103,21.29689655172414,12.723793103448276,18.61655172413793,27.49103448275862,12.597586206896551,14.414137931034482,17.266551724137933,12.657931034482758,11.782413793103448,17.530344827586205,14.966896551724137,22.922758620689656,17.570344827586208,11.710344827586209,18.477586206896554,18.261724137931036,17.567586206896554,37.555517241379306,11.488965517241379,18.46896551724138,22.67103448275862,12.137241379310346,38.86551724137931,24.95344827586207,18.05896551724138,20.698862068965518
2020_3,52.0041935483871,50.8458064516129,46.473225806451616,58.99,39.47096774193548,57.12612903225807,54.91193548387097,38.2758064516129,36.13161290322581,43.5141935483871,39.357419354838704,52.51225806451613,50.41516129032259,51.64129032258065,34.74,45.88129032258065,52.56483870967742,53.289032258064516,21.57709677419355,39.63709677419355,33.40516129032258,37.80612903225806,30.59935483870968,51.94064516129033,52.993870967741934,41.04064516129032,39.59774193548387,34.17387096774194,28.98709677419355,38.39612903225807,41.578709677419354,47.23225806451613,52.48516129032258,62.61451612903225,40.87483870967741,49.384516129032264,50.880322580645164,44.88161290322581,47.89129032258065,40.685483870967744,37.17580645161291,70.68870967741935,48.30483870967742,68.26129032258065,50.08387096774193,45.806774193548385,37.926806451612904
2020_4,16.941666666666666,20.334333333333333,12.523333333333333,111.426,7.623333333333334,14.683,21.653333333333332,34.24366666666666,59.333,36.361999999999995,20.244333333333334,123.435,16.607,69.84466666666667,115.63233333333334,24.511333333333333,17.170333333333335,50.211,33.333,29.49,26.543333333333333,16.308666666666667,22.122666666666664,8.275333333333332,41.11666666666667,32.89333333333333,26.464333333333336,33.01033333333333,23.577333333333332,18.295666666666666,21.957333333333334,23.27,72.70533333333333,59.656666666666666,14.602666666666666,13.813666666666666,47.09333333333334,76.28500000000001,35.21066666666666,48.192,56.92633333333333,25.584999999999997,16.072333333333333,37.032666666666664,28.111666666666668,36.903666666666666,32.511633333333336
2020_5,25.906129032258065,19.98032258064516,18.772903225806452,66.47806451612904,17.353870967741937,36.038709677419355,12.090967741935483,56.579032258064515,104.15322580645162,31.273225806451613,13.736129032258065,22.92548387096774,8.09032258064516,47.79838709677419,24.00516129032258,68.9016129032258,97.80548387096773,17.029354838709676,29.971612903225807,78.14612903225807,21.825483870967744,39.115806451612904,13.11774193548387,24.603548387096776,65.2216129032258,37.65967741935484,66.75516129032258,87.8816129032258,57.14870967741936,13.179354838709678,7.236774193548388,184.77967741935484,52.067741935483866,41.03709677419355,45.79064516129032,4.539677419354838,28.756129032258066,51.122258064516124,52.763225806451615,37.58548387096774,56.08096774193548,63.78774193548387,40.83322580645161,46.80032258064516,59.25451612903226,44.35516129032258,75.14416129032259
2020_6,175.10833333333332,47.653000000000006,40.553999999999995,34.34533333333333,55.79066666666667,42.759,11.338666666666667,26.971333333333334,29.853333333333335,51.05566666666667,40.77133333333334,35.31633333333333,244.92633333333333,220.03366666666668,28.994333333333334,117.17733333333334,23.599666666666668,23.072,70.42533333333333,20.33566666666667,44.092333333333336,79.721,46.574,60.82000000000001,211.70600000000002,28.911,48.543,100.28166666666667,43.92833333333333,31.432333333333336,118.912,102.71266666666666,95.38466666666666,47.12533333333333,43.745999999999995,73.72266666666665,39.42866666666667,52.142,88.11533333333334,115.17399999999999,99.53999999999999,22.950333333333333,49.83133333333333,141.09966666666665,23.169333333333334,69.98166666666665,26.653866666666666
2020_7,558.0870967741936,243.20032258064515,209.38258064516128,267.9767741935484,199.2641935483871,180.79032258064515,127.33548387096775,77.26774193548388,152.8667741935484,363.9722580645161,100.56483870967743,166.34548387096774,161.64451612903227,123.86967741935484,224.44870967741934,375.2993548387097,98.75419354838711,246.89709677419353,230.0525806451613,99.7816129032258,150.57064516129032,254.7990322580645,291.0403225806452,234.50967741935486,302.55516129032253,268.3490322580645,123.72322580645161,197.05903225806452,108.05064516129033,271.9351612903226,269.8916129032258,185.07548387096776,218.96483870967742,158.0677419354839,110.81967741935483,269.05225806451614,182.2832258064516,204.8006451612903,389.6654838709677,186.8116129032258,592.1170967741936,147.7751612903226,303.828064516129,434.59225806451616,132.29677419354837,226.58774193548388,156.80474193548386
2020_8,131.91354838709677,139.00354838709677,260.6906451612903,226.81064516129032,137.23032258064518,146.85645161290324,434.246129032258,118.17258064516129,157.87387096774194,72.18548387096774,358.258064516129,107.79354838709678,236.5151612903226,199.47451612903225,108.1925806451613,133.67225806451614,241.50935483870967,91.22193548387096,214.33548387096772,155.61258064516127,170.32161290322583,298.4861290322581,41.85258064516129,109.48,122.49483870967742,102.86709677419356,245.17483870967743,178.9493548387097,126.17064516129032,552.4451612903225,49.87129032258064,84.23709677419355,356.823870967742,373.75774193548386,271.40161290322584,68.39,358.19870967741934,376.30709677419355,193.77451612903226,175.96387096774194,50.95161290322581,318.78935483870964,207.93774193548387,208.78645161290322,261.4893548387097,199.4774193548387,545.5378064516128
2020_9,169.321,114.20433333333334,89.59633333333333,98.47399999999999,268.50033333333334,94.74600000000001,98.46266666666666,107.20633333333333,85.25233333333334,159.72899999999998,55.50466666666667,66.119,68.18833333333333,52.701,79.03666666666666,195.98999999999998,32.675666666666665,117.09733333333334,371.33033333333333,174.25966666666667,99.83666666666666,53.39,82.92966666666666,109.18433333333333,448.62100000000004,142.48033333333333,95.07199999999999,59.08633333333333,58.498333333333335,61.797333333333334,40.39233333333333,154.35666666666665,63.282666666666664,258.02733333333333,158.28633333333335,48.12233333333334,65.21633333333334,282.1813333333333,175.46300000000002,147.53333333333333,50.348333333333336,232.9813333333333,79.25666666666666,36.11133333333333,285.08700000000005,128.57633333333334,296.6412
2020_10,50.01903225806451,21.028709677419354,136.6516129032258,18.600322580645162,31.999032258064517,19.364838709677418,32.83838709677419,29.066451612903226,38.700322580645164,31.78516129032258,23.557096774193546,24.825483870967744,42.3258064516129,23.499354838709678,27.360967741935486,27.595483870967744,24.45451612903226,49.72483870967742,17.629032258064516,129.51709677419356,93.42,20.523548387096774,17.17774193548387,41.27548387096774,21.075483870967744,24.126451612903224,28.221290322580646,17.999354838709678,112.70516129032258,19.91032258064516,38.39032258064516,24.529354838709676,35.07645161290322,58.655806451612904,18.787419354838708,72.44580645161291,40.56483870967742,26.311612903225804,17.325161290322583,37.92451612903226,85.5241935483871,22.83290322580645,22.03290322580645,29.83967741935484,39.23935483870968,39.25483870967742,17.734806451612904
2020_11,8.755333333333335,7.129333333333333,12.863,4.117666666666667,12.448333333333332,2.8483333333333336,25.21033333333333,11.68,2.984666666666667,20.059,6.1113333333333335,45.73566666666667,5.036333333333333,3.194666666666667,5.286333333333333,19.791666666666668,39.082,2.320333333333333,11.796333333333333,9.626666666666667,4.195333333333333,20.945,3.832333333333333,64.833,21.832333333333334,4.770666666666667,11.798,20.81,18.605666666666664,4.860666666666666,10.077,27.51033333333333,21.238666666666667,6.435333333333333,10.143666666666666,2.786,2.3926666666666665,40.463,13.531333333333333,16.817666666666664,30.397,2.3876666666666666,2.634,33.071333333333335,6.005,14.632666666666667,15.060433333333332
2020_12,5.650967741935484,5.663225806451613,8.10032258064516,6.58225806451613,8.815806451612904,9.521290322580645,6.853870967741935,5.693548387096774,6.898387096774194,9.862903225806452,11.473225806451614,10.426129032258064,14.153548387096773,9.576451612903226,7.018387096774194,5.6819354838709675,8.893225806451612,6.3751612903225805,9.603225806451613,5.837096774193548,6.510645161290322,5.65,6.078709677419355,5.6896774193548385,6.022258064516129,7.663870967741936,8.463548387096774,5.71225806451613,6.872903225806452,5.71,6.121612903225807,11.52290322580645,6.9799999999999995,5.716774193548387,6.680645161290323,5.655483870967742,9.518064516129032,5.836451612903226,10.345161290322581,5.554516129032258,5.696451612903226,5.646129032258065,7.414516129032258,8.17290322580645,7.139354838709677,7.444516129032258,5.691258064516129
