time,leadtime,sc_0,sc_1,sc_2,sc_3,sc_4,sc_5,sc_6,sc_7,sc_8,sc_9,sc_10,sc_11,sc_12,sc_13,sc_14,sc_15,sc_16,sc_17,sc_18,sc_19,sc_20,sc_21,sc_22,sc_23,sc_24,mean,obs
2015-11-01,1,0.12,0.22,0.6,0.0,0.02,0.12,0.23,0.51,0.79,0.12,0.0,0.0,0.6,0.24,0.59,0.35,0.33,1.41,0.35,0.35,1.1,0.79,0.44,0.14,0.09,0.38,0.0
2015-11-02,1,0.0,0.04000000000000001,0.45000000000000007,0.0,0.009999999999999998,0.0,0.05000000000000002,0.0,0.0,0.0,0.0,0.0,0.0,0.020000000000000018,0.0,0.0,0.019999999999999962,0.0,0.0,0.0,0.08999999999999986,0.0,0.0,0.0,0.0,0.03,0.0
2015-11-03,1,0.0,0.0,0.0,0.0,0.0,0.0,0.0,0.0,0.0,0.0,0.0,0.0,0.0,0.0,0.0,0.0,0.0,0.0,0.0,0.0,0.0,0.0,0.0,0.0,0.0,0.0,0.0
2015-11-04,1,0.020000000000000018,0.0,0.0,0.0,0.0,0.0,0.0,0.0,0.029999999999999916,0.0,0.0,0.0,0.0,0.8300000000000001,0.0,0.0,0.0,0.0,0.0,0.0,0.0,0.020000000000000018,0.0,1.04,0.0,0.08,0.0
2015-11-05,1,0.57,0.0,0.5,0.74,0.16,0.11000000000000001,0.13999999999999996,0.06999999999999995,0.9500000000000001,0.03,0.53,0.01,0.25,0.020000000000000018,0.15000000000000002,0.14,0.37,0.27,0.21000000000000008,0.25,0.020000000000000018,3.5500000000000003,0.29,8.83,0.13,0.73,0.0
2015-11-06,1,9.829999999999998,19.58,3.26,4.81,2.5,3.22,24.34,4.35,51.48,4.109999999999999,1.29,1.1199999999999999,0.6900000000000001,18.29,0.8300000000000001,0.6599999999999999,4.9,10.75,3.97,0.6900000000000001,18.61,45.09,0.12,60.01,0.15,11.79,2.94
2015-11-07,1,8.66,35.19,35.15,40.0,7.950000000000001,0.6200000000000001,17.529999999999998,4.5600000000000005,5.210000000000001,2.88,22.79,19.62,20.26,0.610000000000003,6.6,0.6900000000000002,21.48,11.629999999999999,32.07,35.15,18.159999999999997,2.6299999999999955,15.790000000000001,8.89,7.87,15.28,26.28
2015-11-08,1,3.91,0.519999999999996,1.5499999999999972,14.190000000000005,0.09999999999999964,1.12,19.810000000000002,0.3699999999999992,8.589999999999996,0.5300000000000002,7.399999999999999,23.15,1.5599999999999987,0.5499999999999972,0.8499999999999996,8.85,10.18,0.870000000000001,11.979999999999997,6.020000000000003,4.090000000000003,1.0900000000000034,5.009999999999998,3.740000000000009,10.26,5.85,18.07
2015-11-09,1,0.6900000000000013,0.04000000000000625,0.20000000000000284,4.979999999999997,0.6999999999999993,2.579999999999999,8.009999999999998,0.2599999999999998,0.13000000000000966,0.34999999999999964,4.410000000000004,0.3400000000000034,1.6000000000000014,1.860000000000003,0.45000000000000107,6.529999999999999,0.5700000000000003,7.719999999999999,0.4299999999999997,0.5700000000000003,4.619999999999997,0.19999999999999574,0.5200000000000031,0.4899999999999949,0.3500000000000014,1.94,8.04
2015-11-10,1,0.23000000000000043,0.0,0.759999999999998,7.760000000000005,0.030000000000001137,0.370000000000001,2.0400000000000063,0.39000000000000057,0.06999999999999318,0.120000000000001,0.18999999999999773,0.05999999999999517,0.259999999999998,0.46999999999999886,0.02999999999999936,0.9800000000000004,0.01999999999999602,1.0300000000000011,0.05000000000000426,0.4399999999999977,0.6500000000000057,0.0,0.36999999999999744,0.7999999999999972,0.3200000000000003,0.7,1.23
2015-11-11,1,0.8200000000000003,0.06999999999999318,28.680000000000007,3.719999999999999,0.009999999999999787,0.2400000000000002,0.37999999999999545,0.14000000000000057,0.0,0.03999999999999915,1.1899999999999977,0.030000000000001137,0.019999999999999574,0.0,0.0,0.0,0.09000000000000341,1.8400000000000034,0.00999999999999801,0.09000000000000341,0.03999999999999915,0.010000000000005116,0.0,1.2000000000000028,23.129999999999995,2.47,0.41
2015-11-12,1,0.4399999999999977,0.47000000000000597,27.799999999999997,0.03999999999999204,0.009999999999999787,6.4399999999999995,0.14000000000000057,2.67,0.04000000000000625,0.9399999999999995,0.030000000000001137,0.0,0.07000000000000028,0.0,0.0600000000000005,0.0,0.21000000000000085,0.9299999999999997,2.4399999999999977,0.0,0.17999999999999972,15.600000000000001,2.4800000000000004,0.030000000000001137,4.240000000000002,2.61,0.04
2015-11-13,1,41.279999999999994,12.18,0.14000000000000057,0.05000000000001137,0.0,1.2699999999999996,0.0799999999999983,25.85,0.0799999999999983,0.41000000000000014,0.0,0.030000000000001137,0.08000000000000185,0.030000000000001137,0.08000000000000007,0.019999999999999574,1.6400000000000006,0.00999999999999801,43.949999999999996,0.9799999999999969,2.1099999999999994,7.509999999999991,0.19000000000000128,0.010000000000005116,0.0,5.52,23.55
2015-11-14,1,3.760000000000005,0.06999999999999318,0.09000000000000341,0.0,46.739999999999995,1.75,0.060000000000002274,0.4200000000000017,0.0,0.0,0.0,1.4200000000000017,0.28999999999999915,0.00999999999999801,0.0,0.19000000000000128,1.7299999999999969,0.030000000000001137,14.02000000000001,0.240000000000002,7.769999999999996,5.6200000000000045,20.25,13.069999999999993,0.1700000000000017,4.71,10.91
2015-11-15,1,0.0,0.0,0.04999999999999716,0.009999999999990905,14.080000000000005,0.0,0.269999999999996,0.8099999999999952,13.599999999999994,0.0,0.2700000000000031,0.030000000000001137,33.59,0.129999999999999,0.049999999999998934,3.1900000000000013,0.03999999999999915,0.8900000000000006,2.030000000000001,0.00999999999999801,4.330000000000005,3.3799999999999955,32.339999999999996,63.55000000000001,0.0,6.91,0.11
2015-11-16,1,3.180000000000007,0.0,2.3799999999999955,0.010000000000005116,5.659999999999997,0.8599999999999994,7.040000000000006,2.440000000000005,0.7999999999999972,0.0,0.18999999999999773,0.0,3.9299999999999997,0.0,0.6600000000000001,18.53,19.58,0.14999999999999858,0.009999999999990905,1.5,0.02999999999999403,0.38000000000000966,1.960000000000008,4.6699999999999875,0.0,2.96,9.37
2015-11-17,1,1.3900000000000006,0.020000000000010232,0.04999999999999716,9.569999999999993,1.4200000000000017,0.019999999999999574,0.0,9.18,2.1200000000000045,2.2200000000000006,0.0,0.030000000000001137,1.5,0.33000000000000185,0.22000000000000064,0.779999999999994,11.290000000000006,0.01999999999999602,0.0,13.770000000000003,0.0,0.0,0.01999999999999602,0.15000000000000568,0.38000000000000256,2.18,0.17
2015-11-18,1,0.3299999999999983,1.1199999999999903,0.04000000000000625,28.060000000000002,0.04999999999999716,0.0,2.1999999999999886,1.5599999999999952,0.0,0.0,0.0,0.03999999999999915,1.7199999999999989,0.4399999999999977,0.0,13.64,2.3400000000000034,0.8300000000000054,0.8100000000000023,0.0899999999999963,2.3400000000000034,0.0,0.0,0.09999999999999432,0.0899999999999963,2.23,5.15
2015-11-19,1,1.1499999999999915,25.590000000000003,0.0,40.25999999999999,0.0,0.0,3.2900000000000063,2.3700000000000045,0.0,0.0,0.0,0.8499999999999943,0.01999999999999602,0.0,0.02999999999999936,2.520000000000003,1.9199999999999875,10.89,41.510000000000005,1.5,0.0,0.0,3.3700000000000045,0.12000000000000455,2.4200000000000017,5.51,1.14
2015-11-20,1,7.969999999999999,4.579999999999998,4.269999999999996,1.3500000000000227,2.0,8.190000000000001,0.0,0.00999999999999801,10.519999999999996,0.0,0.0,0.010000000000005116,0.0,0.6600000000000001,2.040000000000001,0.0,0.0,8.93,1.549999999999983,4.18,0.0,0.01999999999999602,2.1199999999999903,1.7299999999999898,0.0,2.41,0.33
2015-11-21,1,0.0,2.299999999999997,25.22,0.539999999999992,0.10999999999999943,0.28000000000000114,0.060000000000002274,0.00999999999999801,1.1200000000000045,0.02999999999999936,13.509999999999998,0.01999999999999602,1.5700000000000074,0.0,0.0,0.0,1.3800000000000097,0.03999999999999915,0.0,0.0,0.1599999999999966,0.0,12.189999999999998,0.45000000000001705,0.04999999999999716,2.36,0.0
2015-11-22,1,0.020000000000010232,0.0,1.170000000000016,2.009999999999991,1.2199999999999989,0.05999999999999872,0.03999999999999204,0.7199999999999989,0.01999999999999602,0.040000000000000924,2.240000000000002,0.0,7.049999999999997,0.0,0.0,0.9299999999999997,14.659999999999997,3.6799999999999997,0.010000000000019327,2.6599999999999966,0.37000000000000455,0.010000000000005116,0.05000000000001137,0.0,0.480000000000004,1.5,3.93
2015-11-23,1,18.00999999999999,0.0,13.609999999999985,0.28999999999999204,0.030000000000001137,0.0,0.09000000000000341,0.14000000000000057,0.01999999999999602,0.0,0.020000000000003126,3.030000000000001,0.3199999999999932,3.6700000000000017,0.9900000000000002,0.4099999999999966,24.980000000000004,14.760000000000005,5.430000000000007,9.41000000000001,0.010000000000005116,0.19999999999998863,2.539999999999992,0.01999999999998181,0.0,3.92,8.54
2015-11-24,1,3.6400000000000006,0.46000000000000796,0.4099999999999966,8.310000000000002,0.01999999999999602,0.0,0.0,0.980000000000004,0.010000000000005116,0.29999999999999893,1.1599999999999966,1.1700000000000017,2.469999999999999,0.4800000000000004,0.019999999999999574,0.0,0.7199999999999989,0.0,36.95999999999998,12.709999999999994,0.0,0.0,0.7900000000000063,0.46999999999999886,2.1899999999999977,2.93,0.76
2015-11-25,1,0.4000000000000057,0.0,0.0,6.52000000000001,0.0,0.08999999999999986,0.7800000000000011,3.3900000000000006,0.6299999999999955,0.33000000000000007,0.020000000000003126,1.4200000000000017,1.2600000000000051,0.0,0.07000000000000028,0.0,0.009999999999990905,0.2799999999999869,2.75,0.46999999999999886,0.9899999999999949,0.8500000000000085,0.0,56.45000000000002,18.229999999999997,3.8,8.52
2015-11-26,1,0.1799999999999926,0.04999999999999716,0.0,1.9499999999999886,30.930000000000007,1.0899999999999999,0.18999999999999773,2.9399999999999977,27.440000000000012,0.6900000000000013,0.030000000000001137,1.1199999999999974,0.0,2.280000000000001,0.8499999999999996,0.0,0.0,12.88000000000001,10.420000000000016,1.3500000000000085,8.370000000000005,21.36,0.09000000000000341,13.319999999999993,2.0799999999999983,5.58,0.12
2015-11-27,1,0.0,0.6500000000000057,0.0,0.0,2.739999999999995,0.0,0.0,0.0,1.1999999999999886,0.10999999999999943,5.32,1.6899999999999977,0.0,0.8599999999999994,2.25,5.680000000000007,0.18000000000000682,7.179999999999993,0.10999999999998522,24.189999999999998,0.04999999999999716,0.8999999999999915,0.05999999999998806,0.060000000000002274,0.0,2.13,0.03
2015-11-28,1,0.0,1.5,0.18000000000000682,9.370000000000005,0.0,0.0,6.760000000000005,0.06999999999999318,0.04000000000000625,0.0,0.21999999999999886,0.9500000000000028,0.28000000000000114,0.8900000000000006,0.14000000000000057,8.11999999999999,0.09999999999999432,0.07000000000000739,0.0,0.060000000000002274,0.1599999999999966,0.0,0.010000000000005116,0.0,0.6600000000000108,1.18,0.0
2015-11-29,1,5.300000000000011,0.0799999999999983,0.47999999999998977,0.3200000000000216,1.8800000000000097,0.14000000000000057,12.599999999999994,15.070000000000007,0.8100000000000023,0.0,0.0799999999999983,0.14000000000000057,0.75,0.0,0.029999999999997584,1.480000000000004,0.5700000000000074,19.810000000000002,0.15000000000000568,0.0,0.980000000000004,17.560000000000002,0.030000000000001137,4.079999999999984,1.779999999999987,3.36,3.0
2015-11-30,1,5.599999999999994,1.1400000000000006,0.020000000000010232,0.0,0.0,7.68,3.680000000000007,0.0,0.519999999999996,0.019999999999999574,0.0,0.030000000000001137,2.9599999999999937,0.5700000000000003,0.0,0.3500000000000085,0.8400000000000034,0.0,0.0,0.0,0.01999999999999602,0.21000000000000796,0.37999999999999545,0.09000000000000341,0.4700000000000131,0.98,0.51
2015-12-01,2,1.0300000000000011,0.0,0.2599999999999909,2.119999999999976,0.0,52.269999999999996,0.539999999999992,0.0,6.550000000000011,0.0,0.04999999999999716,0.0,1.8599999999999994,0.19999999999999574,0.0,0.04999999999999716,0.0,1.8799999999999955,26.460000000000008,0.0,0.0,0.0,0.09000000000000341,0.0,1.289999999999992,3.79,0.3
2015-12-02,2,0.5100000000000051,0.0899999999999892,0.8499999999999943,0.020000000000010232,0.0799999999999983,0.0,0.5700000000000074,1.8799999999999955,0.01999999999998181,0.0,0.030000000000001137,0.9499999999999957,3.8800000000000097,0.6500000000000057,10.220000000000002,0.0,0.1599999999999966,0.0,5.0,0.0,0.0,0.0,1.4099999999999966,7.930000000000007,13.579999999999998,1.91,14.92
2015-12-03,2,0.7399999999999949,0.7600000000000051,0.0,0.0,5.780000000000001,0.0,0.25,0.0,0.0,2.290000000000001,0.0,0.9400000000000048,8.840000000000003,0.04999999999999716,0.0,1.5999999999999943,2.4299999999999926,0.03999999999999204,1.4300000000000068,0.0,0.8700000000000045,0.01999999999999602,0.0,0.06999999999999318,0.6500000000000057,1.07,0.83
2015-12-04,2,0.09000000000000341,0.37999999999999545,0.0,0.0,21.809999999999988,0.010000000000005116,0.010000000000005116,0.0,0.14000000000001478,0.10999999999999943,18.299999999999997,0.0,1.9099999999999966,7.289999999999999,0.14999999999999858,11.870000000000005,0.2600000000000051,0.0,0.5199999999999818,0.8799999999999955,0.9099999999999966,1.0900000000000034,1.25,0.0,4.75,2.87,0.0
2015-12-05,2,0.0,0.6300000000000097,0.0,0.009999999999990905,0.46000000000000796,0.03999999999999204,2.2299999999999898,1.480000000000004,0.1599999999999966,0.22000000000000064,0.14000000000000057,0.0,6.859999999999999,3.0799999999999983,1.0899999999999999,0.01999999999999602,0.0,0.0,0.12000000000000455,0.0,6.609999999999999,0.020000000000010232,0.4200000000000017,0.060000000000002274,3.5900000000000034,1.09,0.07
2015-12-06,2,0.009999999999990905,1.6199999999999903,0.040000000000020464,0.0,0.0800000000000125,0.0,0.1599999999999966,0.0,0.07999999999998408,1.0599999999999987,0.020000000000010232,0.0,0.23000000000000398,0.020000000000003126,0.07000000000000028,7.1000000000000085,0.4399999999999977,0.05000000000001137,0.030000000000001137,1.4500000000000028,22.25,0.0,0.010000000000005116,0.6400000000000148,24.03,2.38,0.0
2015-12-07,2,0.10000000000000853,0.010000000000005116,0.0,0.4099999999999966,0.0,0.030000000000001137,0.23000000000000398,0.010000000000005116,0.6100000000000136,2.0700000000000003,1.9199999999999875,0.0,0.0,0.6400000000000006,0.07000000000000028,0.06999999999999318,6.75,0.030000000000001137,3.1399999999999864,0.01999999999999602,38.10000000000001,0.01999999999998181,0.3100000000000023,0.0,6.6299999999999955,2.45,0.03
2015-12-08,2,0.1599999999999966,0.0,0.0,0.910000000000025,0.0,0.0,0.0,0.03999999999999204,0.0,0.14000000000000057,0.14000000000000057,0.45999999999999375,0.029999999999986926,2.3799999999999955,0.17999999999999972,0.030000000000001137,0.0,0.0,6.170000000000016,0.04999999999999716,0.060000000000002274,0.030000000000001137,0.05999999999998806,0.030000000000001137,0.0,0.43,0.0
2015-12-09,2,0.010000000000005116,0.0,1.8799999999999955,0.7399999999999807,2.1999999999999886,0.0,2.8800000000000097,0.010000000000005116,0.0,0.26000000000000156,4.930000000000007,5.130000000000003,2.6000000000000085,0.0,1.0199999999999996,0.0,0.0,0.4199999999999875,0.3199999999999932,1.3400000000000034,0.9099999999999966,0.0,0.04000000000000625,0.1599999999999966,0.020000000000010232,0.99,0.0
2015-12-10,2,0.0,3.3700000000000045,0.37000000000000455,26.840000000000003,0.09999999999999432,0.0,22.28,0.0,8.039999999999992,0.31999999999999673,4.189999999999998,0.0,0.09999999999999432,0.0,0.0,0.0,0.25,1.5500000000000114,0.0,0.010000000000005116,2.359999999999985,0.0,0.12999999999999545,0.04999999999998295,0.0,2.8,2.61
2015-12-11,2,3.4099999999999966,3.759999999999991,0.0,0.75,0.0,0.0,0.15000000000000568,0.0,0.5400000000000205,0.0,0.01999999999999602,0.0,0.0,0.0,0.4200000000000017,4.049999999999997,0.5600000000000023,0.03999999999999204,0.0,0.0,1.1599999999999966,0.0,0.0,1.1000000000000227,0.030000000000001137,0.64,1.05
2015-12-12,2,0.28999999999999204,0.1600000000000108,0.0,0.7199999999999989,0.7199999999999989,0.4100000000000108,0.0,0.0,0.01999999999998181,2.990000000000002,0.12000000000000455,0.36999999999999744,7.52000000000001,0.0,0.14000000000000057,1.210000000000008,2.280000000000001,0.10999999999999943,0.0,11.949999999999989,2.3200000000000216,0.05000000000001137,0.020000000000010232,0.0,3.579999999999984,1.4,0.0
2015-12-13,2,2.6500000000000057,0.01999999999999602,0.0,3.0999999999999943,0.9099999999999966,0.22999999999998977,0.0,0.0,0.0,0.0,0.20999999999999375,2.9200000000000017,5.409999999999997,1.1600000000000037,0.17999999999999972,0.06999999999999318,8.72999999999999,0.7000000000000028,0.0,1.9399999999999977,1.7299999999999898,0.0,0.1699999999999875,0.3100000000000023,0.1599999999999966,1.22,0.0
2015-12-14,2,0.46999999999999886,0.10999999999999943,0.009999999999990905,1.0100000000000193,0.0,0.27000000000001023,0.08999999999997499,0.0,-0.01999999999998181,0.0,0.0,8.0,0.0,1.5899999999999963,0.0,0.37999999999999545,1.8400000000000034,0.0,0.060000000000002274,5.5800000000000125,0.3199999999999932,0.23999999999998067,0.0,0.0,1.0500000000000114,0.84,2.71
2015-12-15,2,2.4399999999999977,2.5600000000000023,0.0,0.1799999999999784,0.0,0.04999999999999716,0.12000000000000455,0.5999999999999943,0.0,3.129999999999999,0.0,4.900000000000006,2.9099999999999966,2.7900000000000063,0.0,0.0,0.0,0.0,0.12000000000000455,0.6899999999999977,0.7300000000000182,2.3000000000000114,0.0,0.0,0.9000000000000057,0.98,0.41
2015-12-16,2,24.03,0.5900000000000034,0.0,0.6700000000000159,0.040000000000020464,0.0,1.8700000000000045,0.5300000000000011,0.0,0.17999999999999972,0.0,0.4899999999999949,16.28,1.2999999999999972,4.439999999999998,0.0,0.21000000000000796,0.0,3.5200000000000102,0.5999999999999943,13.119999999999976,0.8400000000000034,0.0,0.08999999999997499,0.0,2.75,0.0
2015-12-17,2,0.0,0.22999999999998977,0.0,19.24000000000001,1.2099999999999795,0.7000000000000028,0.0,0.8900000000000006,0.8299999999999841,1.6500000000000021,0.37000000000000455,0.9099999999999966,7.780000000000001,1.0600000000000023,0.09000000000000341,0.0,2.539999999999992,4.719999999999999,22.620000000000005,0.0,0.0,10.549999999999983,1.1000000000000085,0.0,0.0,3.06,0.0
2015-12-18,2,0.4000000000000057,1.490000000000009,0.7299999999999898,7.639999999999986,0.020000000000010232,1.7299999999999898,0.0,0.010000000000005116,2.4099999999999966,1.4899999999999984,0.0,0.07000000000000739,2.289999999999992,0.0,0.0,0.5100000000000051,23.28,2.960000000000008,0.12000000000000455,0.09000000000000341,1.3000000000000114,0.13000000000002387,0.28000000000000114,0.0,0.0,1.88,0.0
2015-12-19,2,0.0,0.10999999999999943,28.060000000000002,1.2700000000000102,0.0,17.14,3.1599999999999966,0.09999999999999432,0.27000000000001023,0.9499999999999993,0.5300000000000011,0.009999999999990905,0.0,0.0,0.6199999999999974,0.4399999999999977,38.08000000000001,0.0,0.01999999999998181,2.280000000000001,0.21999999999999886,0.6499999999999773,0.060000000000002274,0.0,0.08999999999997499,3.76,0.0
2015-12-20,2,0.0,0.0,3.8700000000000045,0.20999999999997954,0.0,3.710000000000008,0.020000000000010232,0.0,0.1599999999999966,3.2500000000000036,0.23000000000000398,1.690000000000012,0.0,0.0,0.9299999999999997,0.07000000000000739,0.37000000000000455,0.15000000000000568,0.0,0.0,0.539999999999992,1.920000000000016,0.03999999999999204,0.0,0.040000000000020464,0.69,0.07
2015-12-21,2,0.09000000000000341,0.0,0.05000000000001137,0.0,1.5699999999999932,0.04999999999999716,0.04999999999998295,0.0,0.0,0.39000000000000057,0.9299999999999926,1.4099999999999966,0.0,4.449999999999996,0.030000000000001137,0.0,0.0,0.0,0.12000000000000455,0.0,3.75,2.5999999999999943,0.04999999999999716,0.6100000000000136,0.549999999999983,0.67,0.31
2015-12-22,2,3.0,0.0,0.0,0.020000000000010232,0.010000000000019327,0.0,0.020000000000010232,0.0,0.3199999999999932,8.909999999999997,5.549999999999997,1.6799999999999926,0.0,2.8200000000000003,0.6400000000000006,0.0,0.0,0.0,0.6499999999999773,0.0,0.020000000000010232,6.449999999999989,6.910000000000011,1.3199999999999932,4.640000000000015,1.72,0.03
2015-12-23,2,1.75,0.009999999999990905,1.4099999999999966,0.0,0.18999999999999773,0.0,1.7199999999999989,0.37000000000000455,0.45000000000001705,0.8100000000000023,0.45000000000000284,0.75,0.0,0.0799999999999983,0.0,0.14000000000000057,0.0,10.259999999999991,0.0,0.0,0.009999999999990905,0.21000000000000796,0.0,0.20999999999997954,0.01999999999998181,0.75,1.52
2015-12-24,2,0.18999999999999773,0.20000000000000284,19.680000000000007,0.7199999999999989,3.789999999999992,11.370000000000005,0.009999999999990905,1.3599999999999994,0.11999999999997613,0.1599999999999966,0.030000000000001137,0.8900000000000006,0.0,0.8599999999999994,1.4499999999999957,0.47999999999998977,0.11999999999997613,2.079999999999984,0.0,0.539999999999992,0.0,0.0,1.6199999999999903,0.0,0.0,1.83,0.0
2015-12-25,2,0.0,5.030000000000001,0.3699999999999761,0.8000000000000114,0.12000000000000455,0.20999999999999375,0.7600000000000193,0.0,0.14000000000001478,0.21000000000000085,0.01999999999999602,0.480000000000004,0.010000000000019327,0.0,0.28000000000000114,0.13000000000000966,0.0,1.0200000000000102,0.0,0.09999999999999432,3.8300000000000125,0.2400000000000091,0.030000000000001137,0.0,0.10000000000002274,0.56,0.0
2015-12-26,2,0.060000000000002274,22.94999999999999,5.230000000000018,0.0,2.7299999999999898,0.0,0.5099999999999909,1.2099999999999937,0.0,0.14999999999999858,0.0,0.0,0.0,0.0,0.0,0.20999999999999375,0.0,0.0,0.3300000000000409,0.040000000000020464,0.5799999999999841,1.5300000000000011,0.020000000000010232,0.0,0.3400000000000034,1.44,0.13
2015-12-27,2,0.0,2.1000000000000227,0.46000000000000796,0.1699999999999875,0.0,2.9200000000000017,9.539999999999992,1.0799999999999983,0.0,0.6900000000000048,2.240000000000009,0.0799999999999983,0.0,0.0,0.0,0.0,0.37000000000000455,0.009999999999990905,0.17999999999994998,3.819999999999993,0.040000000000020464,0.710000000000008,0.01999999999999602,0.3800000000000523,9.579999999999984,1.38,0.0
2015-12-28,2,0.0,0.19999999999998863,0.0,8.359999999999985,0.5800000000000125,1.3299999999999983,22.200000000000017,0.2600000000000051,0.0,23.519999999999996,37.94,6.730000000000004,0.10999999999998522,0.19000000000000483,0.03999999999999915,1.2800000000000011,0.7600000000000193,0.6400000000000148,1.8000000000000114,0.6500000000000057,0.3299999999999841,0.3499999999999943,0.04999999999999716,0.029999999999972715,0.28999999999999204,4.31,0.0
2015-12-29,2,0.009999999999990905,0.1599999999999966,0.9299999999999784,0.0,0.0,0.21000000000000796,1.049999999999983,0.0,0.03999999999999204,0.710000000000008,0.38999999999998636,2.9599999999999937,0.0,0.01999999999999602,1.470000000000006,0.0,0.030000000000001137,0.3499999999999943,0.0,0.5300000000000011,0.020000000000010232,1.6899999999999977,2.8700000000000045,0.4900000000000091,0.030000000000001137,0.56,0.03
2015-12-30,2,0.020000000000010232,0.020000000000010232,3.240000000000009,0.06999999999999318,0.0,0.01999999999998181,3.710000000000008,0.0,0.6400000000000148,0.789999999999992,0.0800000000000125,0.05000000000001137,0.06999999999999318,1.9400000000000048,3.0799999999999983,0.0,0.05999999999997385,0.28999999999999204,0.0,0.14999999999997726,0.030000000000001137,0.03999999999999204,0.39000000000000057,3.3899999999999864,0.0,0.72,0.33
2015-12-31,2,0.0,0.0,0.05000000000001137,0.1300000000000523,0.0,0.0700000000000216,0.36000000000001364,0.1700000000000017,2.1299999999999955,0.23999999999999488,0.0,0.0,0.020000000000010232,0.0,-0.05000000000000426,10.86,0.0,0.0,0.009999999999990905,0.0,0.0,0.0,0.0,1.1499999999999773,0.0,0.61,0.03
2016-01-01,3,0.01999999999998181,0.0,0.0,0.5499999999999545,0.0,1.8799999999999955,0.04999999999998295,0.29999999999999716,0.06999999999999318,0.10000000000000853,0.0,0.6899999999999977,0.030000000000001137,0.0,1.6900000000000048,0.04999999999999716,0.0,0.9699999999999989,1.1299999999999955,0.8000000000000114,0.0,0.46000000000000796,0.06999999999999318,2.9500000000000455,0.0,0.47,0.0
2016-01-02,3,0.0,0.0,0.0,2.3000000000000114,0.04999999999998295,0.12000000000000455,0.06999999999999318,0.769999999999996,4.090000000000003,0.0,0.06999999999999318,0.4399999999999977,7.52000000000001,0.37000000000000455,0.0,0.09000000000000341,0.27000000000001023,0.3400000000000034,1.1300000000000523,0.0,0.0,4.349999999999994,0.6000000000000085,2.259999999999991,0.0800000000000125,1.0,0.02
2016-01-03,3,0.0,0.0,0.04999999999998295,0.0,0.0,0.0,33.20000000000002,0.6099999999999994,0.4399999999999977,0.01999999999999602,0.0,0.0,7.599999999999994,2.489999999999995,0.0,0.010000000000005116,0.0,0.030000000000001137,0.07999999999998408,1.1299999999999955,0.009999999999990905,0.009999999999990905,0.009999999999990905,0.0,0.06999999999999318,1.83,0.0
2016-01-04,3,0.4900000000000091,1.3599999999999852,7.560000000000002,0.09000000000003183,0.0,0.4399999999999977,12.97999999999999,0.030000000000001137,0.0,0.3100000000000023,0.8799999999999955,0.060000000000002274,4.609999999999985,0.0,0.0,0.030000000000001137,0.0,2.0100000000000193,0.12999999999999545,0.05000000000001137,0.09000000000000341,0.10000000000002274,0.0,3.3100000000000023,1.0,1.42,0.0
2016-01-05,3,25.180000000000007,2.230000000000018,11.219999999999999,0.009999999999990905,0.0,0.8799999999999955,1.9099999999999966,2.530000000000001,0.009999999999990905,0.04000000000000625,0.18000000000000682,0.5600000000000023,2.480000000000018,0.0,0.9499999999999957,0.10999999999999943,0.37000000000000455,0.0,0.009999999999990905,0.21000000000000796,1.25,4.969999999999999,0.1599999999999966,0.0999999999999659,0.7199999999999989,2.24,0.0
2016-01-06,3,18.329999999999984,0.7199999999999989,0.5699999999999932,0.0,0.0,0.0,1.9099999999999966,9.150000000000006,0.0,2.1899999999999977,2.140000000000015,0.05999999999998806,0.11999999999997613,1.3100000000000023,0.9200000000000017,0.030000000000001137,0.0,0.08999999999997499,0.0,3.469999999999999,0.030000000000001137,0.01999999999998181,0.020000000000010232,0.09000000000003183,0.30000000000001137,1.66,0.0
2016-01-07,3,1.6400000000000148,0.01999999999998181,0.0,0.19999999999998863,0.06999999999999318,0.1599999999999966,0.7400000000000091,0.060000000000002274,3.7700000000000102,14.969999999999999,0.0,0.0,0.6000000000000227,0.06999999999999318,0.20000000000000284,3.759999999999991,0.4900000000000091,0.46000000000000796,0.0,4.399999999999977,0.0,0.0,0.06999999999999318,0.9900000000000091,0.3199999999999932,1.32,0.0
2016-01-08,3,3.1899999999999977,0.060000000000002274,0.0,0.7699999999999818,0.37000000000000455,0.0,0.0,2.9399999999999977,0.030000000000001137,0.5699999999999932,0.009999999999990905,0.05000000000001137,3.539999999999992,0.0,0.30999999999999517,3.0,0.01999999999998181,5.480000000000018,0.0,0.0800000000000125,0.0,0.0,0.12000000000000455,0.0,0.030000000000001137,0.82,0.0
2016-01-09,3,16.620000000000005,0.0,0.0,0.040000000000020464,1.0400000000000205,3.25,0.950000000000017,0.10999999999999943,0.9699999999999989,2.6200000000000045,5.180000000000007,0.25,0.03999999999999204,0.0,0.0800000000000054,0.12999999999999545,0.0,0.07999999999998408,0.06999999999999318,0.0,0.0,0.05000000000001137,0.0,0.12999999999999545,0.009999999999990905,1.26,0.0
2016-01-10,3,0.6299999999999955,0.0,0.05000000000001137,2.1899999999999977,1.9199999999999875,0.6800000000000068,0.38999999999998636,0.0,0.18000000000000682,2.6099999999999994,0.20999999999997954,0.04999999999999716,0.0,0.0,0.779999999999994,0.0,0.010000000000019327,0.03999999999999204,1.5500000000000114,0.020000000000010232,0.06999999999999318,0.01999999999998181,0.8799999999999955,0.0,0.010000000000019327,0.49,0.0
2016-01-11,3,0.0,1.2600000000000193,0.020000000000010232,6.8700000000000045,2.1200000000000045,0.0,0.0,0.04999999999999716,0.20999999999997954,0.030000000000001137,0.3300000000000125,0.0,0.11000000000001364,0.030000000000001137,0.22000000000000597,0.0,0.07999999999998408,0.020000000000010232,0.13999999999998636,0.009999999999990905,3.2600000000000193,0.010000000000019327,1.4200000000000017,0.0,0.009999999999990905,0.65,0.0
2016-01-12,3,0.0,8.609999999999985,0.06999999999999318,0.0,1.240000000000009,0.04999999999998295,0.21999999999999886,4.25,0.040000000000020464,1.8199999999999932,6.75,0.09000000000000341,2.1200000000000045,3.260000000000005,1.3499999999999943,0.030000000000001137,0.06999999999999318,3.0900000000000034,0.4700000000000273,0.03999999999999204,0.0,2.2399999999999807,0.04000000000000625,0.0,0.13999999999998636,1.44,0.03
2016-01-13,3,0.0,4.009999999999991,0.6500000000000057,0.0,0.3699999999999761,0.05000000000001137,3.3400000000000034,3.4399999999999977,0.0,0.30000000000001137,2.8400000000000034,0.13999999999998636,4.039999999999992,0.6299999999999955,0.010000000000005116,0.0,3.6200000000000045,25.939999999999998,0.339999999999975,0.030000000000001137,0.0,0.010000000000019327,0.0,0.11000000000001364,1.660000000000025,2.06,0.03
2016-01-14,3,0.21000000000000796,0.6500000000000057,0.7299999999999898,0.38999999999998636,0.0,0.0,0.009999999999990905,0.09000000000000341,0.09000000000000341,4.089999999999989,1.1099999999999852,0.0,0.12999999999999545,0.29999999999999716,0.28000000000000114,0.07000000000000739,7.140000000000015,4.039999999999992,0.01999999999998181,0.0,0.0,0.009999999999990905,0.0,0.38999999999998636,0.0,0.79,0.0
2016-01-15,3,0.0,0.05000000000001137,0.0,0.05000000000001137,1.2700000000000102,0.09000000000000341,0.05000000000001137,0.12000000000000455,1.2099999999999795,0.0,1.5200000000000102,2.490000000000009,0.0,0.13000000000000966,0.0,2.780000000000001,0.1799999999999784,0.12000000000000455,0.3100000000000023,0.0,0.9299999999999784,0.0,19.810000000000002,0.05000000000001137,0.0,1.25,0.0
2016-01-16,3,5.5,0.0,0.030000000000001137,0.08999999999997499,2.1299999999999955,8.139999999999986,1.3199999999999932,0.0,0.0,0.14000000000000057,0.28000000000000114,2.759999999999991,0.020000000000010232,0.5699999999999932,0.0,0.20999999999999375,0.0,0.30000000000001137,0.0,0.020000000000010232,9.129999999999995,2.6100000000000136,14.409999999999997,0.029999999999972715,0.0,1.91,0.0
2016-01-17,3,0.0,0.0,0.030000000000001137,0.160000000000025,0.020000000000010232,2.180000000000007,2.8600000000000136,1.6199999999999903,0.1599999999999966,0.0,0.0,0.0,7.5,0.5,0.1699999999999946,0.0,0.12000000000000455,0.18999999999999773,0.0,0.09000000000000341,11.430000000000007,3.5999999999999943,0.7199999999999989,0.45999999999997954,0.589999999999975,1.3,0.0
2016-01-18,3,2.6399999999999864,0.0,8.039999999999992,0.0,0.0,1.1500000000000057,0.25,0.060000000000002274,0.7900000000000205,0.0,0.0,0.020000000000010232,0.0,0.010000000000005116,0.0,0.0,3.6200000000000045,0.0,0.09000000000003183,7.449999999999989,0.14000000000001478,0.06999999999999318,0.0,0.9200000000000159,16.350000000000023,1.66,0.14
2016-01-19,3,0.0,0.0,2.469999999999999,0.0,0.0,0.22999999999998977,0.009999999999990905,0.0,0.0,1.0400000000000063,0.0,3.1599999999999966,0.0,0.0,0.0,0.0,4.1299999999999955,0.0,0.7900000000000205,0.05000000000001137,0.030000000000001137,0.0,0.06999999999999318,0.06999999999999318,0.01999999999998181,0.48,0.03
2016-01-20,3,0.0,0.3299999999999841,0.09000000000000341,0.0,0.09000000000000341,3.170000000000016,0.0,0.0,0.0,0.0,0.030000000000001137,0.0,0.0,0.0,0.0,2.719999999999999,0.0,1.0900000000000034,1.7399999999999523,-0.030000000000001137,0.0,0.0,0.0,0.0,0.0,0.37,0.0
2016-01-21,3,0.4900000000000091,0.14000000000001478,0.960000000000008,0.589999999999975,0.6699999999999875,0.0,1.5500000000000114,0.04999999999999716,0.0,0.0,36.68000000000001,0.7000000000000028,0.0,0.0,0.7100000000000009,1.5900000000000034,0.0,15.669999999999987,0.3300000000000409,1.4099999999999966,0.0,0.0,0.0,0.0,1.25,2.51,0.0
2016-01-22,3,0.0,0.09999999999999432,0.020000000000010232,0.06999999999999318,1.0900000000000034,0.0,0.0,0.19000000000001194,0.6699999999999875,0.04999999999999716,1.079999999999984,0.06999999999999318,0.25,0.0,0.46000000000000085,0.47999999999998977,0.05000000000001137,0.4399999999999977,0.009999999999990905,11.169999999999987,0.0,4.670000000000016,0.47999999999998977,3.8700000000000045,1.7800000000000011,1.08,0.03
2016-01-23,3,0.12000000000000455,0.1599999999999966,0.04999999999998295,0.27000000000003865,1.5500000000000114,0.0,0.04999999999998295,0.0,0.060000000000002274,0.0,0.0,0.0,0.0,0.6899999999999977,0.0,0.7700000000000102,8.5,10.180000000000007,0.0,7.430000000000007,0.06999999999999318,0.0,1.0800000000000125,11.850000000000023,0.05000000000001137,1.72,0.0
2016-01-24,3,1.259999999999991,0.6800000000000068,0.0,0.6899999999999977,0.6899999999999977,0.0,0.0,0.0,0.009999999999990905,0.0,0.0,5.609999999999999,0.04999999999998295,0.7000000000000028,0.240000000000002,0.0,7.75,5.030000000000001,1.3799999999999955,0.0,0.0,0.06999999999999318,2.3100000000000023,0.0,0.0,1.06,0.03
2016-01-25,3,0.009999999999990905,1.3599999999999852,0.12000000000000455,0.38999999999998636,0.0,1.0699999999999932,3.0800000000000125,0.01999999999999602,0.0700000000000216,0.0,0.010000000000019327,0.5400000000000063,0.0,0.0,0.0899999999999963,6.3300000000000125,1.329999999999984,2.759999999999991,2.480000000000018,0.3300000000000125,1.1299999999999955,1.6599999999999966,2.539999999999992,2.3799999999999955,24.99000000000001,2.11,0.0
2016-01-26,3,0.0,0.3800000000000239,0.0,0.0,0.009999999999990905,1.4499999999999886,0.5099999999999909,0.0,0.8599999999999852,0.9000000000000057,0.20999999999997954,0.5600000000000023,0.05000000000001137,0.0,0.4299999999999997,0.10999999999998522,0.0,0.4099999999999966,0.7099999999999795,0.08999999999997499,3.9099999999999966,0.5900000000000034,0.4000000000000057,0.2300000000000182,28.119999999999976,1.6,0.0
2016-01-27,3,2.5999999999999943,0.0,0.0,0.0,-0.009999999999990905,1.5300000000000011,0.1699999999999875,0.0,0.0,0.0,3.1500000000000057,0.10999999999999943,0.10999999999998522,0.0,0.19000000000000483,0.009999999999990905,0.0,0.05000000000001137,0.6999999999999886,0.30000000000001137,0.0,2.930000000000007,38.47,5.0,0.020000000000010232,2.21,0.0
2016-01-28,3,0.2400000000000091,0.009999999999990905,0.0,3.910000000000025,0.1699999999999875,0.0700000000000216,0.0700000000000216,0.6599999999999966,0.05000000000001137,0.04999999999999716,0.05000000000001137,2.969999999999999,0.12000000000000455,1.1199999999999903,0.0,0.0,5.730000000000018,0.12999999999999545,2.579999999999984,0.05000000000001137,0.0,0.11999999999997613,2.5600000000000023,0.0,0.0,0.83,1.13
2016-01-29,3,0.7700000000000102,0.0,0.0,0.0,0.15000000000000568,0.9699999999999989,0.07999999999998408,0.0,0.0,0.0,0.0,0.23999999999999488,0.06999999999999318,0.020000000000010232,0.8499999999999943,0.0,0.030000000000001137,0.21000000000000796,0.0,0.06999999999999318,0.05000000000001137,3.230000000000018,0.06999999999999318,0.5199999999999818,0.6299999999999955,0.32,1.09
2016-01-30,3,0.060000000000002274,0.03999999999999204,0.0,0.060000000000002274,0.18000000000000682,1.7399999999999807,0.0,0.0,0.19999999999998863,0.0,0.030000000000001137,0.0,0.18000000000000682,0.0,0.060000000000002274,0.0,5.149999999999977,0.0,4.460000000000036,0.030000000000001137,0.04999999999998295,67.9,0.11000000000001364,4.680000000000007,0.5500000000000114,3.42,0.06
2016-01-31,3,2.1599999999999966,0.0,0.0,0.0,0.06999999999999318,0.0,0.06999999999999318,2.1599999999999966,0.30000000000001137,0.0,0.0,0.0,1.6800000000000068,0.20999999999999375,0.1600000000000037,0.0,8.689999999999998,0.0,0.0,0.0,4.920000000000016,9.740000000000009,0.18999999999999773,4.810000000000002,0.0,1.41,0.0
2016-02-01,4,0.09999999999999432,4.800000000000011,0.0,2.099999999999966,0.12000000000000455,1.3000000000000114,1.2900000000000205,0.0,0.030000000000001137,0.20999999999999375,1.3700000000000045,7.939999999999998,3.9799999999999898,0.3100000000000023,0.0,0.7900000000000205,0.12999999999999545,4.269999999999982,0.0,12.47999999999999,5.960000000000008,0.22999999999996135,6.579999999999984,0.07999999999998408,0.7199999999999989,2.19,0.0
2016-02-02,4,0.009999999999990905,3.8499999999999943,0.27000000000001023,3.6200000000000045,0.0,0.6899999999999977,0.9499999999999886,0.0,6.549999999999983,0.1700000000000017,24.309999999999974,29.16000000000001,0.6899999999999977,0.0,20.039999999999992,0.12000000000000455,0.010000000000047748,2.6500000000000057,0.0,0.0,0.07999999999998408,0.5,0.8600000000000136,0.0,2.530000000000001,3.88,0.0
2016-02-03,4,0.11000000000001364,0.18999999999999773,0.0,0.040000000000020464,0.0,0.0,0.539999999999992,0.10999999999999943,2.7600000000000193,0.0,24.54000000000002,26.329999999999984,0.5900000000000034,0.0,11.940000000000012,0.0,0.0,0.0,0.12000000000000455,0.0,0.18999999999999773,0.0,0.47999999999998977,0.0,0.6099999999999852,2.74,0.0
2016-02-04,4,2.789999999999992,1.3000000000000114,0.0,0.0,8.0,0.0,0.0,0.0,0.0,0.710000000000008,4.6299999999999955,1.75,9.530000000000001,0.18999999999999773,4.889999999999986,0.0,0.06999999999999318,0.0,4.229999999999961,0.12000000000000455,2.469999999999999,0.0,30.560000000000002,0.0,0.5200000000000102,2.87,0.03
2016-02-05,4,0.0,0.13999999999998636,0.0,0.0,0.5199999999999818,0.0,0.19000000000002615,0.8300000000000125,12.049999999999983,0.14000000000000057,0.0,0.0,3.8700000000000045,10.030000000000001,0.3500000000000085,0.5300000000000011,0.0,4.420000000000016,1.8199999999999932,0.0,0.18999999999999773,0.0,7.810000000000002,0.20999999999997954,0.0,1.72,0.0
2016-02-06,4,0.0,0.0,13.860000000000014,0.5500000000000114,0.12000000000000455,4.780000000000001,1.8799999999999955,0.0,0.30000000000001137,0.1599999999999966,0.0,0.0,0.0,0.010000000000005116,0.030000000000001137,1.1899999999999977,0.0,0.0,0.0,0.5600000000000023,0.12000000000000455,0.040000000000020464,0.0,0.0,1.1099999999999852,0.99,0.14
2016-02-07,4,0.6500000000000057,0.12000000000000455,14.869999999999948,0.8199999999999932,0.0,0.9900000000000091,0.37000000000000455,0.04999999999999716,0.0,0.06999999999999318,0.0,1.460000000000008,0.14000000000001478,3.809999999999988,0.20999999999999375,0.030000000000001137,0.0,1.6599999999999966,0.7100000000000364,21.189999999999998,0.009999999999990905,0.009999999999990905,0.17000000000001592,0.0,0.46000000000000796,1.91,0.07
2016-02-08,4,0.0,0.5300000000000011,0.4000000000000341,0.0,0.0,0.0,0.0,0.06999999999999318,1.5300000000000011,3.1000000000000085,0.0,5.610000000000014,2.9399999999999977,0.12000000000000455,6.840000000000003,0.1599999999999966,0.0,16.69999999999999,0.05000000000001137,1.0600000000000023,0.0,0.009999999999990905,0.0,5.230000000000018,4.090000000000003,1.94,0.95
2016-02-09,4,0.0,0.0,0.05000000000001137,4.669999999999959,0.0,0.5599999999999739,0.0,0.0799999999999983,0.0,0.10999999999999943,2.5500000000000114,18.829999999999984,1.1499999999999773,0.5100000000000051,0.7099999999999937,0.3400000000000034,5.699999999999989,0.18000000000000682,0.01999999999998181,0.030000000000001137,0.12000000000000455,0.06999999999999318,1.289999999999992,0.9800000000000182,0.46999999999999886,1.54,0.93
2016-02-10,4,0.0,0.8300000000000125,0.19999999999998863,4.7000000000000455,1.0600000000000023,0.410000000000025,0.06999999999999318,0.0,0.0,10.420000000000002,10.539999999999964,1.8199999999999932,1.5600000000000023,0.10999999999999943,0.10999999999999943,2.4899999999999807,1.4099999999999682,0.0,0.4300000000000068,0.009999999999990905,0.0,1.9399999999999977,0.6500000000000057,0.22999999999996135,0.020000000000010232,1.56,0.05
2016-02-11,4,0.0,0.30999999999997385,0.040000000000020464,0.0,0.4800000000000182,0.0,0.0,0.0,0.0,0.9099999999999966,19.379999999999995,0.0,0.010000000000019327,8.299999999999997,0.0,1.3600000000000136,0.03000000000002956,2.6399999999999864,0.0,0.010000000000019327,0.30000000000001137,2.1299999999999955,3.4399999999999693,0.0,0.18999999999999773,1.58,0.0
2016-02-12,4,0.0,0.5400000000000205,0.0,0.13999999999998636,7.219999999999999,0.8799999999999955,17.189999999999998,0.0,0.0,2.069999999999993,0.040000000000020464,0.0,0.06999999999999318,12.969999999999999,0.0,10.949999999999989,0.0,0.0,0.19999999999998863,0.5600000000000023,0.0,0.07000000000005002,0.0,0.0,0.22999999999998977,2.13,20.12
2016-02-13,4,7.439999999999998,0.12999999999999545,0.0,0.0,4.389999999999986,28.129999999999995,6.819999999999993,7.800000000000011,0.0,4.680000000000007,0.4900000000000091,0.5100000000000193,0.15000000000000568,0.37000000000000455,0.5800000000000125,0.12000000000000455,0.0,0.1500000000000341,0.660000000000025,0.0,0.05000000000001137,0.7599999999999909,0.0,0.27000000000003865,0.009999999999990905,2.54,20.52
2016-02-14,4,0.8700000000000045,1.8700000000000045,0.0,0.03999999999996362,0.0,1.6500000000000057,0.060000000000002274,0.0,0.0,27.159999999999997,2.170000000000016,0.12000000000000455,0.2599999999999909,0.0,2.049999999999997,0.0,0.6000000000000227,0.3499999999999659,2.109999999999957,0.06999999999999318,0.10999999999998522,0.0,0.06999999999999318,0.03999999999996362,0.18000000000000682,1.59,3.84
2016-02-15,4,8.48999999999998,5.949999999999989,0.8299999999999841,0.03000000000002956,0.0,0.0,0.35000000000002274,0.11999999999999034,0.0,0.0,4.139999999999986,0.0,8.219999999999999,0.04999999999999716,0.0,0.0,0.8799999999999955,0.0,1.1299999999999955,0.0,0.789999999999992,3.8600000000000136,0.05000000000001137,0.009999999999990905,0.18999999999999773,1.4,0.08
2016-02-16,4,0.7100000000000364,0.27000000000001023,30.370000000000005,0.2400000000000091,0.0,0.45999999999997954,7.189999999999998,0.3100000000000023,0.01999999999998181,0.0,30.0,0.4199999999999875,10.25,0.010000000000005116,23.72,0.3499999999999943,1.599999999999966,0.0,0.0,2.519999999999982,0.05000000000001137,0.009999999999990905,0.1400000000000432,34.450000000000045,0.0,5.72,0.08
2016-02-17,4,0.3599999999999568,1.289999999999992,10.490000000000009,0.06999999999999318,0.0,0.13000000000002387,39.52999999999997,0.2799999999999869,5.0400000000000205,0.28000000000000114,0.29000000000002046,0.1599999999999966,0.2599999999999909,0.01999999999999602,12.83999999999999,2.1200000000000045,0.12000000000000455,0.0,0.0,2.380000000000024,1.3199999999999932,3.069999999999993,0.029999999999972715,10.569999999999993,0.030000000000001137,3.63,0.13
2016-02-18,4,0.6299999999999955,3.240000000000009,0.0,0.009999999999990905,0.3400000000000034,0.009999999999990905,1.4800000000000182,0.0,7.889999999999986,2.4799999999999898,0.2999999999999545,0.0,0.0,8.129999999999995,0.0,0.0,0.0,0.0,2.1300000000000523,0.04999999999998295,0.06999999999999318,0.0,48.99000000000001,0.18999999999999773,0.010000000000019327,3.04,0.81
2016-02-19,4,0.7900000000000205,0.0,1.589999999999975,0.8899999999999864,5.780000000000001,1.009999999999991,0.3100000000000023,0.040000000000020464,33.28,0.11000000000001364,0.6000000000000227,0.0,0.0,2.6000000000000085,0.0,0.09000000000000341,5.0400000000000205,0.0,2.3699999999999477,0.0,0.0,0.009999999999990905,8.230000000000018,0.3199999999999932,0.009999999999990905,2.52,0.1
2016-02-20,4,0.09000000000003183,0.4199999999999875,4.310000000000002,6.520000000000039,1.1200000000000045,2.640000000000015,0.9399999999999977,0.549999999999983,19.0,1.1999999999999886,0.5,0.0,0.6500000000000057,0.3499999999999943,0.4300000000000068,0.19999999999998863,1.829999999999984,0.020000000000038654,0.0,0.0,0.0,0.160000000000025,0.3499999999999659,0.040000000000020464,0.0,1.65,0.02
2016-02-21,4,0.0,0.6500000000000057,0.2799999999999727,0.029999999999972715,4.799999999999983,4.219999999999999,0.009999999999990905,0.020000000000010232,2.289999999999992,0.18000000000000682,0.2400000000000091,0.18999999999999773,1.2800000000000011,0.12999999999999545,0.19999999999998863,0.6899999999999977,2.0,0.339999999999975,0.0,0.06999999999999318,3.3100000000000023,21.909999999999968,0.0,0.0,1.0,1.75,0.0
2016-02-22,4,0.0,2.539999999999992,0.9500000000000455,2.5500000000000114,0.37000000000000455,0.12999999999999545,0.0,0.0,0.36000000000001364,1.0699999999999932,0.0,1.2199999999999989,0.25,1.9500000000000028,9.27000000000001,0.0,10.689999999999998,0.2300000000000182,0.4200000000000159,0.060000000000002274,0.020000000000010232,2.6200000000000045,5.240000000000009,0.0,0.4099999999999966,1.61,0.0
2016-02-23,4,2.259999999999991,0.28000000000000114,1.0,1.079999999999984,0.0,0.0,1.1299999999999955,0.06999999999999318,2.0,2.8200000000000216,0.22999999999996135,18.200000000000017,0.28999999999999204,0.0,0.6599999999999966,0.12000000000000455,1.6000000000000227,1.759999999999991,0.01999999999998181,0.0,0.009999999999990905,0.0,2.1299999999999955,0.0999999999999659,0.020000000000010232,1.43,0.0
2016-02-24,4,0.0,0.0,0.029999999999972715,2.1200000000000045,4.140000000000015,0.0,2.430000000000007,0.8499999999999943,0.009999999999990905,6.529999999999973,0.6500000000000341,2.1799999999999784,0.020000000000010232,0.0,0.4800000000000182,0.18000000000000682,1.259999999999991,9.379999999999995,15.350000000000023,2.4099999999999966,0.6200000000000045,0.19999999999998863,16.189999999999998,0.8000000000000114,2.3700000000000045,2.73,0.0
2016-02-25,4,0.0,0.0,0.0,0.17000000000001592,1.2699999999999818,0.0,0.0,0.11000000000001364,0.040000000000020464,0.020000000000010232,0.3299999999999841,0.0,0.0,0.0,0.8299999999999841,0.8799999999999955,0.009999999999990905,16.939999999999998,5.720000000000027,0.7800000000000011,1.009999999999991,0.020000000000038654,2.069999999999993,0.589999999999975,2.9899999999999807,1.35,0.0
2016-02-26,4,1.759999999999991,1.6899999999999977,33.389999999999986,0.20999999999997954,0.0,0.0,0.0,0.009999999999990905,0.009999999999990905,0.0,0.0,0.0,0.0,14.560000000000002,0.18999999999999773,0.0,0.0,15.740000000000009,0.9699999999999704,0.0,0.11000000000001364,0.2999999999999545,0.009999999999990905,0.0,0.27000000000001023,2.77,0.0
2016-02-27,4,4.0,5.02000000000001,3.670000000000016,2.579999999999984,0.0,0.18999999999999773,21.529999999999973,0.0,0.05000000000001137,0.5300000000000011,0.0,0.30000000000001137,0.4200000000000159,0.4099999999999966,1.0,0.0,0.0,0.2699999999999818,0.0,0.0,1.490000000000009,0.0,0.35000000000002274,0.0,0.0,1.67,0.22
2016-02-28,4,0.01999999999998181,0.020000000000010232,1.259999999999991,5.6200000000000045,0.0,0.4099999999999966,2.240000000000009,4.030000000000001,0.06999999999999318,0.30000000000001137,0.040000000000020464,0.0,0.09999999999999432,9.02000000000001,22.26000000000002,0.0,3.569999999999993,0.35000000000002274,0.09000000000003183,0.0,0.6399999999999864,0.0,24.519999999999982,0.0,0.10999999999998522,2.99,5.61
2016-02-29,4,0.0,0.339999999999975,0.06999999999999318,0.0,0.0,2.670000000000016,0.0,10.379999999999995,0.8799999999999955,0.03999999999999204,6.839999999999975,0.22999999999998977,0.0,4.159999999999997,0.01999999999998181,0.0,4.0,1.4799999999999613,3.169999999999959,0.0,0.0,0.0,0.21000000000003638,3.420000000000016,0.18999999999999773,1.52,0.12
2016-03-01,5,8.509999999999991,0.0,0.020000000000038654,1.4800000000000182,0.0700000000000216,1.2299999999999898,0.05000000000001137,14.030000000000001,5.110000000000014,2.3300000000000125,7.420000000000016,0.5700000000000216,0.06999999999999318,0.27000000000001023,0.8799999999999955,0.030000000000001137,0.11000000000001364,3.330000000000041,0.6500000000000341,0.0,0.0,6.439999999999998,0.009999999999990905,0.4700000000000273,0.0,2.12,0.1
2016-03-02,5,6.300000000000011,0.0,21.46999999999997,0.0,1.3699999999999761,1.3199999999999932,0.13999999999998636,0.010000000000019327,1.1399999999999864,11.109999999999985,4.850000000000023,12.0,0.22999999999998977,7.0,0.6000000000000227,0.3400000000000034,6.899999999999977,0.589999999999975,0.0,3.2900000000000205,0.14000000000001478,0.0,0.11000000000001364,0.37000000000000455,2.700000000000017,3.28,0.07
2016-03-03,5,2.1000000000000227,0.010000000000019327,0.7700000000000387,0.0,0.0,0.0,12.670000000000016,3.859999999999985,0.6899999999999977,0.8700000000000045,0.06999999999999318,1.3499999999999943,1.3000000000000114,5.809999999999974,0.5999999999999943,6.8799999999999955,29.340000000000032,0.19999999999998863,1.829999999999984,36.21999999999997,0.5300000000000011,1.9500000000000455,4.67999999999995,7.7999999999999545,0.44999999999998863,4.8,0.27
2016-03-04,5,0.0,0.0,0.39999999999997726,0.0,0.0,0.0,0.0,1.1500000000000057,0.0,41.69999999999999,27.599999999999966,0.009999999999990905,0.0,0.28000000000000114,0.38999999999998636,0.0,0.0,0.11000000000001364,0.009999999999990905,0.6899999999999977,0.47999999999998977,17.810000000000002,0.17000000000001592,2.7700000000000387,0.0,3.74,2.73
2016-03-05,5,0.8999999999999773,0.0,1.3500000000000227,0.0,9.110000000000014,1.8700000000000045,0.25,0.009999999999990905,0.660000000000025,0.9699999999999989,0.03000000000002956,0.0,0.0,0.0700000000000216,0.6700000000000159,0.0,0.0,7.910000000000025,0.0,0.0,1.1200000000000045,0.9099999999999682,0.0,18.70999999999998,0.0,1.78,41.67
2016-03-06,5,0.4600000000000364,0.0,0.05999999999994543,0.03000000000002956,0.0,4.3700000000000045,27.70999999999998,0.0,0.3299999999999841,0.030000000000001137,0.2599999999999909,0.0,0.0,6.539999999999992,9.539999999999992,1.5900000000000034,0.20999999999997954,0.14999999999997726,0.0,0.0,0.0,0.2599999999999909,0.0,44.10000000000002,2.640000000000015,3.93,0.27
2016-03-07,5,0.06999999999999318,0.0,0.040000000000020464,0.0,2.069999999999993,0.009999999999990905,0.060000000000002274,0.0,0.12000000000000455,0.0,0.12000000000000455,0.18000000000000682,0.009999999999990905,2.3400000000000034,0.0,13.900000000000006,0.12000000000000455,0.0,1.3799999999999955,0.18999999999999773,0.9000000000000057,1.7700000000000387,0.06999999999999318,0.06999999999999318,12.049999999999983,1.42,0.0
2016-03-08,5,0.049999999999954525,0.18999999999999773,0.040000000000020464,0.46999999999997044,4.599999999999994,0.06999999999999318,0.040000000000020464,0.0,0.12999999999999545,0.0,0.0,2.3100000000000023,0.0,0.10999999999998522,1.4499999999999886,0.0,0.06999999999999318,0.0,0.8799999999999955,5.900000000000034,2.009999999999991,0.3299999999999841,0.18999999999999773,2.920000000000016,0.12000000000000455,0.88,0.29
2016-03-09,5,0.07000000000005002,0.10999999999998522,0.01999999999998181,1.740000000000009,0.0,0.9900000000000091,0.009999999999990905,0.0,0.0,28.870000000000005,0.37000000000000455,1.0300000000000011,0.18000000000000682,0.010000000000019327,4.0400000000000205,0.1699999999999875,0.0,17.920000000000016,0.0,0.0,0.1699999999999875,0.0,0.0,1.2899999999999636,0.0,2.28,0.36
2016-03-10,5,3.2999999999999545,0.0,0.009999999999990905,0.0,0.0,0.789999999999992,7.100000000000023,0.0,0.0,1.960000000000008,6.569999999999993,0.0,0.0,3.1899999999999977,3.539999999999992,8.700000000000017,0.0,0.2599999999999909,5.800000000000011,0.2699999999999818,0.0,0.0,0.0,0.13999999999998636,0.12000000000000455,1.67,0.02
2016-03-11,5,8.350000000000023,2.25,1.150000000000034,0.0,0.0,0.030000000000001137,4.5,0.0,10.199999999999989,1.490000000000009,0.21999999999997044,3.2099999999999795,0.0,0.0,7.1699999999999875,0.09999999999999432,0.009999999999990905,0.009999999999990905,0.060000000000002274,1.5300000000000296,0.0,0.0,0.0,0.0,39.35000000000002,3.19,0.0
2016-03-12,5,1.0,0.0,0.5999999999999659,0.5600000000000023,0.0,2.2900000000000205,24.55000000000001,0.0,12.019999999999982,0.0,0.0,20.900000000000034,0.0,0.009999999999990905,0.28000000000000114,0.6800000000000068,0.0,0.0,0.11000000000001364,0.0,21.850000000000023,0.0,14.689999999999998,0.010000000000047748,12.289999999999964,4.47,0.0
2016-03-13,5,0.07999999999998408,9.450000000000017,0.0,6.420000000000016,0.35000000000002274,0.0,14.389999999999986,0.030000000000001137,3.660000000000025,0.0,0.7100000000000364,3.0600000000000023,0.18000000000000682,0.05000000000001137,0.5100000000000193,37.629999999999995,0.0,0.060000000000002274,5.769999999999982,0.18999999999999773,0.22999999999996135,1.25,32.379999999999995,0.0,0.040000000000020464,4.66,0.02
2016-03-14,5,2.2900000000000205,1.3599999999999852,0.0,0.029999999999972715,0.2599999999999909,0.0,0.12999999999999545,0.11000000000001364,0.0,0.0,8.649999999999977,0.0,22.149999999999977,0.9899999999999807,3.4599999999999795,2.9099999999999966,2.740000000000009,0.2400000000000091,0.37999999999999545,0.0,0.0,0.12999999999999545,0.5800000000000409,0.0,0.0,1.86,0.02
2016-03-15,5,16.50999999999999,0.8400000000000034,0.0,4.5,0.04999999999998295,0.0,0.8799999999999955,0.0,2.0299999999999727,0.18999999999999773,0.3100000000000023,0.0,0.6700000000000159,11.210000000000008,3.180000000000007,0.0,0.0,0.0,1.759999999999991,0.009999999999990905,0.0,0.060000000000002274,9.939999999999998,0.0,0.7300000000000182,2.11,0.0
2016-03-16,5,0.03000000000002956,0.0,0.0,4.03000000000003,0.05000000000001137,0.0,0.3299999999999841,0.0,11.300000000000011,4.019999999999982,3.590000000000032,0.22999999999996135,0.0,58.80000000000001,0.0,0.7800000000000011,14.410000000000025,7.099999999999966,3.910000000000025,0.0,0.07000000000005002,0.08999999999997499,30.939999999999998,0.0,0.0,5.59,0.0
2016-03-17,5,2.42999999999995,0.0,0.2300000000000182,0.0,4.849999999999994,12.199999999999989,13.28000000000003,0.9499999999999886,0.12000000000000455,1.3100000000000023,0.029999999999972715,2.25,0.6100000000000136,3.039999999999992,0.0,0.0,1.009999999999991,0.28000000000002956,0.01999999999998181,2.680000000000007,1.9499999999999886,0.20000000000004547,0.9799999999999613,16.629999999999995,0.0,2.6,0.0
2016-03-18,5,0.0,1.3000000000000114,0.0,0.0,1.25,5.389999999999986,1.919999999999959,0.0,0.0,0.0,0.660000000000025,0.11000000000001364,2.8799999999999955,1.5199999999999818,13.310000000000002,7.490000000000009,0.0,4.829999999999984,7.580000000000041,0.30000000000001137,4.560000000000002,0.0,0.0,2.009999999999991,0.7299999999999613,2.23,1.92
2016-03-19,5,9.310000000000002,2.3400000000000034,2.659999999999968,0.05999999999994543,0.2300000000000182,0.0,2.3000000000000114,18.05000000000001,0.0,0.0,1.0499999999999545,0.18999999999999773,0.0,0.7599999999999909,0.0,0.0,0.0,0.0,0.16999999999995907,0.15999999999996817,8.609999999999957,0.25,0.0,0.22999999999996135,0.0,1.85,0.0
2016-03-20,5,0.0,0.9799999999999898,31.310000000000002,0.0,0.11999999999997613,0.0,0.06999999999999318,16.25999999999999,2.319999999999993,0.0,0.0,0.0,0.0,2.1000000000000227,0.0,0.07999999999998408,0.06999999999999318,0.0,3.920000000000016,3.8700000000000045,0.0,0.0,14.430000000000007,1.4500000000000455,2.75,3.19,0.0
2016-03-21,5,0.0,6.1299999999999955,0.0,0.30000000000001137,0.010000000000019327,0.0,2.730000000000018,4.259999999999991,1.0699999999999932,0.2599999999999909,0.0,0.0,0.0,6.490000000000009,0.0,0.0,0.0,0.0,6.550000000000011,4.670000000000016,0.2300000000000182,0.0,2.2600000000000477,2.0499999999999545,0.06999999999999318,1.48,0.0
2016-03-22,5,0.05000000000001137,20.689999999999998,0.05000000000001137,0.09000000000003183,0.0,0.0,3.259999999999991,0.9000000000000057,0.0,3.3500000000000227,12.370000000000005,0.34000000000003183,0.0,1.329999999999984,0.0,0.3499999999999943,0.0,0.0,0.0,0.0,0.17000000000001592,0.1199999999999477,0.1099999999999568,0.0,0.0,1.73,0.0
2016-03-23,5,0.040000000000020464,1.829999999999984,0.0,0.009999999999990905,0.0,8.640000000000015,0.2400000000000091,0.5,3.5300000000000296,0.06999999999999318,0.06999999999999318,4.139999999999986,0.39999999999997726,0.30000000000001137,0.18000000000000682,0.3900000000000148,0.0,0.0,0.3100000000000023,0.0,0.0,24.83000000000004,0.0,1.9300000000000068,0.34000000000003183,1.91,0.86
2016-03-24,5,0.0,4.140000000000043,0.5500000000000114,21.899999999999977,3.519999999999982,2.5600000000000023,1.829999999999984,0.0,0.8899999999999864,0.009999999999990905,0.020000000000038654,0.01999999999998181,20.980000000000018,0.0,0.18999999999999773,0.0,0.0,0.0,16.80000000000001,0.0,0.0,0.39999999999997726,0.0,3.1000000000000227,0.06999999999999318,3.08,0.16
2016-03-25,5,0.0,9.079999999999984,30.160000000000025,13.650000000000034,0.21999999999999886,19.950000000000017,0.7200000000000273,0.7900000000000205,0.0,13.220000000000027,0.0,0.18000000000000682,8.480000000000018,31.029999999999973,1.4399999999999977,1.829999999999984,0.029999999999972715,0.0,2.099999999999966,0.009999999999990905,4.269999999999982,0.05000000000001137,0.5500000000000114,0.05000000000001137,8.439999999999998,5.85,0.19
2016-03-26,5,22.30000000000001,2.6999999999999886,0.9499999999999886,0.0,0.0,12.46999999999997,0.0,1.7299999999999898,0.0,0.37000000000000455,0.0,0.12000000000000455,0.01999999999998181,0.0,0.0,2.180000000000007,2.7000000000000455,1.3899999999999864,0.0,0.0,0.009999999999990905,0.6700000000000159,7.670000000000016,0.0,11.990000000000009,2.69,0.0
2016-03-27,5,7.079999999999984,3.2099999999999795,4.769999999999982,0.0,0.010000000000019327,4.8799999999999955,3.3000000000000114,3.579999999999984,2.910000000000025,0.0,0.0,0.01999999999998181,2.3100000000000023,0.0,1.5300000000000011,0.7299999999999898,1.1399999999999864,0.08000000000004093,0.0,0.0,0.0,1.829999999999984,0.06999999999999318,0.0,0.19999999999998863,1.51,0.0
2016-03-28,5,0.0,0.9000000000000341,2.7900000000000205,3.1499999999999773,0.0,0.0,2.019999999999982,0.0,1.849999999999966,0.2999999999999545,0.03999999999996362,0.9600000000000364,0.0,0.0,0.4099999999999966,0.28000000000000114,0.0,0.0,0.0,0.029999999999972715,11.54000000000002,0.0,0.009999999999990905,0.0,0.5299999999999727,0.99,0.0
2016-03-29,5,2.240000000000009,0.009999999999990905,0.12000000000000455,0.06999999999999318,0.0,0.30000000000001137,23.50999999999999,0.0,0.0,1.3400000000000318,0.0,6.579999999999984,0.0,0.0,0.030000000000001137,0.0,0.18000000000000682,0.03999999999996362,0.4900000000000091,0.010000000000047748,0.0,0.30000000000001137,0.0,3.5399999999999636,3.2100000000000364,1.68,0.36
2016-03-30,5,4.96999999999997,0.0,7.96999999999997,0.0,0.5600000000000023,0.06999999999999318,17.56000000000006,0.0,0.12000000000000455,2.019999999999982,0.0,0.0,0.0,0.0,1.5900000000000034,0.0,0.4900000000000091,0.0,0.0,8.389999999999986,0.0,3.3899999999999864,2.680000000000007,0.07000000000005002,0.0,2.0,0.0
2016-03-31,5,1.420000000000016,0.0,3.3899999999999864,2.900000000000034,4.519999999999982,0.0,0.7299999999999045,0.0700000000000216,11.920000000000016,0.8100000000000023,0.6400000000000432,0.0,0.0,1.3100000000000023,0.06999999999999318,0.040000000000020464,0.0,0.0,0.05000000000001137,0.5999999999999659,0.0,0.06999999999999318,0.0,0.18999999999999773,0.0,1.15,0.0
2016-04-01,6,0.0,0.0,4.560000000000002,34.56999999999999,0.0,0.0,0.0,0.0,2.4699999999999704,0.0,0.0,1.0,0.0,1.8100000000000023,0.0,0.0,0.0,0.0,0.22999999999996135,0.2300000000000182,0.0,0.11000000000001364,0.160000000000025,0.0,0.30000000000001137,1.82,0.0
2016-04-02,6,0.0,0.0,2.170000000000016,0.5099999999999909,0.0700000000000216,0.0,0.0,1.0300000000000011,0.4600000000000364,0.0,0.0,0.37000000000000455,0.0,0.0,0.0,0.0,1.4899999999999523,0.0,0.0,3.269999999999982,0.0,1.0199999999999818,0.01999999999998181,0.22999999999996135,0.22999999999996135,0.43,0.0
2016-04-03,6,0.0,0.0,4.740000000000009,0.0,0.0,13.170000000000016,0.0,0.0,0.5299999999999727,0.30000000000001137,1.7699999999999818,0.03999999999996362,0.009999999999990905,1.7100000000000364,0.05000000000001137,0.12000000000000455,0.0,0.0,1.2600000000000477,9.220000000000027,0.2300000000000182,0.6500000000000341,46.43999999999994,0.21000000000003638,0.0,3.22,5.39
2016-04-04,6,0.2300000000000182,0.009999999999990905,5.569999999999993,0.0,0.03999999999999204,36.110000000000014,12.509999999999991,0.0,0.2300000000000182,18.70999999999998,0.0,0.0,0.0,0.0,6.1200000000000045,0.13999999999998636,0.07000000000005002,0.0,1.17999999999995,0.12000000000000455,1.669999999999959,0.6399999999999864,2.5200000000000955,0.01999999999998181,0.9800000000000182,3.47,0.23
2016-04-05,6,0.12999999999999545,0.5300000000000296,1.1800000000000068,0.009999999999990905,0.0,1.829999999999984,7.440000000000055,0.0,0.9499999999999886,4.139999999999986,0.0,0.05000000000001137,0.30000000000001137,6.359999999999957,0.7299999999999898,0.15000000000000568,12.979999999999961,0.0,0.0,0.0,0.8799999999999955,11.810000000000002,0.12000000000000455,0.0,2.1399999999999864,2.07,0.0
2016-04-06,6,0.0,0.3499999999999659,0.0,0.0,0.13999999999998636,0.37000000000000455,1.1200000000000045,0.0,0.0,0.0,0.6399999999999864,9.340000000000032,0.12000000000000455,0.040000000000020464,0.12999999999999545,0.0,0.160000000000025,0.07000000000005002,0.07000000000005002,0.0,0.0,1.1800000000000068,0.0,14.550000000000011,4.830000000000041,1.32,2.06
2016-04-07,6,0.0,0.6100000000000136,0.0,0.44999999999998863,0.0,0.0,0.0,0.0,0.0,0.0,0.0,0.839999999999975,0.7099999999999795,0.9499999999999886,0.009999999999990905,0.0,0.0,0.0,1.4599999999999795,3.9499999999999886,2.0400000000000205,0.060000000000002274,0.8700000000000045,2.2899999999999636,0.9899999999999523,0.61,12.37
2016-04-08,6,1.4499999999999886,0.30000000000001137,0.06999999999999318,1.1899999999999977,12.280000000000001,0.0,0.12000000000000455,19.819999999999993,7.6299999999999955,0.25,10.370000000000005,0.0,0.0,0.0,0.9000000000000057,0.04999999999998295,0.0,0.0,1.009999999999991,3.519999999999982,3.259999999999991,0.0,0.75,0.0,0.9700000000000273,2.56,0.0
2016-04-09,6,3.2099999999999795,49.20999999999998,2.25,0.020000000000038654,8.160000000000025,0.0,0.8600000000000136,37.83000000000001,12.319999999999993,2.6200000000000045,1.9300000000000068,0.0,8.420000000000016,0.06999999999999318,6.75,1.1300000000000239,0.0,4.869999999999948,0.0,0.2300000000000182,-0.03999999999996362,0.06999999999999318,0.18999999999994088,0.0,0.0,5.6,0.0
2016-04-10,6,1.25,1.8799999999999955,35.129999999999995,0.0,32.43000000000001,1.0399999999999636,6.949999999999932,60.129999999999995,0.0,1.420000000000016,48.829999999999984,33.69999999999999,0.0,4.670000000000016,0.3499999999999943,60.81999999999999,0.0,7.350000000000023,0.12999999999999545,0.11000000000001364,0.9899999999999523,0.0,0.06000000000005912,0.0,0.0,11.89,0.1
2016-04-11,6,0.0,0.0,16.629999999999995,0.0,0.009999999999990905,0.5600000000000023,0.0,0.6599999999999682,0.0,0.4900000000000091,0.009999999999990905,9.100000000000023,0.0,4.360000000000014,0.010000000000019327,0.009999999999990905,5.1299999999999955,0.05000000000001137,4.050000000000011,0.0,14.630000000000052,0.0,0.2799999999999727,0.0,0.0,2.24,0.02
2016-04-12,6,0.0,0.009999999999990905,0.0,0.0,0.0,0.0,0.44000000000005457,0.0,0.0,0.0,0.010000000000047748,10.769999999999982,0.0,0.0,0.0,0.0,0.01999999999998181,0.0,1.5199999999999818,0.0,0.0,1.5399999999999636,0.6000000000000227,0.0,0.0,0.6,0.29
2016-04-13,6,0.0,31.720000000000027,0.20000000000004547,4.489999999999952,0.0,0.08000000000004093,0.0,0.0,7.28000000000003,0.0,0.37000000000000455,0.0,0.0,0.06999999999999318,0.0,6.600000000000023,0.0,7.699999999999989,0.0,0.0,54.69,0.010000000000047748,0.0,0.0,0.040000000000020464,4.53,2.74
2016-04-14,6,0.17000000000001592,66.35000000000002,1.0699999999999363,0.35000000000002274,0.15999999999996817,5.019999999999982,0.0,0.0,0.0,5.980000000000018,0.0,0.0,0.18999999999999773,0.0,0.0,4.240000000000009,0.0,41.81,2.069999999999993,0.009999999999990905,6.689999999999998,0.0,0.01999999999998181,0.010000000000047748,12.529999999999973,5.87,0.0
2016-04-15,6,0.0,0.40999999999996817,0.9100000000000819,1.5199999999999818,3.6000000000000227,0.0,0.0,0.0,0.0,44.44999999999999,0.0,13.560000000000002,0.0,2.3100000000000023,0.6599999999999966,1.2099999999999795,0.06999999999999318,0.36000000000001364,0.6100000000000136,13.779999999999973,0.0,0.0,1.2199999999999136,0.009999999999990905,0.05000000000001137,3.39,0.0
2016-04-16,6,1.1399999999999864,0.0,0.0,0.0,9.879999999999995,0.0,0.0,0.0,0.0,0.0,0.22999999999996135,23.129999999999995,0.0,12.019999999999982,0.8899999999999864,0.0,0.0,0.009999999999990905,0.0,0.0,0.060000000000002274,0.40999999999996817,0.0,0.12000000000000455,0.0,1.92,32.62
2016-04-17,6,0.0,-0.13999999999998636,0.0,15.689999999999998,22.05000000000001,2.579999999999984,1.2100000000000364,0.0,5.8799999999999955,5.670000000000016,2.4700000000000273,0.0,10.439999999999998,0.1400000000000432,10.330000000000013,5.829999999999984,0.6899999999999977,0.0,0.12000000000000455,0.8700000000000045,0.0,18.160000000000025,0.0,0.25,0.18000000000000682,4.1,22.52
2016-04-18,6,0.0,0.0,0.0,3.2800000000000296,0.0,0.0,0.09999999999990905,0.0,10.860000000000014,0.0,29.060000000000002,0.0,8.370000000000005,0.42999999999995,0.0,5.360000000000014,0.6500000000000341,0.0,0.8899999999999864,19.74000000000001,0.9699999999999704,0.07999999999998408,0.0,19.0,0.12999999999999545,3.96,7.33
2016-04-19,6,0.34000000000003183,3.0500000000000114,0.0,1.0,0.0,4.020000000000039,1.7800000000000864,0.0,6.8799999999999955,4.9599999999999795,57.210000000000036,17.55000000000001,0.0,0.05000000000001137,0.009999999999990905,0.0,15.269999999999982,0.05000000000001137,36.29000000000002,11.329999999999984,0.0,0.0,0.13000000000010914,8.720000000000027,0.11000000000001364,6.75,0.2
2016-04-20,6,6.6200000000000045,0.0,17.370000000000005,0.12000000000000455,0.11000000000001364,7.509999999999991,4.949999999999932,0.0,6.439999999999998,3.420000000000016,41.02999999999997,26.860000000000014,0.2699999999999818,0.0,0.0,0.0,0.0,0.1099999999999568,25.579999999999984,0.37000000000000455,0.18000000000000682,2.509999999999991,0.0,0.01999999999998181,19.319999999999993,6.51,0.01
2016-04-21,6,0.0,0.0,5.439999999999941,0.18000000000000682,0.0,1.3000000000000114,1.4200000000000728,0.18999999999999773,0.0,0.0,0.0,0.22999999999996135,0.0,2.490000000000009,0.0,0.009999999999990905,0.660000000000025,0.30000000000001137,0.6400000000000432,0.0,0.6499999999999773,0.07999999999998408,0.0,0.2400000000000091,9.449999999999989,0.93,15.61
2016-04-22,6,5.199999999999989,0.0,7.210000000000036,6.279999999999973,-0.05000000000001137,0.0,1.0599999999999454,0.12999999999999545,0.0,0.7199999999999704,0.0,0.0,0.0,0.36000000000001364,0.6500000000000057,0.8299999999999841,3.0499999999999545,9.0,0.40999999999996817,0.0,0.0,0.0,21.339999999999918,0.0,0.3100000000000023,2.26,0.0
2016-04-23,6,20.810000000000002,0.0,19.329999999999927,1.7200000000000273,0.0,4.4599999999999795,0.0,0.0,35.44999999999999,10.819999999999993,0.14999999999997726,0.0,16.04000000000002,25.870000000000005,9.990000000000009,5.670000000000016,0.0,1.3100000000000023,0.6100000000000136,0.0,2.890000000000043,0.0,4.6200000000000045,2.6100000000000136,0.7899999999999636,6.53,0.0
2016-04-24,6,0.0,0.12000000000000455,0.0,0.0,0.0,0.37000000000000455,0.0,0.0,0.08999999999997499,13.009999999999991,0.0,10.510000000000048,1.2199999999999704,0.14999999999997726,3.5299999999999727,0.0,0.12000000000000455,1.8400000000000318,0.0,6.7900000000000205,1.1099999999999568,1.3799999999999955,0.0,36.389999999999986,2.8100000000000023,3.18,0.0
2016-04-25,6,0.0,1.0699999999999932,0.650000000000091,0.0,0.0,0.0,0.6000000000000227,0.0,0.0,0.2300000000000182,19.24000000000001,0.0,9.78000000000003,3.0500000000000114,3.7900000000000205,0.0,4.6299999999999955,0.0,0.0,0.4700000000000273,0.18999999999999773,2.2600000000000477,0.15999999999996817,1.3299999999999272,5.910000000000025,2.13,0.0
2016-04-26,6,0.0,0.0,1.4399999999999409,1.240000000000009,0.0,0.0,0.0,3.7200000000000273,0.0,77.38,0.12000000000000455,5.909999999999968,5.599999999999966,5.550000000000011,1.9399999999999977,21.389999999999986,7.910000000000025,0.0,0.11000000000001364,5.309999999999945,0.0,3.589999999999975,0.3000000000000682,0.009999999999990905,0.0,5.66,0.07
2016-04-27,6,0.0,0.0,0.6900000000000546,3.6199999999999477,0.0,0.15999999999996817,0.0,0.9499999999999886,0.28000000000002956,0.0,0.0,3.1899999999999977,0.6100000000000136,0.15999999999996817,0.7200000000000273,45.610000000000014,0.7200000000000273,4.96999999999997,1.599999999999966,1.2000000000000455,0.0,0.19999999999998863,0.0,-0.13999999999998636,0.30000000000001137,2.59,3.21
2016-04-28,6,0.03999999999996362,0.01999999999998181,0.37999999999999545,1.2900000000000205,0.0,0.0,0.0,0.0,1.1399999999999864,0.7700000000000387,1.1000000000000227,0.2300000000000182,0.0,0.8400000000000318,0.0,25.560000000000002,3.6899999999999977,0.040000000000020464,34.35999999999996,0.0,0.0,0.0,11.18999999999994,0.0,0.16999999999995907,3.23,0.36
2016-04-29,6,0.12000000000000455,5.53000000000003,5.289999999999964,0.5799999999999841,7.8799999999999955,0.0,0.5799999999999272,0.8299999999999841,15.319999999999993,1.0599999999999454,3.849999999999909,5.779999999999973,0.0,0.12000000000000455,0.0,0.6999999999999886,0.3100000000000023,9.920000000000016,2.0300000000000864,0.01999999999998181,8.360000000000014,0.0,6.170000000000073,0.0,0.0,2.98,0.14
2016-04-30,6,0.020000000000038654,2.329999999999984,0.12000000000000455,0.4900000000000091,8.079999999999984,0.0,0.010000000000104592,0.0,23.069999999999993,0.4900000000000091,4.150000000000091,22.210000000000036,13.329999999999984,0.0,2.009999999999991,0.0,0.0,11.659999999999968,0.0,0.4900000000000091,3.6200000000000045,25.900000000000034,0.0,0.0,6.160000000000025,4.97,0.0
2016-05-01,7,0.009999999999990905,7.930000000000007,0.0,7.009999999999991,0.0,0.0,0.7199999999999136,2.3700000000000045,10.840000000000032,0.37000000000000455,0.2599999999999909,4.909999999999968,0.12000000000000455,0.0,10.729999999999961,0.35000000000002274,0.2599999999999909,0.2400000000000091,15.719999999999914,13.329999999999984,14.060000000000002,0.12000000000000455,0.6100000000000136,1.5500000000000682,9.300000000000011,4.03,0.0
2016-05-02,7,0.11000000000001364,0.4399999999999977,0.7200000000000273,0.0,0.0,0.2300000000000182,0.0,7.660000000000025,0.38999999999998636,0.8400000000000318,3.1100000000000136,1.5300000000000296,0.0,1.5,4.180000000000007,15.019999999999982,0.0,0.35000000000002274,15.610000000000014,0.0,1.0600000000000023,0.3499999999999659,0.0,14.240000000000009,24.289999999999964,3.67,3.05
2016-05-03,7,0.0,0.6800000000000068,0.11000000000001364,0.0,0.8400000000000318,0.0,2.4200000000000728,0.01999999999998181,0.589999999999975,0.0,0.0,8.519999999999982,0.0,3.1899999999999977,0.0,2.0,0.0,6.619999999999948,5.650000000000091,0.35000000000002274,0.37000000000000455,0.2300000000000182,0.0,0.01999999999998181,1.25,1.31,24.88
2016-05-04,7,3.159999999999968,0.029999999999972715,0.2299999999999045,0.0,1.4099999999999682,4.3700000000000045,7.089999999999918,0.0,0.0,0.0,0.0,0.01999999999998181,0.0,0.0,0.0,52.19999999999999,1.2899999999999636,2.8100000000000023,10.349999999999909,0.22999999999996135,20.730000000000018,4.769999999999982,0.0,0.0,0.07000000000005002,4.35,3.33
2016-05-05,7,2.759999999999991,0.34000000000003183,0.2599999999999909,0.0,5.069999999999993,14.53000000000003,2.7900000000000773,0.009999999999990905,0.0,0.0,0.0,0.0,18.410000000000025,0.0,0.0,0.060000000000002274,20.83000000000004,0.0,0.04000000000007731,8.400000000000034,2.4599999999999795,9.269999999999982,0.0,0.14999999999997726,2.0299999999999727,3.5,0.12
2016-05-06,7,0.11000000000001364,0.0,0.0,0.0,0.6500000000000341,10.629999999999995,1.1999999999999318,0.0,0.0,0.1099999999999568,0.12000000000000455,0.2300000000000182,0.12000000000000455,0.4199999999999591,0.0,0.25,0.0,0.0,0.009999999999990905,12.769999999999982,1.5400000000000205,1.8500000000000227,0.40999999999996817,17.409999999999968,9.899999999999977,2.31,2.93
2016-05-07,7,0.0,0.009999999999990905,0.0,0.0,0.0,0.8299999999999841,0.0,8.960000000000036,0.1300000000000523,7.53000000000003,4.25,1.7099999999999795,15.360000000000014,8.53000000000003,0.0,0.0,0.12000000000000455,16.630000000000052,0.0,0.8100000000000023,0.12000000000000455,1.7200000000000273,0.049999999999954525,0.0,0.0,2.67,0.0
2016-05-08,7,0.0,0.0,0.9300000000000637,0.0,0.23999999999995225,7.670000000000016,0.0,4.829999999999984,12.129999999999995,0.0,0.25,8.31000000000006,0.0,13.04000000000002,0.0,0.0,0.5199999999999818,0.0,0.9599999999999227,0.38999999999998636,0.1099999999999568,4.0,0.2599999999999909,10.149999999999977,0.0,2.55,0.0
2016-05-09,7,0.2400000000000091,12.099999999999966,9.659999999999968,0.03000000000002956,2.9700000000000273,1.8999999999999773,2.0300000000000864,4.740000000000009,0.0,0.0,0.12000000000000455,15.870000000000005,0.339999999999975,0.839999999999975,0.0,19.659999999999968,0.589999999999975,0.0,0.08000000000004093,7.850000000000023,2.0400000000000205,0.0,0.0,2.050000000000068,0.12000000000000455,3.33,0.0
2016-05-10,7,0.11000000000001364,0.7900000000000205,6.9500000000000455,0.9499999999999886,0.0,0.0,15.67999999999995,47.98000000000002,0.0,0.0,1.7999999999999545,0.0,2.8500000000000227,1.2900000000000205,0.8300000000000409,1.4300000000000637,0.9900000000000091,0.009999999999990905,0.2300000000000182,12.889999999999986,0.6200000000000045,0.47999999999996135,0.0,0.0,6.4500000000000455,4.09,18.44
2016-05-11,7,2.589999999999975,0.0,0.0,0.12000000000000455,0.0,1.490000000000009,0.11000000000001364,0.0,0.0,1.3199999999999932,0.11000000000001364,0.0,0.12000000000000455,2.909999999999968,3.2299999999999613,0.0,0.0,18.569999999999993,29.549999999999955,0.11000000000001364,9.689999999999998,0.0,0.35000000000002274,0.0,1.5299999999999727,2.87,0.38
2016-05-12,7,0.0,2.4699999999999704,0.0,0.0,0.0,2.0600000000000023,0.01999999999998181,0.0,0.0,0.0,0.9499999999999318,0.0,0.0,0.009999999999990905,3.1999999999999886,1.2999999999999545,0.0,18.739999999999952,0.15000000000009095,0.0,0.0,55.69,12.75,0.0,0.0,3.89,0.0
2016-05-13,7,0.0,0.0,0.0,0.0,0.2300000000000182,0.22999999999996135,0.12000000000000455,1.099999999999966,0.0,0.0,8.200000000000045,6.490000000000009,0.0,0.18000000000000682,32.07000000000005,0.0,0.0,0.2300000000000182,1.099999999999909,0.0,0.0,0.8400000000000318,0.0,3.92999999999995,0.01999999999998181,2.19,0.24
2016-05-14,7,0.0,0.0,7.189999999999941,7.649999999999977,56.45999999999998,0.0,3.1000000000000227,7.420000000000016,0.3499999999999659,0.0,34.960000000000036,4.939999999999941,0.0,20.340000000000032,51.21999999999997,6.280000000000086,0.0,1.32000000000005,0.0,0.14999999999997726,0.0,0.0,0.0,0.0,11.830000000000041,8.53,0.0
2016-05-15,7,0.6000000000000227,0.2300000000000182,0.13999999999998636,26.569999999999993,5.480000000000018,0.0,2.840000000000032,0.0,0.0,0.11000000000001364,0.01999999999998181,0.0,-0.12000000000000455,0.7999999999999545,34.610000000000014,0.2299999999999045,0.0,0.7400000000000091,0.25,0.009999999999990905,0.0,2.5,0.0,0.0,26.549999999999955,4.06,12.96
2016-05-16,7,9.039999999999964,0.0,1.7000000000000455,0.0,0.060000000000002274,12.090000000000032,0.36999999999989086,13.730000000000018,0.0,0.5799999999999841,0.0,0.0,16.0,0.07000000000005002,1.6399999999999864,0.34000000000003183,2.759999999999991,0.2299999999999045,0.8100000000000591,0.0,15.170000000000016,2.480000000000018,0.0,48.22000000000003,0.0,5.01,5.3
2016-05-17,7,20.24000000000001,0.0,0.9500000000000455,0.0,2.430000000000007,6.170000000000016,0.010000000000104592,1.5299999999999727,0.0,0.6200000000000045,0.0,0.35000000000002274,0.46999999999997044,0.06999999999999318,0.0,6.7999999999999545,0.2300000000000182,9.870000000000005,8.459999999999923,11.970000000000027,1.079999999999984,0.13999999999998636,0.0,0.15999999999996817,0.0,2.86,0.0
2016-05-18,7,0.11000000000001364,11.660000000000025,1.5299999999999727,1.5500000000000114,0.1199999999999477,8.789999999999964,0.0,0.2300000000000182,0.0,0.0,0.0,4.6200000000000045,0.0,29.099999999999966,0.0,0.2300000000000182,1.829999999999984,0.0,0.0,7.300000000000011,0.0,0.0,0.0,0.0,19.639999999999986,3.47,0.0
2016-05-19,7,8.329999999999984,18.620000000000005,0.14999999999997726,0.2300000000000182,41.53000000000003,0.0,1.4799999999999045,0.0,31.300000000000068,0.11000000000001364,0.12000000000000455,0.0,0.0,6.7000000000000455,2.8500000000000227,0.0,0.4600000000000364,0.6900000000000546,0.0,0.25,1.420000000000016,0.12999999999999545,2.6000000000000227,0.0,2.300000000000068,4.77,0.0
2016-05-20,7,10.009999999999991,13.879999999999995,0.0,0.12000000000000455,1.0299999999999727,0.0,7.1299999999999955,0.0,2.8299999999999272,0.0,0.5699999999999363,3.9600000000000364,0.0,2.67999999999995,2.9499999999999886,0.0,0.12000000000000455,0.0,0.0,22.389999999999986,0.23999999999995225,0.12000000000000455,39.75999999999999,0.0,0.0,4.31,0.0
2016-05-21,7,1.9399999999999977,10.799999999999955,0.0,7.579999999999984,0.0,0.0,7.160000000000082,0.0,6.909999999999968,2.240000000000009,1.3000000000000682,0.12999999999999545,0.0,7.689999999999998,0.44999999999998863,0.0,0.7299999999999613,0.14999999999997726,0.0,0.8799999999999955,0.0,0.0,1.8500000000000227,0.11000000000001364,0.0,2.0,0.0
2016-05-22,7,18.140000000000043,37.92000000000007,2.269999999999982,2.1399999999999864,0.0,0.0,0.0,24.74000000000001,0.0,0.8299999999999841,0.0,0.0,0.0,8.130000000000052,9.829999999999984,0.2300000000000182,0.0,0.03999999999996362,0.8400000000000318,0.9200000000000159,0.0,0.2300000000000182,0.0,0.7300000000000182,0.5,4.3,0.0
2016-05-23,7,0.7599999999999909,0.12000000000000455,2.590000000000032,8.970000000000027,0.11000000000001364,0.0,8.610000000000014,4.96999999999997,0.2400000000000091,2.25,0.0,0.6999999999999318,57.110000000000014,0.8099999999999454,7.8700000000000045,0.0,0.0,0.5200000000000955,12.25,4.769999999999982,0.9400000000000546,52.45999999999992,0.0,0.009999999999990905,5.529999999999973,6.86,0.0
2016-05-24,7,6.019999999999982,0.0,0.0,4.07000000000005,0.0,2.3799999999999955,0.0,0.0,3.1000000000000227,0.11000000000001364,0.0,0.2599999999999909,0.05000000000001137,0.4800000000000182,2.840000000000032,0.0,0.0,0.0,0.7000000000000455,0.0,12.399999999999977,7.690000000000055,0.0,0.0,0.13999999999998636,1.61,19.68
2016-05-25,7,45.31,0.0,0.4900000000000091,0.599999999999909,0.009999999999990905,0.11000000000001364,0.0,0.0,4.810000000000059,0.0,0.12999999999999545,0.0,0.0,2.480000000000018,0.0,1.4300000000000637,0.0,0.11000000000001364,0.0,0.0,0.839999999999975,10.029999999999973,-0.11000000000001364,1.5199999999999818,0.12000000000000455,2.72,0.01
2016-05-26,7,0.0,0.0,0.0,3.5400000000000773,0.0,0.0,11.829999999999927,0.0,0.2699999999999818,0.0,8.220000000000027,0.0,9.180000000000007,0.12000000000000455,0.38999999999998636,8.339999999999918,3.8100000000000023,10.93999999999994,0.13999999999998636,32.82000000000005,0.0,0.39999999999997726,0.0,0.12000000000000455,0.37000000000000455,3.62,0.92
2016-05-27,7,0.0,0.0,1.3099999999999454,6.25,0.0,0.0,2.410000000000082,0.0,0.0,2.7099999999999795,4.989999999999895,0.0,6.0499999999999545,0.5299999999999727,3.7900000000000205,0.4600000000000364,25.189999999999998,1.17999999999995,0.0,4.610000000000014,0.9500000000000455,0.0,0.0,0.0,0.0,2.42,0.0
2016-05-28,7,0.0,2.9599999999999227,0.0,0.0,35.56999999999999,16.45999999999998,0.11999999999989086,0.11000000000001364,0.2599999999999909,0.9399999999999977,5.590000000000032,0.0,2.180000000000007,0.0,0.339999999999975,0.0,6.770000000000039,0.0,7.220000000000027,0.10999999999989996,0.0,0.0,0.12000000000000455,5.279999999999973,0.7200000000000273,3.39,0.0
2016-05-29,7,0.13999999999998636,8.649999999999977,0.0,0.0,4.75,0.25,0.0,0.0,20.600000000000023,0.2300000000000182,0.0,0.05000000000006821,0.12000000000000455,1.1000000000000227,0.0,0.0,0.3499999999999659,3.07000000000005,3.4599999999999227,1.1800000000000637,0.0,0.009999999999990905,20.970000000000027,0.34000000000003183,1.8799999999999955,2.69,0.36
2016-05-30,7,5.779999999999973,17.99000000000001,4.150000000000091,24.279999999999973,0.37000000000000455,0.0,0.6000000000000227,0.0,0.34999999999990905,0.0,0.0,0.009999999999990905,0.11000000000001364,39.00999999999999,0.0,0.12000000000000455,0.11000000000001364,0.92999999999995,0.7200000000000273,12.409999999999968,0.0,0.2700000000000955,36.049999999999955,0.0,0.0,5.73,0.0
2016-05-31,7,0.0,0.0,0.0,1.17999999999995,0.12000000000000455,3.080000000000041,5.790000000000077,0.0,0.0,0.0,0.12000000000000455,0.0,0.0,2.240000000000009,26.19999999999999,0.0,0.0,0.0,0.0,1.07000000000005,2.159999999999968,7.149999999999977,0.8400000000000318,0.7000000000000455,0.0,2.03,0.0
2016-06-01,8,0.0,0.0,0.12000000000000455,0.9500000000000455,0.0,1.8700000000000045,0.0,0.0,0.8300000000000409,0.009999999999990905,0.11000000000001364,0.0,38.99999999999994,43.65999999999997,30.49000000000001,0.0,0.0,0.11000000000001364,0.009999999999990905,0.0,25.629999999999995,6.339999999999918,10.299999999999955,0.0,0.0,6.38,0.0
2016-06-02,8,0.0,0.0,0.10999999999989996,0.6000000000000227,5.32000000000005,0.12000000000000455,0.0,0.8600000000000136,0.2300000000000182,0.0,1.419999999999959,0.0,1.4300000000000637,-0.13999999999998636,16.52000000000004,0.0,0.0,1.2800000000000864,0.0,0.0,0.0,1.07000000000005,2.6700000000000728,0.6100000000000136,29.00999999999999,2.44,0.21
